id,name_en,name_ja,weapon_type,previous_en,rarity,attack,affinity,defense,element1,element1_attack,element2,element2_attack,element_hidden,slot_1,slot_2,slot_3,kinsect_bonus,phial,phial_power,shelling,shelling_level
1,Buster Sword I,,great-sword,,1,384,0,,,,,,FALSE,0,0,0,,,,,
2,Buster Sword II,,great-sword,Buster Sword I,1,432,0,,,,,,FALSE,0,0,0,,,,,
3,Buster Sword III,,great-sword,Buster Sword II,2,480,0,,,,,,FALSE,0,0,0,,,,,
4,Buster Blade I,,great-sword,Buster Sword III,3,576,0,,,,,,FALSE,0,0,0,,,,,
5,Buster Blade II,,great-sword,Buster Blade I,4,624,0,,,,,,FALSE,0,0,0,,,,,
6,Buster Blade III,,great-sword,Buster Blade II,5,672,0,,Poison,240,,,TRUE,0,0,0,,,,,
7,Chrome Razor I,,great-sword,Buster Blade III,6,720,0,,Poison,330,,,TRUE,1,0,0,,,,,
8,Chrome Razor II,,great-sword,Chrome Razor I,6,864,0,,Poison,420,,,TRUE,2,0,0,,,,,
9,Nergal Judicator,,great-sword,Chrome Razor I,7,912,0,,Dragon,120,,,FALSE,1,0,0,,,,,
10,Purgation's Atrocity,,great-sword,Nergal Judicator,8,1008,0,,Dragon,150,,,FALSE,1,0,0,,,,,
11,Thunder Blade I,,great-sword,Buster Sword III,3,528,0,,Thunder,120,,,FALSE,0,0,0,,,,,
12,Thunder Blade II,,great-sword,Thunder Blade I,4,624,0,,Thunder,150,,,FALSE,0,0,0,,,,,
13,Lightning Punisher I,,great-sword,Thunder Blade II,5,672,0,,Thunder,180,,,FALSE,0,1,0,,,,,
14,Lightning Punisher II,,great-sword,Lightning Punisher I,6,816,0,,Thunder,210,,,FALSE,0,1,0,,,,,
15,Lightning Punisher III,,great-sword,Lightning Punisher II,6,912,0,,Thunder,240,,,FALSE,0,1,0,,,,,
16,Freeze Blade I,,great-sword,Thunder Blade I,4,576,0,,Ice,240,,,FALSE,0,0,0,,,,,
17,Freeze Blade II,,great-sword,Freeze Blade I,5,624,0,,Ice,270,,,FALSE,1,0,0,,,,,
18,Frost Blaze I,,great-sword,Freeze Blade II,6,720,0,,Ice,330,,,FALSE,0,1,0,,,,,
19,Frost Blaze II,,great-sword,Frost Blaze I,6,768,0,,Ice,390,,,FALSE,0,0,1,,,,,
20,Jagras Blade I,,great-sword,Buster Sword II,2,528,0,,,,,,FALSE,0,0,0,,,,,
21,Jagras Blade II,,great-sword,Jagras Blade I,3,576,0,,,,,,FALSE,0,0,0,,,,,
22,Jagras Blade III,,great-sword,Jagras Blade II,4,672,0,,,,,,FALSE,0,0,0,,,,,
23,Jagras Hacker I,,great-sword,Jagras Blade III,5,816,0,,Ice,210,,,TRUE,2,0,0,,,,,
24,Jagras Hacker II,,great-sword,Jagras Hacker I,6,864,0,,Ice,240,,,TRUE,0,2,0,,,,,
25,Jagras Hacker III,,great-sword,Jagras Hacker II,6,912,0,,Ice,300,,,TRUE,0,0,2,,,,,
26,Girros Blade I,,great-sword,Jagras Blade I,3,528,15,,Paralysis,210,,,FALSE,0,0,0,,,,,
27,Girros Blade II,,great-sword,Girros Blade I,4,624,15,,Paralysis,240,,,FALSE,0,0,0,,,,,
28,Malady's Kiss I,,great-sword,Girros Blade II,5,672,20,,Paralysis,270,,,FALSE,0,0,0,,,,,
29,Malady's Kiss II,,great-sword,Malady's Kiss I,6,720,20,,Paralysis,360,,,FALSE,0,0,0,,,,,
30,Malady's Kiss III,,great-sword,Malady's Kiss II,6,768,20,,Paralysis,450,,,FALSE,0,0,0,,,,,
31,Lava Blaze I,,great-sword,Malady's Kiss I,6,768,0,,Fire,270,,,FALSE,1,1,0,,,,,
32,Lava Blaze II,,great-sword,Lava Blaze I,7,864,0,,Fire,330,,,FALSE,0,2,0,,,,,
33,Blooming Blade I,,great-sword,Buster Sword II,2,528,0,,Poison,240,,,FALSE,0,0,0,,,,,
34,Blooming Blade II,,great-sword,Blooming Blade I,3,576,0,,Poison,300,,,FALSE,0,0,0,,,,,
35,Blooming Blade III,,great-sword,Blooming Blade II,4,624,0,,Poison,360,,,FALSE,0,0,0,,,,,
36,Datura Blaze I,,great-sword,Blooming Blade III,5,720,0,,Poison,420,,,FALSE,2,0,0,,,,,
37,Datura Blaze II,,great-sword,Datura Blaze I,6,768,0,,Poison,480,,,FALSE,2,0,0,,,,,
38,Datura Blaze III,,great-sword,Datura Blaze II,6,816,0,,Poison,540,,,FALSE,1,1,0,,,,,
39,Flame Blade I,,great-sword,Blooming Blade I,4,672,10,,Fire,120,,,FALSE,0,0,0,,,,,
40,Flame Blade II,,great-sword,Flame Blade I,5,720,10,,Fire,150,,,FALSE,0,0,0,,,,,
41,Red Wing,,great-sword,Flame Blade II,6,768,15,,Fire,180,,,FALSE,1,0,0,,,,,
42,Blue Wing,,great-sword,Red Wing,7,816,15,,Fire,210,,,FALSE,1,0,0,,,,,
43,Rathalos Glinsword,,great-sword,Blue Wing,8,912,15,,Fire,240,,,FALSE,1,0,0,,,,,
44,Bone Blade I,,great-sword,,1,480,0,,,,,,FALSE,0,0,0,,,,,
45,Bone Blade II,,great-sword,Bone Blade I,1,528,0,,,,,,FALSE,0,0,0,,,,,
46,Bone Blade III,,great-sword,Bone Blade II,2,576,0,,,,,,FALSE,0,0,0,,,,,
47,Bone Slasher I,,great-sword,Bone Blade III,3,672,0,,,,,,FALSE,0,0,0,,,,,
48,Bone Slasher II,,great-sword,Bone Slasher I,4,720,0,,,,,,FALSE,0,0,0,,,,,
49,Bone Slasher III,,great-sword,Bone Slasher II,5,768,0,,Ice,180,,,TRUE,0,1,0,,,,,
50,Giant Jawblade I,,great-sword,Bone Slasher III,6,816,0,10,Ice,240,,,TRUE,0,1,0,,,,,
51,Giant Jawblade II,,great-sword,Giant Jawblade I,6,912,0,10,Ice,300,,,FALSE,0,0,1,,,,,
52,Hazak Kys,,great-sword,Giant Jawblade I,7,912,0,,Dragon,300,,,FALSE,0,1,0,,,,,
53,Leviathan's Fury,,great-sword,Hazak Kys,8,960,0,,Dragon,300,,,FALSE,0,1,0,,,,,
54,Flammenzahn,,great-sword,Bone Blade III,3,720,-30,,Fire,240,,,FALSE,0,0,0,,,,,
55,Flammenzahn+,,great-sword,Flammenzahn,5,864,-30,,Fire,300,,,FALSE,0,0,0,,,,,
56,Gnashing Flammenzahn,,great-sword,Flammenzahn+,7,1008,-30,,Fire,360,,,FALSE,0,0,0,,,,,
57,Aqua Slasher I,,great-sword,Bone Blade II,2,576,0,,Water,120,,,FALSE,0,0,0,,,,,
58,Aqua Slasher II,,great-sword,Aqua Slasher I,3,624,0,,Water,150,,,FALSE,0,0,0,,,,,
59,Aqua Slasher III,,great-sword,Aqua Slasher II,4,672,0,,Water,180,,,FALSE,0,0,0,,,,,
60,Water Golem I,,great-sword,Aqua Slasher III,5,768,0,,Water,240,,,FALSE,0,1,0,,,,,
61,Water Golem II,,great-sword,Water Golem I,6,816,0,,Water,270,,,FALSE,0,1,0,,,,,
62,Water Golem III,,great-sword,Water Golem II,6,912,0,,Water,300,,,FALSE,0,1,0,,,,,
63,Carapace Buster I,,great-sword,Bone Blade II,2,624,-20,10,,,,,FALSE,0,0,0,,,,,
64,Carapace Buster II,,great-sword,Carapace Buster I,3,672,-20,10,,,,,FALSE,0,0,0,,,,,
65,Carapace Buster III,,great-sword,Carapace Buster II,4,720,-20,10,,,,,FALSE,0,0,0,,,,,
66,Barroth Shredder I,,great-sword,Carapace Buster III,5,816,-20,15,Paralysis,270,,,TRUE,1,0,0,,,,,
67,Barroth Shredder II,,great-sword,Barroth Shredder I,6,864,-20,15,Paralysis,330,,,TRUE,2,0,0,,,,,
68,Barroth Shredder III,,great-sword,Barroth Shredder II,6,960,-20,15,Paralysis,390,,,TRUE,1,1,0,,,,,
69,Spiked Blade I,,great-sword,Carapace Buster I,3,624,0,15,Sleep,150,,,FALSE,0,0,0,,,,,
70,Spiked Blade II,,great-sword,Spiked Blade I,4,672,0,15,Sleep,180,,,FALSE,0,0,0,,,,,
71,Radobaan Slab I,,great-sword,Spiked Blade II,5,768,0,20,Sleep,210,,,FALSE,0,0,0,,,,,
72,Radobaan Slab II,,great-sword,Radobaan Slab I,6,816,0,20,Sleep,240,,,FALSE,0,0,0,,,,,
73,Radobaan Slab III,,great-sword,Radobaan Slab II,6,912,0,20,Sleep,270,,,FALSE,0,0,0,,,,,
74,Dragonbone Cleaver I,,great-sword,,3,480,0,,Dragon,270,,,FALSE,0,0,0,,,,,
75,Dragonbone Cleaver II,,great-sword,Dragonbone Cleaver I,4,576,0,,Dragon,330,,,FALSE,0,0,0,,,,,
76,Dragonbone Cleaver III,,great-sword,Dragonbone Cleaver II,6,768,0,,Dragon,420,,,FALSE,2,0,0,,,,,
77,Thundersword,,great-sword,Dragonbone Cleaver I,4,528,0,,Thunder,390,,,FALSE,0,0,0,,,,,
78,Kirin Thundersword,,great-sword,Thundersword,7,720,0,,Thunder,480,,,FALSE,0,0,0,,,,,
79,King Thundersword,,great-sword,Kirin Thundersword,8,768,0,,Thunder,540,,,FALSE,0,0,0,,,,,
80,Magda Potestas I,,great-sword,Dragonbone Cleaver I,5,768,-20,20,Blast,330,,,FALSE,0,1,0,,,,,
81,Magda Potestas II,,great-sword,Magda Potestas I,7,1056,-20,20,Blast,420,,,FALSE,0,1,0,,,,,
82,Blacksteel Chopper I,,great-sword,,5,480,10,,Dragon,90,,,FALSE,0,0,0,,,,,
83,Blacksteel Chopper II,,great-sword,Blacksteel Chopper I,6,576,10,,Dragon,120,,,FALSE,0,0,0,,,,,
84,Icesteel Edge,,great-sword,Blacksteel Chopper II,7,816,0,,Ice,210,,,FALSE,0,1,0,,,,,
85,Daora's Decimator,,great-sword,Icesteel Edge,8,864,10,,Ice,270,,,FALSE,0,1,0,,,,,
86,Xeno Maliq,,great-sword,Blacksteel Chopper II,8,816,15,,Dragon,210,,,FALSE,0,0,2,,,,,
87,Wyvern Jawblade,,great-sword,,6,864,0,20,Blast,240,,,TRUE,0,0,1,,,,,
88,Great Wyvern Jawblade,,great-sword,Wyvern Jawblade,8,960,0,20,Blast,330,,,TRUE,0,0,1,,,,,
89,Iron Katana I,,long-sword,,1,264,0,,,,,,FALSE,0,0,0,,,,,
90,Iron Katana II,,long-sword,Iron Katana I,1,297,0,,,,,,FALSE,0,0,0,,,,,
91,Iron Katana III,,long-sword,Iron Katana II,2,330,0,,,,,,FALSE,0,0,0,,,,,
92,Iron Grace I,,long-sword,Iron Katana III,3,363,0,,,,,,FALSE,0,0,0,,,,,
93,Iron Grace II,,long-sword,Iron Grace I,4,429,0,,,,,,FALSE,0,0,0,,,,,
94,Iron Grace III,,long-sword,Iron Grace II,5,462,0,,Water,120,,,TRUE,1,0,0,,,,,
95,Iron Gospel I,,long-sword,Iron Grace III,6,528,0,,Water,150,,,TRUE,1,0,0,,,,,
96,Iron Gospel II,,long-sword,Iron Gospel I,6,594,0,,Water,180,,,TRUE,2,0,0,,,,,
97,Nergal Reaver,,long-sword,Iron Gospel I,7,627,0,,Dragon,90,,,FALSE,1,0,0,,,,,
98,Extermination's Edge,,long-sword,Nergal Reaver,8,693,0,,Dragon,120,,,FALSE,1,0,0,,,,,
99,Flickering Glow I,,long-sword,Iron Katana III,3,429,0,,,,,,FALSE,0,0,0,,,,,
100,Flickering Glow II,,long-sword,Flickering Glow I,4,462,0,,,,,,FALSE,0,0,0,,,,,
101,Dazzling Flash I,,long-sword,Flickering Glow II,5,528,0,,Thunder,240,,,TRUE,0,1,0,,,,,
102,Dazzling Flash II,,long-sword,Dazzling Flash I,6,561,0,,Thunder,300,,,TRUE,0,0,1,,,,,
103,Dazzling Flash III,,long-sword,Dazzling Flash II,6,594,0,,Thunder,360,,,TRUE,0,0,1,,,,,
104,First Dance I,,long-sword,Iron Katana II,2,330,15,,,,,,FALSE,0,0,0,,,,,
105,First Dance II,,long-sword,First Dance I,3,363,15,,,,,,FALSE,0,0,0,,,,,
106,First Dance III,,long-sword,First Dance II,4,429,15,,,,,,FALSE,0,0,0,,,,,
107,Last Dance I,,long-sword,First Dance III,5,495,20,,Sleep,210,,,TRUE,0,0,0,,,,,
108,Last Dance II,,long-sword,Last Dance I,6,528,20,,Sleep,240,,,TRUE,0,0,0,,,,,
109,Last Dance III,,long-sword,Last Dance II,6,561,20,,Sleep,270,,,TRUE,0,0,0,,,,,
110,Brazenridge I,,long-sword,Last Dance I,6,594,-10,25,Fire,90,,,FALSE,0,0,1,,,,,
111,Brazenridge II,,long-sword,Brazenridge I,7,660,-10,30,Fire,120,,,FALSE,1,0,1,,,,,
112,"Wyvern Blade ""Leaf""",,long-sword,First Dance I,3,363,10,,Poison,240,,,FALSE,0,0,0,,,,,
113,"Wyvern Blade ""Verde""",,long-sword,"Wyvern Blade ""Leaf""",5,495,10,,Poison,270,,,FALSE,1,0,0,,,,,
114,"Wyvern Blade ""Holly""",,long-sword,"Wyvern Blade ""Verde""",7,627,10,,Poison,330,,,FALSE,1,0,0,,,,,
115,"Wyvern Blade ""Fall""",,long-sword,"Wyvern Blade ""Leaf""",4,396,15,,Fire,150,,,FALSE,0,0,0,,,,,
116,"Wyvern Blade ""Blood""",,long-sword,"Wyvern Blade ""Fall""",6,528,15,,Fire,180,,,FALSE,1,0,0,,,,,
117,"Wyvern Blade ""Azure""",,long-sword,"Wyvern Blade ""Blood""",7,561,15,,Fire,210,,,FALSE,1,0,0,,,,,
118,"Wyvern Blade ""Indigo""",,long-sword,"Wyvern Blade ""Azure""",8,627,15,,Fire,240,,,FALSE,1,0,0,,,,,
119,Bone Shotel I,,long-sword,,1,297,0,,,,,,FALSE,0,0,0,,,,,
120,Bone Shotel II,,long-sword,Bone Shotel I,1,330,0,,,,,,FALSE,0,0,0,,,,,
121,Bone Shotel III,,long-sword,Bone Shotel II,2,396,0,,,,,,FALSE,0,0,0,,,,,
122,Hard Bone Shotel I,,long-sword,Bone Shotel III,3,429,0,,,,,,FALSE,0,0,0,,,,,
123,Hard Bone Shotel II,,long-sword,Hard Bone Shotel I,4,495,0,,,,,,FALSE,0,0,0,,,,,
124,Hard Bone Shotel III,,long-sword,Hard Bone Shotel II,5,528,0,,Sleep,210,,,TRUE,1,0,0,,,,,
125,Bone Reaper I,,long-sword,Hard Bone Shotel III,6,561,0,10,Sleep,240,,,TRUE,0,1,0,,,,,
126,Bone Reaper II,,long-sword,Bone Reaper I,6,627,0,10,Sleep,270,,,TRUE,0,0,1,,,,,
127,Rookslayer Long Sword,,long-sword,Bone Reaper I,6,561,-10,,Blast,150,,,FALSE,2,0,0,,,,,
128,Bazel Varga Rookslayer,,long-sword,Rookslayer Long Sword,8,660,-10,,Blast,210,,,FALSE,2,0,0,,,,,
129,Blazing Shotel I,,long-sword,Bone Shotel III,3,462,-20,,Fire,150,,,FALSE,0,0,0,,,,,
130,Blazing Shotel II,,long-sword,Blazing Shotel I,4,528,-20,,Fire,210,,,FALSE,0,0,0,,,,,
131,Anja Scimitar I,,long-sword,Blazing Shotel II,5,594,-20,,Fire,270,,,FALSE,0,0,0,,,,,
132,Anja Scimitar II,,long-sword,Anja Scimitar I,6,660,-20,,Fire,330,,,FALSE,0,0,0,,,,,
133,Anja Scimitar III,,long-sword,Anja Scimitar II,6,693,-20,,Fire,390,,,FALSE,0,0,0,,,,,
134,Jyura Shotel I,,long-sword,Bone Shotel II,2,396,0,,Water,150,,,FALSE,0,0,0,,,,,
135,Jyura Shotel II,,long-sword,Jyura Shotel I,3,429,0,,Water,180,,,FALSE,0,0,0,,,,,
136,Jyura Shotel III,,long-sword,Jyura Shotel II,4,462,0,,Water,210,,,FALSE,0,0,0,,,,,
137,Dipterus I,,long-sword,Jyura Shotel III,5,495,0,,Water,240,,,FALSE,1,0,0,,,,,
138,Dipterus II,,long-sword,Dipterus I,6,561,0,,Water,300,,,FALSE,0,1,0,,,,,
139,Dipterus III,,long-sword,Dipterus II,6,627,0,,Water,360,,,FALSE,0,0,1,,,,,
140,Hazak Grosser I,,long-sword,Dipterus II,7,627,0,,Dragon,210,,,FALSE,0,1,0,,,,,
141,Hazak Grosser II,,long-sword,Hazak Grosser I,7,660,0,,Dragon,270,,,FALSE,0,1,0,,,,,
142,Pulsar Shotel I,,long-sword,Bone Shotel II,3,363,10,,Thunder,120,,,FALSE,0,0,0,,,,,
143,Pulsar Shotel II,,long-sword,Pulsar Shotel I,3,396,10,,Thunder,150,,,FALSE,0,0,0,,,,,
144,Pulsar Shotel III,,long-sword,Pulsar Shotel II,4,462,10,,Thunder,180,,,FALSE,0,0,0,,,,,
145,Kadachi Fang I,,long-sword,Pulsar Shotel III,5,528,15,,Thunder,210,,,FALSE,1,0,0,,,,,
146,Kadachi Fang II,,long-sword,Kadachi Fang I,6,561,15,,Thunder,240,,,FALSE,1,0,0,,,,,
147,Kadachi Fang III,,long-sword,Kadachi Fang II,6,594,15,,Thunder,270,,,FALSE,1,0,0,,,,,
148,Glacial Shotel I,,long-sword,Pulsar Shotel II,4,429,0,,Ice,210,,,FALSE,0,0,0,,,,,
149,Glacial Shotel II,,long-sword,Glacial Shotel I,5,462,0,,Ice,240,,,FALSE,0,0,0,,,,,
150,Stealer,,long-sword,Glacial Shotel II,6,495,0,,Ice,300,,,FALSE,0,0,0,,,,,
151,Legia Stealer,,long-sword,Stealer,8,528,0,,Ice,360,,,FALSE,0,0,0,,,,,
152,Dark Shotel I,,long-sword,Pulsar Shotel I,3,396,0,,,,,,FALSE,0,0,0,,,,,
153,Dark Shotel II,,long-sword,Dark Shotel I,4,429,0,,,,,,FALSE,0,0,0,,,,,
154,Dark Scimitar I,,long-sword,Dark Shotel II,5,462,0,,Paralysis,180,,,TRUE,0,1,0,,,,,
155,Dark Scimitar II,,long-sword,Dark Scimitar I,6,495,0,,Paralysis,210,,,TRUE,0,1,0,,,,,
156,Dark Scimitar III,,long-sword,Dark Scimitar II,6,528,0,,Paralysis,240,,,TRUE,0,1,0,,,,,
157,Dragonbone Stabber I,,long-sword,,3,330,0,,Dragon,270,,,FALSE,0,0,0,,,,,
158,Dragonbone Stabber II,,long-sword,Dragonbone Stabber I,4,363,0,,Dragon,330,,,FALSE,0,0,0,,,,,
159,Dragonbone Stabber III,,long-sword,Dragonbone Stabber II,6,528,0,,Dragon,420,,,FALSE,1,0,0,,,,,
160,Magda Facultas I,,long-sword,Dragonbone Stabber I,5,528,-20,20,Blast,300,,,FALSE,0,1,0,,,,,
161,Magda Facultas II,,long-sword,Magda Facultas I,7,726,-20,20,Blast,360,,,FALSE,0,1,0,,,,,
162,Blacksteel Long Sword I,,long-sword,,5,330,0,,Dragon,120,,,FALSE,0,0,0,,,,,
163,Blacksteel Long Sword II,,long-sword,Blacksteel Long Sword I,6,363,0,,Dragon,150,,,FALSE,0,0,0,,,,,
164,Imperial Saber,,long-sword,Blacksteel Long Sword II,7,561,0,,Blast,300,,,FALSE,0,0,0,,,,,
165,Imperial Shimmer,,long-sword,Imperial Saber,8,627,0,,Blast,300,,,FALSE,0,0,0,,,,,
166,Xeno Cypher,,long-sword,Blacksteel Long Sword II,8,594,15,,Dragon,180,,,FALSE,0,0,2,,,,,
167,Supremacy Blade,,long-sword,,6,561,0,20,Dragon,120,,,TRUE,0,0,1,,,,,
168,Divine Slasher,,long-sword,Supremacy Blade,8,693,0,20,Dragon,150,,,TRUE,0,0,1,,,,,
169,Azure Star Blade,,long-sword,,3,363,20,,Water,120,,,FALSE,0,0,0,,,,,
170,Hunter's Knife I,,sword-and-shield,,1,112,0,,,,,,FALSE,0,0,0,,,,,
171,Hunter's Knife II,,sword-and-shield,Hunter's Knife I,1,126,0,,,,,,FALSE,0,0,0,,,,,
172,Hunter's Knife III,,sword-and-shield,Hunter's Knife II,2,140,0,,,,,,FALSE,0,0,0,,,,,
173,Steel Knife I,,sword-and-shield,Hunter's Knife III,3,168,0,,,,,,FALSE,0,0,0,,,,,
174,Steel Knife II,,sword-and-shield,Steel Knife I,4,182,0,,,,,,FALSE,0,0,0,,,,,
175,Steel Knife III,,sword-and-shield,Steel Knife II,5,196,0,,Sleep,120,,,TRUE,1,0,0,,,,,
176,Chrome Slicer I,,sword-and-shield,Steel Knife III,6,224,0,,Sleep,150,,,TRUE,1,0,0,,,,,
177,Chrome Slicer II,,sword-and-shield,Chrome Slicer I,6,252,0,,Sleep,240,,,TRUE,2,0,0,,,,,
178,Nergal Jack,,sword-and-shield,Chrome Slicer I,7,280,0,,Dragon,120,,,FALSE,1,0,0,,,,,
179,Eradication Vanguard,,sword-and-shield,Nergal Jack,8,294,0,,Dragon,150,,,FALSE,1,0,0,,,,,
180,Flame Knife I,,sword-and-shield,Steel Knife I,4,182,10,,Fire,120,,,FALSE,0,0,0,,,,,
181,Flame Knife II,,sword-and-shield,Flame Knife I,5,196,10,,Fire,120,,,FALSE,1,0,0,,,,,
182,Heat Edge,,sword-and-shield,Flame Knife II,6,224,20,,Fire,150,,,FALSE,1,0,0,,,,,
183,Corona,,sword-and-shield,Heat Edge,7,266,20,,Fire,180,,,FALSE,1,0,0,,,,,
184,Heavy Bang,,sword-and-shield,Steel Knife I,4,210,0,20,,,,,FALSE,0,0,0,,,,,
185,Heavy Bang+,,sword-and-shield,Heavy Bang,6,252,0,20,Thunder,270,,,TRUE,0,1,0,,,,,
186,Master Bang,,sword-and-shield,Heavy Bang+,7,280,0,20,Thunder,330,,,TRUE,0,0,1,,,,,
187,Aqua Messer I,,sword-and-shield,Hunter's Knife II,2,140,0,,Water,90,,,FALSE,0,0,0,,,,,
188,Aqua Messer II,,sword-and-shield,Aqua Messer I,3,168,0,,Water,120,,,FALSE,0,0,0,,,,,
189,Aqua Messer III,,sword-and-shield,Aqua Messer II,4,196,0,,Water,150,,,FALSE,0,0,0,,,,,
190,Rogue Wave I,,sword-and-shield,Aqua Messer III,5,210,0,,Water,180,,,FALSE,0,1,0,,,,,
191,Rogue Wave II,,sword-and-shield,Rogue Wave I,6,224,0,,Water,210,,,FALSE,0,1,0,,,,,
192,Rogue Wave III,,sword-and-shield,Rogue Wave II,6,252,0,,Water,240,,,FALSE,0,1,0,,,,,
193,Glacial Grace I,,sword-and-shield,Aqua Messer II,4,182,0,,Ice,210,,,FALSE,0,0,0,,,,,
194,Glacial Grace II,,sword-and-shield,Glacial Grace I,5,196,0,,Ice,240,,,FALSE,1,0,0,,,,,
195,Rimespire,,sword-and-shield,Glacial Grace II,6,210,0,,Ice,300,,,FALSE,1,0,0,,,,,
196,Legia Rimespire,,sword-and-shield,Rimespire,8,224,0,,Ice,330,,,FALSE,1,0,0,,,,,
197,Princess Rapier,,sword-and-shield,Aqua Messer I,3,168,10,,Poison,150,,,FALSE,0,0,0,,,,,
198,Queen Rapier,,sword-and-shield,Princess Rapier,5,210,10,,Poison,180,,,FALSE,1,0,0,,,,,
199,Queen Rose,,sword-and-shield,Queen Rapier,6,238,10,,Poison,210,,,FALSE,1,0,0,,,,,
200,Royal Rose,,sword-and-shield,Queen Rose,7,266,10,,Poison,240,,,FALSE,1,0,0,,,,,
201,Lumu Knife I,,sword-and-shield,Aqua Messer I,3,168,0,,,,,,FALSE,0,0,0,,,,,
202,Lumu Knife II,,sword-and-shield,Lumu Knife I,4,182,0,,,,,,FALSE,0,0,0,,,,,
203,Lumu Tabar I,,sword-and-shield,Lumu Knife II,5,210,0,,Blast,270,,,TRUE,2,0,0,,,,,
204,Lumu Tabar II,,sword-and-shield,Lumu Tabar I,6,224,0,,Blast,300,,,TRUE,1,1,0,,,,,
205,Lumu Tabar III,,sword-and-shield,Lumu Tabar II,6,238,0,,Blast,330,,,TRUE,1,1,0,,,,,
206,Blooming Knife I,,sword-and-shield,Hunter's Knife II,2,154,0,,Poison,210,,,FALSE,0,0,0,,,,,
207,Blooming Knife II,,sword-and-shield,Blooming Knife I,3,182,0,,Poison,240,,,FALSE,0,0,0,,,,,
208,Blooming Knife III,,sword-and-shield,Blooming Knife II,4,196,0,,Poison,270,,,FALSE,0,0,0,,,,,
209,Datura Blossom I,,sword-and-shield,Blooming Knife III,5,210,0,,Poison,330,,,FALSE,1,1,0,,,,,
210,Datura Blossom II,,sword-and-shield,Datura Blossom I,6,224,0,,Poison,360,,,FALSE,1,1,0,,,,,
211,Datura Blossom III,,sword-and-shield,Datura Blossom II,6,238,0,,Poison,390,,,FALSE,1,1,0,,,,,
212,Girros Knife I,,sword-and-shield,Blooming Knife I,3,168,10,,Paralysis,120,,,FALSE,0,0,0,,,,,
213,Girros Knife II,,sword-and-shield,Girros Knife I,4,182,10,,Paralysis,150,,,FALSE,0,0,0,,,,,
214,Malady's Tabar I,,sword-and-shield,Girros Knife II,5,196,20,,Paralysis,180,,,FALSE,0,0,0,,,,,
215,Malady's Tabar II,,sword-and-shield,Malady's Tabar I,6,210,20,,Paralysis,210,,,FALSE,0,0,0,,,,,
216,Malady's Tabar III,,sword-and-shield,Malady's Tabar II,6,224,20,,Paralysis,240,,,FALSE,0,0,0,,,,,
217,Bone Kukri I,,sword-and-shield,,1,140,0,,,,,,FALSE,0,0,0,,,,,
218,Bone Kukri II,,sword-and-shield,Bone Kukri I,1,154,0,,,,,,FALSE,0,0,0,,,,,
219,Bone Kukri III,,sword-and-shield,Bone Kukri II,2,168,0,,,,,,FALSE,0,0,0,,,,,
220,Chief Kukri I,,sword-and-shield,Bone Kukri III,3,196,0,,,,,,FALSE,0,0,0,,,,,
221,Chief Kukri II,,sword-and-shield,Chief Kukri I,4,210,0,,,,,,FALSE,0,0,0,,,,,
222,Chief Kukri III,,sword-and-shield,Chief Kukri II,5,224,0,,Paralysis,180,,,TRUE,0,1,0,,,,,
223,Grand Barong I,,sword-and-shield,Chief Kukri III,6,238,0,10,Paralysis,240,,,TRUE,0,1,0,,,,,
224,Grand Barong II,,sword-and-shield,Grand Barong I,6,266,0,10,Paralysis,300,,,TRUE,0,0,1,,,,,
225,Spiked Edge I,,sword-and-shield,Bone Kukri III,3,182,0,15,Sleep,120,,,FALSE,0,0,0,,,,,
226,Spiked Edge II,,sword-and-shield,Spiked Edge I,4,196,0,15,Sleep,120,,,FALSE,0,0,0,,,,,
227,Baan Claw I,,sword-and-shield,Spiked Edge II,5,238,0,20,Sleep,150,,,FALSE,0,0,0,,,,,
228,Baan Claw II,,sword-and-shield,Baan Claw I,6,252,0,20,Sleep,180,,,FALSE,0,0,0,,,,,
229,Baan Claw III,,sword-and-shield,Baan Claw II,6,266,0,20,Sleep,210,,,FALSE,0,0,0,,,,,
230,Jagras Edge I,,sword-and-shield,Bone Kukri II,2,168,0,,,,,,FALSE,0,0,0,,,,,
231,Jagras Edge II,,sword-and-shield,Jagras Edge I,3,196,0,,,,,,FALSE,0,0,0,,,,,
232,Jagras Edge III,,sword-and-shield,Jagras Edge II,4,210,0,,,,,,FALSE,0,0,0,,,,,
233,Jagras Garotte I,,sword-and-shield,Jagras Edge III,5,238,0,,Water,300,,,TRUE,1,1,0,,,,,
234,Jagras Garotte II,,sword-and-shield,Jagras Garotte I,6,252,0,,Water,330,,,TRUE,0,2,0,,,,,
235,Jagras Garotte III,,sword-and-shield,Jagras Garotte II,6,266,0,,Water,360,,,TRUE,0,1,1,,,,,
236,Thunder Edge I,,sword-and-shield,Jagras Edge I,3,182,0,,Thunder,90,,,FALSE,0,0,0,,,,,
237,Thunder Edge II,,sword-and-shield,Thunder Edge I,4,210,0,,Thunder,120,,,FALSE,0,0,0,,,,,
238,Lightning Nemesis I,,sword-and-shield,Thunder Edge II,5,224,0,,Thunder,150,,,FALSE,0,1,0,,,,,
239,Lightning Nemesis II,,sword-and-shield,Lightning Nemesis I,6,252,0,,Thunder,180,,,FALSE,0,1,0,,,,,
240,Lightning Nemesis III,,sword-and-shield,Lightning Nemesis II,6,266,0,,Thunder,210,,,FALSE,0,1,0,,,,,
241,Carapace Edge I,,sword-and-shield,Bone Kukri II,2,182,0,10,,,,,FALSE,0,0,0,,,,,
242,Carapace Edge II,,sword-and-shield,Carapace Edge I,3,196,0,10,,,,,FALSE,0,0,0,,,,,
243,Carapace Edge III,,sword-and-shield,Carapace Edge II,4,224,0,10,,,,,FALSE,0,0,0,,,,,
244,Barroth Club I,,sword-and-shield,Carapace Edge III,5,252,0,15,Paralysis,120,,,TRUE,1,0,0,,,,,
245,Barroth Club II,,sword-and-shield,Barroth Club I,6,266,0,15,Paralysis,150,,,TRUE,2,0,0,,,,,
246,Barroth Club III,,sword-and-shield,Barroth Club II,6,294,0,15,Paralysis,180,,,TRUE,2,0,0,,,,,
247,Blazing Edge I,,sword-and-shield,Carapace Edge I,3,196,0,,Fire,150,,,FALSE,0,0,0,,,,,
248,Blazing Edge II,,sword-and-shield,Blazing Edge I,4,224,0,,Fire,180,,,FALSE,0,0,0,,,,,
249,Flammensucher,,sword-and-shield,Blazing Edge II,5,266,0,,Fire,210,,,FALSE,0,0,0,,,,,
250,Gnashing Flammensucher,,sword-and-shield,Flammensucher,7,294,0,,Fire,240,,,FALSE,0,0,0,,,,,
251,Dragonbone Sword I,,sword-and-shield,,3,140,0,,Dragon,270,,,FALSE,0,0,0,,,,,
252,Dragonbone Sword II,,sword-and-shield,Dragonbone Sword I,4,154,0,,Dragon,330,,,FALSE,0,0,0,,,,,
253,Dragonbone Sword III,,sword-and-shield,Dragonbone Sword II,6,196,0,,Dragon,450,,,FALSE,1,0,0,,,,,
254,Fulminator,,sword-and-shield,Dragonbone Sword I,4,154,0,,Thunder,270,,,FALSE,0,0,0,,,,,
255,Thunderbolt Sword I,,sword-and-shield,Fulminator,6,210,0,,Thunder,300,,,FALSE,0,0,0,,,,,
256,Thunderbolt Sword II,,sword-and-shield,Thunderbolt Sword I,7,224,0,,Thunder,360,,,FALSE,0,0,0,,,,,
257,Blacksteel Sword I,,sword-and-shield,,5,140,0,,Dragon,120,,,FALSE,0,0,0,,,,,
258,Blacksteel Sword II,,sword-and-shield,Blacksteel Sword I,6,154,0,,Dragon,150,,,FALSE,0,0,0,,,,,
259,Teostra's Spada,,sword-and-shield,Blacksteel Sword II,7,252,0,,Blast,210,,,FALSE,0,0,0,,,,,
260,Teostra's Emblem,,sword-and-shield,Teostra's Spada,8,266,0,,Blast,240,,,FALSE,0,0,0,,,,,
261,Xeno Mabura,,sword-and-shield,Blacksteel Sword II,8,238,15,,Dragon,270,,,FALSE,0,0,2,,,,,
262,Matched Slicers I,,dual-blades,,1,112,0,,,,,,FALSE,0,0,0,,,,,
263,Matched Slicers II,,dual-blades,Matched Slicers I,1,126,0,,,,,,FALSE,0,0,0,,,,,
264,Matched Slicers III,,dual-blades,Matched Slicers II,2,140,0,,,,,,FALSE,0,0,0,,,,,
265,Dual Slicers I,,dual-blades,Matched Slicers III,3,154,0,,,,,,FALSE,0,0,0,,,,,
266,Dual Slicers II,,dual-blades,Dual Slicers I,4,182,0,,,,,,FALSE,0,0,0,,,,,
267,Dual Slicers III,,dual-blades,Dual Slicers II,5,196,0,,Poison,210,,,TRUE,1,0,0,,,,,
268,Chrome Slicers I,,dual-blades,Dual Slicers III,6,224,0,,Poison,240,,,TRUE,1,0,0,,,,,
269,Chrome Slicers II,,dual-blades,Chrome Slicers I,6,252,0,,Poison,270,,,TRUE,2,0,0,,,,,
270,Nergal Gouge,,dual-blades,Chrome Slicers I,7,280,0,,Dragon,90,,,FALSE,1,0,0,,,,,
271,Decimation Claws,,dual-blades,Nergal Gouge,8,294,0,,Dragon,120,,,FALSE,1,0,0,,,,,
272,Luminous Daggers I,,dual-blades,Matched Slicers III,3,168,0,,,,,,FALSE,0,0,0,,,,,
273,Luminous Daggers II,,dual-blades,Luminous Daggers I,4,196,0,,,,,,FALSE,0,0,0,,,,,
274,Dual Destroyers I,,dual-blades,Luminous Daggers II,5,224,0,,Thunder,120,,,TRUE,1,0,0,,,,,
275,Dual Destroyers II,,dual-blades,Dual Destroyers I,6,238,0,,Thunder,150,,,TRUE,0,1,0,,,,,
276,Dual Destroyers III,,dual-blades,Dual Destroyers II,6,252,0,,Thunder,210,,,TRUE,0,0,1,,,,,
277,Rookslayer Handaxes,,dual-blades,Dual Destroyers I,6,252,0,,Blast,120,,,FALSE,1,0,0,,,,,
278,Bazelhawk Rookslayer,,dual-blades,Rookslayer Handaxes,8,280,0,,Blast,150,,,FALSE,1,0,0,,,,,
279,Freeze Daggers I,,dual-blades,Luminous Daggers I,4,182,0,,Ice,60,,,FALSE,0,0,0,,,,,
280,Freeze Daggers II,,dual-blades,Freeze Daggers I,5,210,0,,Ice,60,,,FALSE,0,1,0,,,,,
281,Freeze Chain I,,dual-blades,Freeze Daggers II,6,238,0,,Ice,120,,,FALSE,0,1,0,,,,,
282,Freeze Chain II,,dual-blades,Freeze Chain I,6,252,0,,Ice,150,,,FALSE,0,1,0,,,,,
283,Rending Beaks I,,dual-blades,Dual Slicers II,2,154,15,,,,,,FALSE,0,0,0,,,,,
284,Rending Beaks II,,dual-blades,Rending Beaks I,3,168,15,,,,,,FALSE,0,0,0,,,,,
285,Rending Beaks III,,dual-blades,Rending Beaks II,4,182,15,,,,,,FALSE,0,0,0,,,,,
286,Arcanaria I,,dual-blades,Rending Beaks III,5,210,20,,Sleep,90,,,TRUE,0,0,0,,,,,
287,Arcanaria II,,dual-blades,Arcanaria I,6,224,20,,Sleep,90,,,TRUE,0,0,0,,,,,
288,Arcanaria III,,dual-blades,Arcanaria II,6,238,20,,Sleep,120,,,TRUE,0,0,0,,,,,
289,Sworn Rapiers,,dual-blades,Rending Beaks I,3,182,0,,Water,90,,,FALSE,0,0,0,,,,,
290,Sworn Rapiers+,,dual-blades,Sworn Rapiers,5,210,0,,Water,90,,,FALSE,0,1,0,,,,,
291,Holy Sabers,,dual-blades,Sworn Rapiers+,252,252,0,,Water,120,,,FALSE,0,0,1,,,,,
292,Bone Hatchets I,,dual-blades,,1,140,0,,,,,,FALSE,0,0,0,,,,,
293,Bone Hatchets II,,dual-blades,Bone Hatchets I,1,154,0,,,,,,FALSE,0,0,0,,,,,
294,Bone Hatchets III,,dual-blades,Bone Hatchets II,2,168,0,,,,,,FALSE,0,0,0,,,,,
295,Wild Hatchets I,,dual-blades,Bone Hatchets III,3,196,0,,,,,,FALSE,0,0,0,,,,,
296,Wild Hatchets II,,dual-blades,Wild Hatchets I,4,210,0,,,,,,FALSE,0,0,0,,,,,
297,Wild Hatchets III,,dual-blades,Wild Hatchets II,5,224,0,,Blast,120,,,TRUE,0,1,0,,,,,
298,Strong Hatchets I,,dual-blades,Wild Hatchets III,6,238,0,10,Blast,150,,,TRUE,0,1,0,,,,,
299,Strong Hatchets II,,dual-blades,Strong Hatchets I,6,266,0,10,Blast,180,,,TRUE,0,0,1,,,,,
300,Blazing Hatchets I,,dual-blades,Bone Hatchets III,3,196,0,,Fire,90,,,FALSE,0,0,0,,,,,
301,Blazing Hatchets II,,dual-blades,Blazing Hatchets I,4,210,0,,Fire,120,,,FALSE,0,0,0,,,,,
302,Anja Cyclone I,,dual-blades,Blazing Hatchets II,5,238,0,,Fire,150,,,FALSE,0,0,0,,,,,
303,Anja Cyclone II,,dual-blades,Anja Cyclone I,6,266,0,,Fire,180,,,FALSE,0,0,0,,,,,
304,Anja Cyclone III,,dual-blades,Anja Cyclone II,7,294,0,,Fire,210,,,FALSE,0,0,0,,,,,
305,Diablos Hatchets I,,dual-blades,Blazing Hatchets I,4,224,0,10,,,,,FALSE,0,0,0,,,,,
306,Diablos Hatchets II,,dual-blades,Diablos Hatchets I,5,266,0,10,Ice,90,,,TRUE,0,1,0,,,,,
307,Diablos Clubs I,,dual-blades,Diablos Hatchets II,6,294,0,15,Ice,90,,,TRUE,0,1,0,,,,,
308,Diablos Clubs II,,dual-blades,Diablos Clubs I,7,322,0,15,Ice,90,,,TRUE,0,1,0,,,,,
309,Madness Pangas I,,dual-blades,Bone Hatchets II,2,154,0,,Water,90,,,FALSE,0,0,0,,,,,
310,Madness Pangas II,,dual-blades,Madness Pangas I,3,182,0,,Water,90,,,FALSE,0,0,0,,,,,
311,Madness Pangas III,,dual-blades,Madness Pangas II,4,210,0,,Water,120,,,FALSE,0,0,0,,,,,
312,Jyura Hatchets I,,dual-blades,Madness Pangas III,5,238,0,,Water,150,,,FALSE,1,0,0,,,,,
313,Jyura Hatchets II,,dual-blades,Jyura Hatchets I,6,252,0,,Water,180,,,FALSE,1,0,0,,,,,
314,Jyura Hatchets III,,dual-blades,Jyura Hatchets II,6,266,0,,Water,210,,,FALSE,1,0,0,,,,,
315,Lava Cyclone I,,dual-blades,Jyura Hatchets I,6,252,0,,Fire,120,,,FALSE,0,2,0,,,,,
316,Lava Cyclone II,,dual-blades,Lava Cyclone I,7,252,0,,Fire,150,,,FALSE,0,2,0,,,,,
317,Taurus Pangas I,,dual-blades,Madness Pangas I,3,168,0,,,,,,FALSE,0,0,0,,,,,
318,Taurus Pangas II,,dual-blades,Taurus Pangas I,4,182,0,,,,,,FALSE,0,0,0,,,,,
319,Dark Ripper I,,dual-blades,Taurus Pangas II,5,196,0,,Paralysis,90,,,TRUE,0,1,0,,,,,
320,Dark Ripper II,,dual-blades,Dark Ripper I,6,210,0,,Paralysis,90,,,TRUE,0,1,0,,,,,
321,Dark Ripper III,,dual-blades,Dark Ripper II,6,224,0,,Paralysis,90,,,TRUE,0,1,0,,,,,
322,Pulsar Hatchets I,,dual-blades,Bone Hatchets II,2,154,10,,Thunder,60,,,FALSE,0,0,0,,,,,
323,Pulsar Hatchets II,,dual-blades,Pulsar Hatchets I,3,168,10,,Thunder,60,,,FALSE,0,0,0,,,,,
324,Pulsar Hatchets III,,dual-blades,Pulsar Hatchets II,4,196,10,,Thunder,60,,,FALSE,0,0,0,,,,,
325,Kadachi Claws I,,dual-blades,Pulsar Hatchets III,5,224,10,,Thunder,90,,,FALSE,1,0,0,,,,,
326,Kadachi Claws II,,dual-blades,Kadachi Claws I,6,238,10,,Thunder,120,,,FALSE,1,0,0,,,,,
327,Kadachi Claws III,,dual-blades,Kadachi Claws II,6,252,10,,Thunder,150,,,FALSE,1,0,0,,,,,
328,Garon Hatchets I,,dual-blades,Pulsar Hatchets II,4,182,20,,,,,,FALSE,0,0,0,,,,,
329,Garon Hatchets II,,dual-blades,Garon Hatchets I,5,196,20,,Fire,180,,,TRUE,0,0,0,,,,,
330,Blood-drinker Chainblade,,dual-blades,Garon Hatchets II,6,210,20,,Fire,180,,,TRUE,0,0,0,,,,,
331,Sin,,dual-blades,Blood-drinker Chainblade,8,224,20,,Fire,180,,,TRUE,0,0,0,,,,,
332,Dragonbone Twinblades I,,dual-blades,,3,140,0,,Dragon,120,,,FALSE,0,0,0,,,,,
333,Dragonbone Twinblades II,,dual-blades,Dragonbone Twinblades I,4,168,0,,Dragon,120,,,FALSE,0,0,0,,,,,
334,Enduring Schism,,dual-blades,Dragonbone Twinblades II,7,196,0,,Dragon,270,,,FALSE,2,0,0,,,,,
335,Kirin Bolts,,dual-blades,Dragonbone Twinblades I,4,154,0,,Thunder,210,,,FALSE,0,0,0,,,,,
336,Kirin Bolts+,,dual-blades,Kirin Bolts,7,196,0,,Thunder,240,,,FALSE,0,0,0,,,,,
337,Monarch,,dual-blades,Kirin Bolts+,8,224,0,,Thunder,270,,,FALSE,0,0,0,,,,,
338,Magda Ungulae I,,dual-blades,Dragonbone Twinblades I,5,224,0,20,Blast,180,,,FALSE,0,1,0,,,,,
339,Magda Ungulae II,,dual-blades,Magda Ungulae I,7,308,0,20,Blast,210,,,FALSE,0,1,0,,,,,
340,Blacksteel Twins I,,dual-blades,,5,140,0,,Dragon,90,,,FALSE,0,0,0,,,,,
341,Blacksteel Twins II,,dual-blades,Blacksteel Twins I,6,154,0,,Dragon,120,,,FALSE,0,0,0,,,,,
342,Twin Nails,,dual-blades,Blacksteel Twins II,7,238,10,,Ice,210,Blast,210,FALSE,0,1,0,,,,,
343,Fire and Ice,,dual-blades,Twin Nails,8,252,10,,Ice,240,Blast,240,FALSE,0,1,0,,,,,
344,Xeno Raqs,,dual-blades,Blacksteel Twins II,8,238,15,,Dragon,150,,,FALSE,0,0,2,,,,,
345,Iron Hammer I,,hammer,,1,416,0,,,,,,FALSE,0,0,0,,,,,
346,Iron Hammer II,,hammer,Iron Hammer I,1,468,0,,,,,,FALSE,0,0,0,,,,,
347,Iron Hammer III,,hammer,,2,520,0,,,,,,FALSE,0,0,0,,,,,
348,Iron Demon I,,hammer,Iron Hammer III,3,572,0,,,,,,FALSE,0,0,0,,,,,
349,Iron Demon II,,hammer,Iron Demon I,4,676,0,,,,,,FALSE,0,0,0,,,,,
350,Iron Demon III,,hammer,Iron Demon II,5,728,0,,Blast,210,,,TRUE,1,0,0,,,,,
351,Iron Archdemon I,,hammer,Iron Demon III,6,832,0,,Blast,240,,,TRUE,1,0,0,,,,,
352,Iron Archdemon II,,hammer,Iron Archdemon I,6,936,0,,Blast,270,,,TRUE,2,0,0,,,,,
353,Nergal Crusher,,hammer,Iron Archdemon I,7,1040,0,,Dragon,90,,,FALSE,1,0,0,,,,,
354,Obliteration's Footfall,,hammer,Nergal Crusher,8,1092,0,,Dragon,120,,,FALSE,1,0,0,,,,,
355,Frozen Core,,hammer,Iron Demon I,4,624,0,,Ice,270,,,FALSE,0,0,0,,,,,
356,Frozen Core+,,hammer,Frozen Core,6,832,0,,Ice,390,,,FALSE,0,1,0,,,,,
357,Cocytus,,hammer,Frozen Core+,7,936,0,,Ice,450,,,FALSE,0,0,1,,,,,
358,Aqua Hammer I,,hammer,Iron Hammer II,2,572,0,,Water,90,,,FALSE,0,0,0,,,,,
359,Aqua Hammer II,,hammer,Aqua Hammer I,3,624,0,,Water,120,,,FALSE,0,0,0,,,,,
360,Aqua Hammer III,,hammer,Aqua Hammer II,4,676,0,,Water,150,,,FALSE,0,0,0,,,,,
361,Water Basher I,,hammer,Aqua Hammer III,5,780,0,,Water,180,,,FALSE,0,1,0,,,,,
362,Water Basher II,,hammer,Water Basher I,6,832,0,,Water,210,,,FALSE,0,1,0,,,,,
363,Water Basher III,,hammer,Water Basher II,6,936,0,,Water,240,,,FALSE,0,1,0,,,,,
364,Girros Hammer I,,hammer,Aqua Hammer I,3,624,0,,Paralysis,210,,,FALSE,0,0,0,,,,,
365,Girros Hammer II,,hammer,Girros Hammer I,4,676,0,,Paralysis,270,,,FALSE,0,0,0,,,,,
366,Malady's Fist I,,hammer,Girros Hammer II,5,728,20,,Paralysis,330,,,FALSE,0,0,0,,,,,
367,Malady's Fist II,,hammer,Malady's Fist I,6,780,20,,Paralysis,360,,,FALSE,0,0,0,,,,,
368,Malady's Fist III,,hammer,Malady's Fist II,6,832,20,,Paralysis,390,,,FALSE,0,0,0,,,,,
369,Blooming Hammer I,,hammer,Iron Hammer II,2,520,0,,Poison,300,,,FALSE,0,0,0,,,,,
370,Blooming Hammer II,,hammer,Blooming Hammer I,3,624,0,,Poison,360,,,FALSE,0,0,0,,,,,
371,Blooming Hammer III,,hammer,Blooming Hammer II,4,728,0,,Poison,420,,,FALSE,0,0,0,,,,,
372,Buon Fiore,,hammer,Blooming Hammer III,5,780,0,,Poison,480,,,FALSE,2,0,0,,,,,
373,Buona Flora,,hammer,Buon Fiore,7,936,0,,Poison,540,,,FALSE,0,2,0,,,,,
374,Thunder Hammer I,,hammer,Blooming Hammer I,3,676,0,,Thunder,180,,,FALSE,0,0,0,,,,,
375,Thunder Hammer II,,hammer,Thunder Hammer I,4,780,0,,Thunder,210,,,FALSE,0,0,0,,,,,
376,Lightning Bash I,,hammer,Thunder Hammer II,5,832,0,,Thunder,832,,,FALSE,0,1,0,,,,,
377,Lightning Bash II,,hammer,Lightning Bash I,6,884,0,,Thunder,270,,,FALSE,0,1,0,,,,,
378,Lightning Bash III,,hammer,Lightning Bash II,6,988,0,,Thunder,300,,,FALSE,0,1,0,,,,,
379,Bone Bludgeon I,,hammer,,1,520,0,,,,,,FALSE,0,0,0,,,,,
380,Bone Bludgeon II,,hammer,Bone Bludgeon I,1,572,0,,,,,,FALSE,0,0,0,,,,,
381,Bone Bludgeon III,,hammer,Bone Bludgeon II,2,624,0,,,,,,FALSE,0,0,0,,,,,
382,Fossil Bludgeon I,,hammer,Bone Bludgeon III,3,728,0,,,,,,FALSE,0,0,0,,,,,
383,Fossil Bludgeon II,,hammer,Fossil Bludgeon I,4,780,0,,,,,,FALSE,0,0,0,,,,,
384,Fossil Bludgeon III,,hammer,Fossil Bludgeon II,5,832,0,,Thunder,360,,,TRUE,0,1,0,,,,,
385,Grandrock I,,hammer,Fossil Bludgeon III,6,884,0,10,Thunder,390,,,TRUE,0,1,0,,,,,
386,Grandrock II,,hammer,Grandrock I,6,988,0,10,Thunder,420,,,TRUE,0,0,1,,,,,
387,Hazak Vlafos,,hammer,Fossil Bludgeon III,7,988,0,,Dragon,210,,,FALSE,0,1,0,,,,,
388,Pandemonium's Root,,hammer,Grandrock I,8,1040,0,,Dragon,270,,,FALSE,0,1,0,,,,,
389,Bone Spike I,,hammer,Bone Bludgeon III,3,676,0,15,Sleep,150,,,FALSE,0,0,0,,,,,
390,Bone Spike II,,hammer,Bone Spike I,4,728,0,15,Sleep,180,,,FALSE,0,0,0,,,,,
391,Baan Strike I,,hammer,Bone Spike II,5,780,0,20,Sleep,210,,,FALSE,0,0,0,,,,,
392,Baan Strike II,,hammer,Baan Strike I,6,884,0,20,Sleep,240,,,FALSE,0,0,0,,,,,
393,Baan Strike III,,hammer,Baan Strike II,6,988,0,20,Sleep,270,,,FALSE,0,0,0,,,,,
394,Brazenbreak I,,hammer,Bone Spike II,6,988,0,30,Fire,120,,,FALSE,0,0,1,,,,,
395,Brazenbreak II,,hammer,Brazenbreak I,7,1092,0,30,Fire,120,,,FALSE,0,0,1,,,,,
396,Kulu Beak I,,hammer,Bone Bludgeon II,2,624,15,,,,,,FALSE,0,0,0,,,,,
397,Kulu Beak II,,hammer,Kulu Beak I,3,676,15,,,,,,FALSE,0,0,0,,,,,
398,Kulu Beak III,,hammer,Kulu Beak II,4,728,15,,,,,,FALSE,0,0,0,,,,,
399,Crushing Beak I,,hammer,Kulu Beak III,5,780,25,,Sleep,240,,,TRUE,0,0,0,,,,,
400,Crushing Beak II,,hammer,Crushing Beak I,6,832,25,,Sleep,300,,,TRUE,0,0,0,,,,,
401,Crushing Beak III,,hammer,Crushing Beak II,6,884,25,,Sleep,360,,,TRUE,0,0,0,,,,,
402,Diablos Sledge I,,hammer,Kulu Beak II,4,884,0,10,,,,,FALSE,0,0,0,,,,,
403,Diablos Sledge II,,hammer,Diablos Sledge I,5,988,0,10,Ice,120,,,TRUE,1,0,0,,,,,
404,Diablos Shatterer I,,hammer,Diablos Sledge II,6,1092,0,15,Ice,150,,,TRUE,0,1,0,,,,,
405,Diablos Shatterer II,,hammer,Diablos Shatterer I,7,1196,0,15,Ice,150,,,TRUE,0,1,0,,,,,
406,Carapace Sledge I,,hammer,Bone Bludgeon II,2,676,0,10,,,,,FALSE,0,0,0,,,,,
407,Carapace Sledge II,,hammer,Carapace Sledge I,3,728,0,10,,,,,FALSE,0,0,0,,,,,
408,Carapace Sledge III,,hammer,Carapace Sledge II,4,832,0,10,,,,,FALSE,0,0,0,,,,,
409,Barroth Breaker I,,hammer,Carapace Sledge III,5,936,0,15,Paralysis,270,,,TRUE,1,0,0,,,,,
410,Barroth Breaker II,,hammer,Barroth Breaker I,6,988,0,15,Paralysis,330,,,TRUE,2,0,0,,,,,
411,Barroth Breaker III,,hammer,Barroth Breaker II,6,1040,0,15,Paralysis,390,,,TRUE,1,1,0,,,,,
412,Blazing Hammer I,,hammer,Carapace Sledge I,3,780,0,,Fire,210,,,FALSE,0,0,0,,,,,
413,Blazing Hammer II,,hammer,Blazing Hammer I,4,832,0,,Fire,270,,,FALSE,0,0,0,,,,,
414,Anja Striker I,,hammer,Blazing Hammer II,5,884,0,,Fire,330,,,FALSE,0,0,0,,,,,
415,Anja Striker II,,hammer,,6,988,0,,Fire,360,,,FALSE,0,0,0,,,,,
416,Anja Striker III,,hammer,,6,1092,0,,Fire,390,,,FALSE,0,0,0,,,,,
417,Dragonbone Basher I,,hammer,,3,520,0,,Dragon,300,,,FALSE,0,0,0,,,,,
418,Dragonbone Basher II,,hammer,Dragonbone Basher I,4,572,0,,Dragon,360,,,FALSE,0,0,0,,,,,
419,Dragonbone Basher III,,hammer,Dragonbone Basher II,6,832,0,,Dragon,420,,,FALSE,0,0,0,,,,,
420,Magda Floga,,hammer,Dragonbone Basher I,5,832,0,20,Blast,330,,,FALSE,0,1,0,,,,,
421,Ragefire Magda Floga,,hammer,Magda Floga,8,1144,0,20,Blast,420,,,FALSE,0,1,0,,,,,
422,Blacksteel Hammer I,,hammer,,5,520,0,,Dragon,120,,,FALSE,0,0,0,,,,,
423,Blacksteel Hammer II,,hammer,Blacksteel Hammer I,6,572,0,,Dragon,150,,,FALSE,0,0,0,,,,,
424,Icesteel Hammer,,hammer,Blacksteel Hammer II,7,988,10,,Ice,120,,,FALSE,0,1,0,,,,,
425,Daora's Colossus,,hammer,Icesteel Hammer,8,1040,10,,Ice,150,,,FALSE,0,1,0,,,,,
426,Xeno Maph'agarna,,hammer,Blacksteel Hammer II,8,884,15,,Dragon,180,,,FALSE,0,0,2,,,,,
427,Jail Hammer,,hammer,,6,832,0,20,Paralysis,180,,,FALSE,0,1,0,,,,,
428,Binder Mace,,hammer,Jail Hammer,8,936,0,20,Paralysis,210,,,FALSE,0,0,1,,,,,
429,Metal Bagpipe I,,hunting-horn,,1,336,0,,,,,,FALSE,0,0,0,,,,,
430,Metal Bagpipe II,,hunting-horn,Metal Bagpipe I,1,378,0,,,,,,FALSE,0,0,0,,,,,
431,Metal Bagpipe III,,hunting-horn,Metal Bagpipe II,2,420,0,,,,,,FALSE,0,0,0,,,,,
432,Great Bagpipe I,,hunting-horn,Metal Bagpipe III,3,462,0,,,,,,FALSE,0,0,0,,,,,
433,Great Bagpipe II,,hunting-horn,Great Bagpipe I,4,546,0,,,,,,FALSE,0,0,0,,,,,
434,Great Bagpipe III,,hunting-horn,Great Bagpipe II,5,588,0,,Paralysis,210,,,TRUE,1,0,0,,,,,
435,Fortissimo I,,hunting-horn,Great Bagpipe III,6,672,0,,Paralysis,240,,,TRUE,1,0,0,,,,,
436,Fortissimo II,,hunting-horn,Fortissimo I,6,756,0,,Paralysis,270,,,TRUE,2,0,0,,,,,
437,Nergal Groove,,hunting-horn,Fortissimo I,7,840,0,,Dragon,120,,,FALSE,1,0,0,,,,,
438,Desolation's Overture,,hunting-horn,Nergal Groove,8,882,0,,Dragon,150,,,FALSE,1,0,0,,,,,
439,Thunder Gaida I,,hunting-horn,Metal Bagpipe III,3,504,0,,Thunder,120,,,FALSE,0,0,0,,,,,
440,Thunder Gaida II,,hunting-horn,Thunder Gaida I,4,546,0,,Thunder,150,,,FALSE,0,0,0,,,,,
441,Lightning Drum I,,hunting-horn,Thunder Gaida II,5,630,0,,Thunder,180,,,FALSE,0,0,1,,,,,
442,Lightning Drum II,,hunting-horn,Lightning Drum I,6,714,0,,Thunder,210,,,FALSE,0,0,1,,,,,
443,Lightning Drum III,,hunting-horn,Lightning Drum II,6,756,0,,Thunder,240,,,FALSE,0,0,1,,,,,
444,Kulu Duda I,,hunting-horn,Metal Bagpipe II,2,420,15,,,,,,FALSE,0,0,0,,,,,
445,Kulu Duda II,,hunting-horn,Kulu Duda I,3,504,15,,,,,,FALSE,0,0,0,,,,,
446,Kulu Duda III,,hunting-horn,Kulu Duda II,4,588,15,,,,,,FALSE,0,0,0,,,,,
447,Dancing Davul I,,hunting-horn,Kulu Duda III,5,630,20,,Sleep,240,,,TRUE,0,0,0,,,,,
448,Dancing Davul II,,hunting-horn,Dancing Davul I,6,672,20,,Sleep,300,,,TRUE,0,0,0,,,,,
449,Dancing Davul III,,hunting-horn,Dancing Davul II,6,714,25,,Sleep,360,,,TRUE,0,0,0,,,,,
450,Valkyrie Chordmaker,,hunting-horn,Kulu Duda I,3,462,15,,Fire,150,,,FALSE,0,0,0,,,,,
451,Queen Chordmaker,,hunting-horn,Valkyrie Chordmaker,5,630,15,,Fire,180,,,FALSE,0,1,0,,,,,
452,Coral Chordmaker,,hunting-horn,Queen Chordmaker,6,714,25,,Fire,210,,,FALSE,0,1,0,,,,,
453,Royal Chordmaker,,hunting-horn,Coral Chordmaker,7,798,25,,Fire,240,,,FALSE,0,1,0,,,,,
454,Aqua Bagpipe I,,hunting-horn,Metal Bagpipe II,2,420,0,,Water,120,,,FALSE,0,0,0,,,,,
455,Aqua Bagpipe II,,hunting-horn,Aqua Bagpipe I,3,504,0,,Water,150,,,FALSE,0,0,0,,,,,
456,Aqua Bagpipe III,,hunting-horn,Aqua Bagpipe II,4,546,0,,Water,180,,,FALSE,0,0,0,,,,,
457,Water Tamtam I,,hunting-horn,Aqua Bagpipe III,5,588,0,,Water,210,,,FALSE,0,1,0,,,,,
458,Water Tamtam II,,hunting-horn,Water Tamtam I,6,672,0,,Water,240,,,FALSE,0,1,0,,,,,
459,Water Tamtam III,,hunting-horn,Water Tamtam II,6,756,0,,Water,270,,,FALSE,0,1,0,,,,,
460,Glacial Bagpipe I,,hunting-horn,Aqua Bagpipe II,4,546,0,,Ice,240,,,FALSE,0,0,0,,,,,
461,Glacial Bagpipe II,,hunting-horn,Glacial Bagpipe I,5,588,0,,Ice,300,,,FALSE,0,0,0,,,,,
462,Sectored,,hunting-horn,Glacial Bagpipe II,6,630,0,,Ice,330,,,FALSE,0,0,0,,,,,
463,Legia Sectored,,hunting-horn,Sectored,7,672,0,,Ice,360,,,FALSE,0,0,0,,,,,
464,Bone Horn I,,hunting-horn,,1,420,0,,,,,,FALSE,0,0,0,,,,,
465,Bone Horn II,,hunting-horn,Bone Horn I,1,462,0,,,,,,FALSE,0,0,0,,,,,
466,Bone Horn III,,hunting-horn,Bone Horn II,2,504,0,,,,,,FALSE,0,0,0,,,,,
467,Hard Bone Horn I,,hunting-horn,Bone Horn III,3,588,0,,,,,,FALSE,0,0,0,,,,,
468,Hard Bone Horn II,,hunting-horn,Hard Bone Horn I,4,630,0,,,,,,FALSE,0,0,0,,,,,
469,Hard Bone Horn III,,hunting-horn,Hard Bone Horn II,5,672,0,,Ice,180,,,TRUE,0,1,0,,,,,
470,Heavy Bone Horn I,,hunting-horn,Hard Bone Horn III,6,714,0,10,Ice,210,,,TRUE,0,1,0,,,,,
471,Heavy Bone Horn II,,hunting-horn,Heavy Bone Horn I,6,798,0,10,Ice,240,,,TRUE,0,0,1,,,,,
472,Gama Horn I,,hunting-horn,Hard Bone Horn III,6,756,0,,Blast,120,,,FALSE,0,1,0,,,,,
473,Gama Horn II,,hunting-horn,Gama Horn I,7,798,0,,Blast,150,,,FALSE,0,1,0,,,,,
474,Blazing Horn I,,hunting-horn,Bone Horn III,3,546,0,,Fire,210,,,FALSE,0,0,0,,,,,
475,Blazing Horn II,,hunting-horn,Blazing Horn I,4,630,0,,Fire,240,,,FALSE,0,0,0,,,,,
476,Anja Barone I,,hunting-horn,Blazing Horn II,5,672,0,,Fire,270,,,FALSE,0,0,0,,,,,
477,Anja Barone II,,hunting-horn,Anja Barone I,6,798,0,,Fire,330,,,FALSE,0,0,0,,,,,
478,Anja Barone III,,hunting-horn,Anja Barone II,6,882,0,,Fire,450,,,FALSE,0,0,0,,,,,
479,Blooming Horn I,,hunting-horn,Bone Horn II,2,504,0,,Poison,240,,,FALSE,0,0,0,,,,,
480,Blooming Horn II,,hunting-horn,Blooming Horn I,3,546,0,,Poison,300,,,FALSE,0,0,0,,,,,
481,Blooming Horn III,,hunting-horn,Blooming Horn II,4,588,0,,Poison,360,,,FALSE,0,0,0,,,,,
482,Datura Horn I,,hunting-horn,Blooming Horn III,5,630,0,,Poison,420,,,FALSE,2,0,0,,,,,
483,Datura Horn II,,hunting-horn,Datura Horn I,6,672,0,,Poison,480,,,FALSE,2,0,0,,,,,
484,Datura Horn III,,hunting-horn,Datura Horn II,6,714,0,,Poison,540,,,FALSE,1,1,0,,,,,
485,Lumu Horn I,,hunting-horn,Blooming Horn I,3,546,10,,,,,,FALSE,0,0,0,,,,,
486,Lumu Horn II,,hunting-horn,Lumu Horn I,4,588,10,,,,,,FALSE,0,0,0,,,,,
487,Lumu Barone I,,hunting-horn,Lumu Horn II,5,630,10,,Water,420,,,FALSE,2,0,0,,,,,
488,Lumu Barone II,,hunting-horn,Lumu Barone I,6,672,10,,Water,480,,,FALSE,1,1,0,,,,,
489,Lumu Barone III,,hunting-horn,Lumu Barone II,6,714,10,,Water,570,,,FALSE,1,0,1,,,,,
490,Rookslayer Drum,,hunting-horn,Lumu Barone I,6,756,0,,Blast,180,,,FALSE,0,2,0,,,,,
491,Bazelreid Rookslayer,,hunting-horn,Rookslayer Drum,8,840,0,,Blast,210,,,FALSE,0,2,0,,,,,
492,Sonic Horn I,,hunting-horn,Bone Horn II,2,462,0,,Paralysis,120,,,FALSE,0,0,0,,,,,
493,Sonic Horn II,,hunting-horn,Sonic Horn I,3,504,0,,Paralysis,150,,,FALSE,0,0,0,,,,,
494,Sonic Horn III,,hunting-horn,Sonic Horn II,4,546,0,,Paralysis,180,,,FALSE,0,0,0,,,,,
495,Glass Royale,,hunting-horn,Sonic Horn III,5,588,0,,Paralysis,240,,,FALSE,2,0,0,,,,,
496,Glass Royale+,,hunting-horn,Glass Royale,6,630,0,,Paralysis,270,,,FALSE,2,0,0,,,,,
497,Queen Vespoid Horn,,hunting-horn,Glass Royale+,7,672,0,,Paralysis,300,,,FALSE,2,0,0,,,,,
498,Spiked Horn I,,hunting-horn,Sonic Horn I,3,546,0,15,Sleep,150,,,FALSE,0,0,0,,,,,
499,Spiked Horn II,,hunting-horn,Spiked Horn I,4,588,0,15,Sleep,180,,,FALSE,0,0,0,,,,,
500,Baan Horn I,,hunting-horn,Spiked Horn II,5,672,0,20,Sleep,210,,,FALSE,0,0,0,,,,,
501,Baan Horn II,,hunting-horn,Baan Horn I,6,756,0,20,Sleep,240,,,FALSE,0,0,0,,,,,
502,Baan Horn III,,hunting-horn,Baan Horn II,6,798,0,20,Sleep,270,,,FALSE,0,0,0,,,,,
503,Dragonbone Auldhorn I,,hunting-horn,,3,420,0,,Dragon,300,,,FALSE,0,0,0,,,,,
504,Dragonbone Auldhorn II,,hunting-horn,Dragonbone Auldhorn I,4,462,0,,Dragon,360,,,FALSE,0,0,0,,,,,
505,Dragonbone Auldhorn III,,hunting-horn,Dragonbone Auldhorn II,6,672,0,,Dragon,420,,,FALSE,2,0,0,,,,,
506,Thundercry Horn,,hunting-horn,Dragonbone Auldhorn I,4,504,0,,Thunder,390,,,FALSE,0,0,0,,,,,
507,Thunderbolt Horn I,,hunting-horn,Thundercry Horn,6,588,0,,Thunder,480,,,FALSE,0,0,0,,,,,
508,Thunderbolt Horn II,,hunting-horn,Thunderbolt Horn I,7,672,0,,Thunder,540,,,FALSE,0,0,0,,,,,
509,Blacksteel Dragonhorn I,,hunting-horn,,5,420,0,,Dragon,120,,,FALSE,0,0,0,,,,,
510,Blacksteel Dragonhorn II,,hunting-horn,Blacksteel Dragonhorn I,6,462,0,,Dragon,150,,,FALSE,0,0,0,,,,,
511,Teostra's Tiple,,hunting-horn,Blacksteel Dragonhorn II,7,756,0,,Blast,330,,,FALSE,0,0,0,,,,,
512,Teostra's Orphée,,hunting-horn,Teostra's Tiple,8,798,0,,Blast,390,,,FALSE,0,0,0,,,,,
513,Xeno Manasheena,,hunting-horn,Blacksteel Dragonhorn II,8,714,15,,Dragon,180,,,FALSE,0,0,2,,,,,
514,Iron Lance I,,lance,,1,184,0,,,,,,FALSE,0,0,0,,,,,
515,Iron Lance II,,lance,Iron Lance I,1,207,0,,,,,,FALSE,0,0,0,,,,,
516,Iron Lance III,,lance,Iron Lance II,2,230,0,,,,,,FALSE,0,0,0,,,,,
517,Steel Lance I,,lance,Iron Lance III,3,253,0,,,,,,FALSE,0,0,0,,,,,
518,Steel Lance II,,lance,Steel Lance I,4,299,0,,,,,,FALSE,0,0,0,,,,,
519,Steel Lance III,,lance,Steel Lance II,5,322,0,,Paralysis,210,,,TRUE,1,0,0,,,,,
520,Chrome Lance I,,lance,Steel Lance III,6,368,0,,Paralysis,240,,,TRUE,1,0,0,,,,,
521,Chrome Lance II,,lance,Chrome Lance I,6,414,0,,Paralysis,270,,,TRUE,2,0,0,,,,,
522,Nergal Impaler,,lance,Chrome Lance I,7,460,0,,Dragon,120,,,FALSE,1,0,0,,,,,
523,Perdition's Hand,,lance,Nergal Impaler,8,483,0,,Dragon,150,,,FALSE,1,0,0,,,,,
524,Glacial Lance I,,lance,Steel Lance I,4,299,0,,Ice,270,,,FALSE,0,0,0,,,,,
525,Glacial Lance II,,lance,Glacial Lance I,5,322,0,,Ice,300,,,FALSE,0,0,0,,,,,
526,Legiana Halberd I,,lance,Glacial Lance II,6,345,0,,Ice,330,,,FALSE,0,0,0,,,,,
527,Legiana Halberd II,,lance,Legiana Halberd I,7,368,0,,Ice,360,,,FALSE,0,0,0,,,,,
528,Kulu Lance I,,lance,Iron Lance II,2,253,15,,,,,,FALSE,0,0,0,,,,,
529,Kulu Lance II,,lance,Kulu Lance I,2,276,15,,,,,,FALSE,0,0,0,,,,,
530,Kulu Lance III,,lance,Kulu Lance II,4,299,15,,,,,,FALSE,0,0,0,,,,,
531,Kulu Hasta I,,lance,Kulu Lance III,5,345,25,,Sleep,300,,,TRUE,0,0,0,,,,,
532,Kulu Hasta II,,lance,Kulu Hasta I,6,368,25,,Sleep,330,,,TRUE,0,0,0,,,,,
533,Kulu Hasta III,,lance,Kulu Hasta II,6,391,25,,Sleep,360,,,TRUE,0,0,0,,,,,
534,Gama Pilebunker I,,lance,Kulu Hasta I,6,368,0,,Blast,180,,,FALSE,0,2,0,,,,,
535,Gama Pilebunker II,,lance,Gama Pilebunker I,7,391,0,,Blast,210,,,FALSE,0,2,0,,,,,
536,Thunder Lance I,,lance,Kulu Lance I,3,276,0,,Thunder,120,,,FALSE,0,0,0,,,,,
537,Thunder Lance II,,lance,Thunder Lance I,4,322,0,,Thunder,150,,,FALSE,0,0,0,,,,,
538,Lightning Spire I,,lance,Thunder Lance II,5,368,0,,Thunder,180,,,FALSE,0,1,0,,,,,
539,Lightning Spire II,,lance,Lightning Spire I,6,391,0,,Thunder,210,,,FALSE,0,1,0,,,,,
540,Lightning Spire III,,lance,Lightning Spire II,6,414,0,,Thunder,240,,,FALSE,0,1,0,,,,,
541,Blooming Lance I,,lance,Iron Lance II,2,230,0,,Poison,240,,,FALSE,0,0,0,,,,,
542,Blooming Lance II,,lance,Blooming Lance I,3,253,0,,Poison,300,,,FALSE,0,0,0,,,,,
543,Blooming Lance III,,lance,Blooming Lance II,4,299,0,,Poison,360,,,FALSE,0,0,0,,,,,
544,Datura Pike I,,lance,Blooming Lance III,5,345,0,,Poison,420,,,FALSE,2,0,0,,,,,
545,Datura Pike II,,lance,Datura Pike I,6,368,0,,Poison,480,,,FALSE,1,1,0,,,,,
546,Datura Pike III,,lance,Datura Pike II,6,391,0,,Poison,540,,,FALSE,1,1,0,,,,,
547,Flame Lance I,,lance,Blooming Lance II,4,299,10,,Fire,180,,,FALSE,0,0,0,,,,,
548,Flame Lance II,,lance,Flame Lance I,5,322,10,,Fire,210,,,FALSE,1,0,0,,,,,
549,Red Tail,,lance,Flame Lance II,6,391,10,,Fire,240,,,FALSE,1,0,0,,,,,
550,Blue Tail,,lance,Red Tail,7,414,20,,Fire,210,,,FALSE,1,0,0,,,,,
551,Blue Prominence,,lance,Blue Tail,8,437,20,,Fire,300,,,FALSE,1,0,0,,,,,
552,Bone Lance I,,lance,,1,207,0,,,,,,FALSE,0,0,0,,,,,
553,Bone Lance II,,lance,Bone Lance I,1,230,0,,,,,,FALSE,0,0,0,,,,,
554,Bone Lance III,,lance,Bone Lance II,2,253,0,,,,,,FALSE,0,0,0,,,,,
555,Hard Bone Lance I,,lance,Bone Lance III,3,322,0,,,,,,FALSE,0,0,0,,,,,
556,Hard Bone Lance II,,lance,Hard Bone Lance I,4,345,0,,,,,,FALSE,0,0,0,,,,,
557,Hard Bone Lance III,,lance,Hard Bone Lance II,5,368,0,,Poison,180,,,TRUE,0,1,0,,,,,
558,Heavy Bone Lance I,,lance,Hard Bone Lance III,6,391,0,10,Poison,210,,,TRUE,0,1,0,,,,,
559,Heavy Bone Lance II,,lance,Heavy Bone Lance I,6,437,0,10,Poison,240,,,TRUE,0,0,1,,,,,
560,Hazak Wächter,,lance,Heavy Bone Lance I,7,437,0,,Dragon,240,,,FALSE,0,1,0,,,,,
561,Love's Sorrow,,lance,Hazak Wächter,8,460,0,,Dragon,270,,,FALSE,0,1,0,,,,,
562,Taurus Lance I,,lance,Bone Lance III,3,276,0,,,,,,FALSE,0,0,0,,,,,
563,Taurus Lance II,,lance,Taurus Lance I,4,299,0,,,,,,FALSE,0,0,0,,,,,
564,Dark Stinger I,,lance,Taurus Lance II,5,322,0,,Blast,180,,,TRUE,0,0,1,,,,,
565,Dark Stinger II,,lance,Dark Stinger I,6,345,0,,Blast,210,,,TRUE,0,0,1,,,,,
566,Dark Stinger III,,lance,Dark Stinger II,6,368,0,,Blast,240,,,TRUE,0,0,1,,,,,
567,Carapace Lance I,,lance,Bone Lance II,2,253,0,10,,,,,FALSE,0,0,0,,,,,
568,Carapace Lance II,,lance,Carapace Lance I,3,276,0,10,,,,,FALSE,0,0,0,,,,,
569,Carapace Lance III,,lance,Carapace Lance II,4,345,0,10,,,,,FALSE,0,0,0,,,,,
570,Barroth Stinger I,,lance,Carapace Lance III,5,391,0,15,Paralysis,300,,,TRUE,1,0,0,,,,,
571,Barroth Stinger II,,lance,Barroth Stinger I,6,437,0,15,Paralysis,330,,,TRUE,2,0,0,,,,,
572,Barroth Stinger III,,lance,Barroth Stinger II,6,460,0,15,Paralysis,390,,,TRUE,1,1,0,,,,,
573,Garon Lance I,,lance,Carapace Lance II,4,299,15,,,,,,FALSE,0,0,0,,,,,
574,Garon Lance II,,lance,Garon Lance I,5,322,15,,Fire,150,,,TRUE,0,0,0,,,,,
575,Garon Dhara I,,lance,Garon Lance II,6,345,30,,Fire,180,,,TRUE,0,0,0,,,,,
576,Garon Dhara II,,lance,Garon Dhara I,7,391,30,,Fire,210,,,TRUE,0,0,0,,,,,
577,Aqua Horn I,,lance,Carapace Lance II,2,253,0,,Water,150,,,FALSE,0,0,0,,,,,
578,Aqua Horn II,,lance,Aqua Horn I,2,276,0,,Water,180,,,FALSE,0,0,0,,,,,
579,Aqua Horn III,,lance,Aqua Horn II,4,322,0,,Water,210,,,FALSE,0,0,0,,,,,
580,Water Spike I,,lance,Aqua Horn III,5,345,0,,Water,240,,,FALSE,0,1,0,,,,,
581,Water Spike II,,lance,Water Spike I,6,391,0,,Water,270,,,FALSE,0,1,0,,,,,
582,Water Spike III,,lance,Water Spike II,6,437,0,,Water,300,,,FALSE,0,1,0,,,,,
583,Dragonbone Lance I,,lance,,3,230,0,,Dragon,300,,,FALSE,0,0,0,,,,,
584,Dragonbone Lance II,,lance,Dragonbone Lance I,4,253,0,,Dragon,360,,,FALSE,0,0,0,,,,,
585,Dragonbone Lance III,,lance,Dragonbone Lance II,6,368,0,,Dragon,420,,,FALSE,1,0,0,,,,,
586,Rookslayer Lance,,lance,Dragonbone Lance II,6,414,0,,Blast,180,,,FALSE,0,0,0,,,,,
587,Bazel Myniad Rookslayer,,lance,Rookslayer Lance,8,460,-10,,Blast,210,,,FALSE,0,0,0,,,,,
588,Thunderpike,,lance,Dragonbone Lance I,4,253,10,,Thunder,420,,,FALSE,0,0,0,,,,,
589,Thunderspear,,lance,Thunderpike,7,345,10,,Thunder,480,,,FALSE,0,0,0,,,,,
590,Thunderpiercer,,lance,Thunderspear,8,368,10,,Thunder,540,,,FALSE,0,0,0,,,,,
591,Blacksteel Lance I,,lance,,5,230,0,,Dragon,120,,,FALSE,0,0,0,,,,,
592,Blacksteel Lance II,,lance,Blacksteel Lance I,6,253,0,,Dragon,150,,,FALSE,0,0,0,,,,,
593,Icesteel Spear,,lance,Blacksteel Lance II,7,391,10,,Ice,210,,,FALSE,0,1,0,,,,,
594,Daora's Fang,,lance,Icesteel Spear,8,414,10,,Ice,240,,,FALSE,0,1,0,,,,,
595,Xeno Zauta,,lance,Blacksteel Lance II,8,391,15,,Dragon,180,,,FALSE,0,0,2,,,,,
596,Babel Spear,,lance,,6,414,0,20,Fire,270,,,TRUE,0,1,0,,,,,
597,Elder Babel Spear,,lance,Babel Spear,8,460,0,20,Fire,330,,,TRUE,0,0,1,,,,,
598,Iron Gunlance I,,gunlance,,1,184,0,,,,,,FALSE,0,0,0,,,,normal,1
599,Iron Gunlance II,,gunlance,Iron Gunlance I,1,207,0,,,,,,FALSE,0,0,0,,,,normal,1
600,Iron Gunlance III,,gunlance,Iron Gunlance II,2,230,0,,,,,,FALSE,0,0,0,,,,normal,1
601,Steel Gunlance I,,gunlance,Iron Gunlance III,3,253,0,,,,,,FALSE,0,0,0,,,,normal,2
602,Steel Gunlance II,,gunlance,Steel Gunlance I,4,299,0,,,,,,FALSE,0,0,0,,,,normal,2
603,Steel Gunlance III,,gunlance,Steel Gunlance II,5,322,0,,,,,,FALSE,1,0,0,,,,normal,2
604,Chrome Gunlance I,,gunlance,Steel Gunlance III,6,368,0,,Blast,240,,,TRUE,1,0,0,,,,normal,3
605,Chrome Gunlance II,,gunlance,Chrome Gunlance I,6,414,0,,Blast,270,,,TRUE,2,0,0,,,,normal,3
606,Nergal Ram,,gunlance,Chrome Gunlance I,7,460,0,,Dragon,120,,,FALSE,1,0,0,,,,wide,2
607,Eradication Flame,,gunlance,Nergal Ram,8,483,0,,Dragon,150,,,FALSE,0,1,0,,,,wide,2
608,Pulsar Gunlance I,,gunlance,Iron Gunlance II,2,230,10,,Thunder,120,,,FALSE,0,0,0,,,,long,1
609,Pulsar Gunlance II,,gunlance,Pulsar Gunlance I,3,253,10,,Thunder,150,,,FALSE,0,0,0,,,,long,1
610,Pulsar Gunlance III,,gunlance,Pulsar Gunlance II,4,299,10,,Thunder,180,,,FALSE,0,0,0,,,,long,1
611,Kadachi Striker,,gunlance,Pulsar Gunlance III,5,345,20,,Thunder,210,,,FALSE,1,0,0,,,,long,2
612,Kadachi Striker+,,gunlance,Kadachi Striker,6,391,20,,Thunder,240,,,FALSE,1,0,0,,,,long,2
613,Mythic Kadachi Striker,,gunlance,Kadachi Striker+,7,414,20,,Thunder,270,,,FALSE,1,0,0,,,,long,3
614,Rath Gunlance I,,gunlance,Pulsar Gunlance II,4,276,15,,Fire,120,,,FALSE,0,0,0,,,,long,1
615,Rath Gunlance II,,gunlance,Rath Gunlance I,5,322,15,,Fire,150,,,FALSE,1,0,0,,,,long,1
616,Red Rook,,gunlance,Rath Gunlance II,6,345,20,,Fire,180,,,FALSE,1,0,0,,,,long,2
617,Blue Rook,,gunlance,Red Rook,7,414,20,,Fire,210,,,FALSE,1,0,0,,,,long,2
618,Blue Chariot,,gunlance,Blue Rook,8,437,20,,Fire,240,,,FALSE,1,0,0,,,,long,3
619,Princess Panoply,,gunlance,Pulsar Gunlance I,3,276,10,,Poison,240,,,FALSE,0,0,0,,,,normal,2
620,Princess Panoply+,,gunlance,Princess Panoply,5,345,10,,Poison,270,,,FALSE,1,0,0,,,,normal,2
621,Rose Burst,,gunlance,Princess Panoply+,6,391,15,,Poison,300,,,FALSE,1,0,0,,,,normal,3
622,Royal Burst,,gunlance,Rose Burst,7,437,15,,Poison,330,,,FALSE,1,0,0,,,,normal,4
623,Madness Gunlance I,,gunlance,Iron Gunlance II,2,253,0,,Water,210,,,FALSE,0,0,0,,,,wide,1
624,Madness Gunlance II,,gunlance,Madness Gunlance I,3,276,0,,Water,240,,,FALSE,0,0,0,,,,wide,1
625,Madness Gunlance III,,gunlance,Madness Gunlance II,4,299,0,,Water,270,,,FALSE,0,0,0,,,,wide,1
626,Jyura Buster I,,gunlance,Madness Gunlance III,5,345,0,,Water,300,,,FALSE,0,0,0,,,,wide,2
627,Jyura Buster II,,gunlance,Jyura Buster I,6,368,0,,Water,330,,,FALSE,0,0,0,,,,wide,2
628,Jyura Buster III,,gunlance,Jyura Buster II,6,437,0,,Water,360,,,FALSE,0,0,0,,,,wide,3
629,Glacial Gunlance I,,gunlance,Madness Gunlance II,4,299,0,,Ice,180,,,FALSE,0,0,0,,,,normal,2
630,Glacial Gunlance II,,gunlance,Glacial Gunlance I,5,322,0,,Ice,240,,,FALSE,0,0,0,,,,normal,2
631,Legiana Cannon I,,gunlance,Glacial Gunlance II,6,345,0,,Ice,300,,,FALSE,0,0,0,,,,normal,3
632,Legiana Cannon II,,gunlance,Legiana Cannon I,7,368,0,,Ice,360,,,FALSE,0,0,0,,,,normal,3
633,Bone Gunlance I,,gunlance,,1,207,0,,,,,,FALSE,0,0,0,,,,normal,1
634,Bone Gunlance II,,gunlance,Bone Gunlance I,1,230,0,,,,,,FALSE,0,0,0,,,,normal,1
635,Bone Gunlance III,,gunlance,Bone Gunlance II,2,253,0,,,,,,FALSE,0,0,0,,,,normal,1
636,Bone Cannon I,,gunlance,Bone Gunlance III,3,276,0,,,,,,FALSE,0,0,0,,,,long,1
637,Bone Cannon II,,gunlance,Bone Cannon I,4,322,0,,,,,,FALSE,0,0,0,,,,long,1
638,Bone Cannon III,,gunlance,Bone Cannon II,5,368,0,,Thunder,210,,,TRUE,1,0,0,,,,long,1
639,Great Bone Gunlance I,,gunlance,Bone Cannon III,6,391,0,10,Thunder,240,,,TRUE,0,1,0,,,,long,2
640,Great Bone Gunlance II,,gunlance,Great Bone Gunlance I,6,437,0,10,Thunder,270,,,TRUE,0,0,1,,,,long,2
641,Bazel Buster I,,gunlance,Bone Cannon III,6,437,0,,Blast,180,,,FALSE,1,0,0,,,,wide,3
642,Bazel Buster II,,gunlance,Bazel Buster I,7,460,0,,Blast,210,,,FALSE,1,0,0,,,,wide,3
643,Jagras Gunlance I,,gunlance,Bone Gunlance II,2,253,0,,,,,,FALSE,0,0,0,,,,normal,2
644,Jagras Gunlance II,,gunlance,Jagras Gunlance I,3,276,0,,,,,,FALSE,0,0,0,,,,normal,2
645,Jagras Gunlance III,,gunlance,Jagras Gunlance II,4,322,0,,,,,,FALSE,0,0,0,,,,normal,2
646,Glutton Gunlance I,,gunlance,Jagras Gunlance III,5,345,0,,Sleep,240,,,TRUE,1,1,0,,,,normal,3
647,Glutton Gunlance II,,gunlance,Glutton Gunlance I,6,437,0,,Sleep,270,,,TRUE,0,2,0,,,,normal,3
648,Glutton Gunlance III,,gunlance,Glutton Gunlance II,6,437,0,,Sleep,300,,,TRUE,0,1,1,,,,normal,3
649,Girros Gunlance I,,gunlance,Jagras Gunlance I,3,276,0,,Paralysis,210,,,FALSE,0,0,0,,,,normal,2
650,Girros Gunlance II,,gunlance,Girros Gunlance I,4,299,0,,Paralysis,270,,,FALSE,0,0,0,,,,normal,2
651,Deathfang Gunlance I,,gunlance,Girros Gunlance II,5,322,10,,Paralysis,330,,,FALSE,0,0,0,,,,normal,3
652,Deathfang Gunlance II,,gunlance,Deathfang Gunlance I,6,345,10,,Paralysis,390,,,FALSE,0,0,0,,,,normal,3
653,Deathfang Gunlance III,,gunlance,Deathfang Gunlance II,6,368,10,,Paralysis,450,,,FALSE,0,0,0,,,,normal,3
654,Hazak Spysa I,,gunlance,Deathfang Gunlance II,7,437,0,,Dragon,240,,,FALSE,1,0,0,,,,long,3
655,Hazak Spysa II,,gunlance,Hazak Spysa I,7,460,0,,Dragon,270,,,FALSE,0,1,0,,,,long,3
656,Carapace Cannon I,,gunlance,Bone Gunlance II,2,276,0,10,,,,,FALSE,0,0,0,,,,wide,1
657,Carapace Cannon II,,gunlance,Carapace Cannon I,3,299,0,10,,,,,FALSE,0,0,0,,,,wide,1
658,Carapace Cannon III,,gunlance,Carapace Cannon II,4,345,0,10,,,,,FALSE,0,0,0,,,,wide,1
659,Barroth Blaster I,,gunlance,Carapace Cannon III,5,391,0,15,Paralysis,270,,,TRUE,0,0,0,,,,wide,2
660,Barroth Blaster II,,gunlance,Barroth Blaster I,6,437,0,15,Paralysis,330,,,TRUE,0,0,0,,,,wide,2
661,Barroth Blaster III,,gunlance,Barroth Blaster II,6,460,0,15,Paralysis,390,,,TRUE,0,0,0,,,,wide,3
662,Blazing Gunlance I,,gunlance,Carapace Cannon I,3,299,0,,Fire,210,,,FALSE,0,0,0,,,,long,1
663,Blazing Gunlance II,,gunlance,Blazing Gunlance I,4,322,0,,Fire,240,,,FALSE,0,0,0,,,,long,1
664,Anja Cannon I,,gunlance,Blazing Gunlance II,5,368,0,,Fire,270,,,FALSE,0,0,0,,,,long,2
665,Anja Cannon II,,gunlance,Anja Cannon I,6,414,0,,Fire,330,,,FALSE,0,0,0,,,,long,2
666,Anja Cannon III,,gunlance,Anja Cannon II,6,483,0,,Fire,450,,,FALSE,0,0,0,,,,long,3
667,Dragonbone Gunlance I,,gunlance,,3,230,0,,Dragon,360,,,FALSE,0,0,0,,,,normal,2
668,Dragonbone Gunlance II,,gunlance,Dragonbone Gunlance I,4,253,0,,Dragon,390,,,FALSE,0,0,0,,,,normal,2
669,Dragonbone Gunlance III,,gunlance,Dragonbone Gunlance II,6,368,0,,Dragon,420,,,FALSE,2,0,0,,,,normal,3
670,Magda Lahat,,gunlance,Dragonbone Gunlance I,5,368,0,20,Blast,330,,,FALSE,0,0,0,,,,long,3
671,Earthshaker Magda Lahat,,gunlance,Magda Lahat,8,460,0,20,Blast,420,,,FALSE,0,0,0,,,,long,4
672,Blacksteel Gunlance I,,gunlance,,5,230,0,,Dragon,120,,,FALSE,0,0,0,,,,normal,2
673,Blacksteel Gunlance II,,gunlance,Blacksteel Gunlance I,6,253,0,,Dragon,150,,,FALSE,0,0,0,,,,normal,2
674,Icesteel Gunlance,,gunlance,Blacksteel Gunlance II,7,391,10,,Ice,210,,,FALSE,0,0,1,,,,long,3
675,Daora's Brigia,,gunlance,Icesteel Gunlance,8,414,10,,Ice,240,,,FALSE,0,0,1,,,,long,3
676,Xeno Hemta,,gunlance,Blacksteel Gunlance II,8,391,0,,Dragon,180,,,FALSE,0,0,2,,,,long,3
677,Proto Iron Axe I,,switch-axe,,1,280,0,,,,,,FALSE,0,0,0,,power,,,
678,Proto Iron Axe II,,switch-axe,Proto Iron Axe I,1,315,0,,,,,,FALSE,0,0,0,,power,,,
679,Proto Iron Axe III,,switch-axe,Proto Iron Axe II,2,350,0,,,,,,FALSE,0,0,0,,power,,,
680,Improved Steel Axe I,,switch-axe,Proto Iron Axe III,3,385,0,,,,,,FALSE,0,0,0,,poison,300,,
681,Improved Steel Axe II,,switch-axe,Improved Steel Axe I,4,455,0,,,,,,FALSE,0,0,0,,poison,300,,
682,Improved Steel Axe III,,switch-axe,Improved Steel Axe II,5,490,0,,Poison,300,,,TRUE,1,0,0,,poison,300,,
683,Perfected Alloy Axe I,,switch-axe,Improved Steel Axe III,6,560,0,,Poison,360,,,TRUE,1,0,0,,poison,420,,
684,Perfected Alloy Axe II,,switch-axe,Perfected Alloy Axe I,6,630,0,,Poison,420,,,TRUE,2,0,0,,poison,420,,
685,Nergal Gash,,switch-axe,Perfected Alloy Axe I,7,665,0,,Dragon,120,,,FALSE,1,0,0,,power,,,
686,Dying Light,,switch-axe,Nergal Gash,8,700,0,,Dragon,150,,,FALSE,1,0,0,,power,,,
687,Glacial Axe I,,switch-axe,Improved Steel Axe I,4,455,0,,Ice,210,,,FALSE,0,0,0,,power element,,,
688,Glacial Axe II,,switch-axe,Glacial Axe I,5,490,0,,Ice,240,,,FALSE,0,0,0,,power element,,,
689,Frostreaver,,switch-axe,Glacial Axe II,6,525,0,,Ice,270,,,FALSE,0,0,0,,power element,,,
690,Legia Frostreaver,,switch-axe,Frostreaver,7,560,0,,Ice,300,,,FALSE,0,0,0,,power element,,,
691,Thunder Axe I,,switch-axe,Proto Iron Axe III,3,420,0,,Thunder,90,,,FALSE,0,0,0,,power,,,
692,Thunder Axe II,,switch-axe,Thunder Axe I,4,490,0,,Thunder,90,,,FALSE,0,0,0,,power,,,
693,Lightning Chopper I,,switch-axe,Thunder Axe II,5,560,0,,Thunder,120,,,FALSE,1,0,0,,power,,,
694,Lightning Chopper II,,switch-axe,Lightning Chopper I,6,595,0,,Thunder,150,,,FALSE,0,1,0,,power,,,
695,Lightning Chopper III,,switch-axe,Lightning Chopper II,6,630,0,,Thunder,180,,,FALSE,0,1,0,,power,,,
696,Motor Chopper I,,switch-axe,Lightning Chopper I,6,630,0,30,Fire,120,,,FALSE,1,0,0,,power,,,
697,Motor Chopper II,,switch-axe,Motor Chopper I,7,735,0,30,Fire,120,,,FALSE,1,0,0,,power,,,
698,Jagras Axe I,,switch-axe,Proto Iron Axe II,2,385,0,,,,,,FALSE,0,0,0,,exhaust,120,,
699,Jagras Axe II,,switch-axe,Jagras Axe I,3,420,0,,,,,,FALSE,0,0,0,,exhaust,120,,
700,Jagras Axe III,,switch-axe,Jagras Axe II,4,490,0,,,,,,FALSE,0,0,0,,exhaust,150,,
701,Jagras Raider I,,switch-axe,Jagras Axe III,5,560,0,,Sleep,180,,,TRUE,1,0,0,,exhaust,180,,
702,Jagras Raider II,,switch-axe,Jagras Raider I,6,630,0,,Sleep,210,,,TRUE,0,2,0,,exhaust,180,,
703,Jagras Raider III,,switch-axe,Jagras Raider II,6,665,0,,Sleep,240,,,TRUE,0,1,1,,exhaust,210,,
704,Bazel Raider I,,switch-axe,Jagras Raider I,6,665,0,,Blast,150,,,FALSE,1,0,0,,power,,,
705,Bazel Raider II,,switch-axe,Bazel Raider I,7,700,0,,Blast,180,,,FALSE,1,0,0,,power,,,
706,Rathalos Axe I,,switch-axe,Jagras Axe II,4,455,10,,Fire,120,,,FALSE,0,0,0,,power,,,
707,Rathalos Axe II,,switch-axe,Rathalos Axe I,4,490,10,,Fire,120,,,FALSE,1,0,0,,power,,,
708,Rathbringer Axe I,,switch-axe,Rathalos Axe II,6,560,15,,Fire,150,,,FALSE,1,0,0,,power,,,
709,Rathbringer Axe II,,switch-axe,Rathbringer Axe I,7,665,15,,Fire,150,,,FALSE,1,0,0,,power,,,
710,Bone Axe I,,switch-axe,,1,315,0,,,,,,FALSE,0,0,0,,power,,,
711,Bone Axe II,,switch-axe,Bone Axe I,1,350,0,,,,,,FALSE,0,0,0,,power,,,
712,Bone Axe III,,switch-axe,Bone Axe II,2,385,0,,,,,,FALSE,0,0,0,,power,,,
713,Bone Smasher I,,switch-axe,Bone Axe III,3,490,0,,,,,,FALSE,0,0,0,,power,,,
714,Bone Smasher II,,switch-axe,Bone Smasher I,4,525,0,,,,,,FALSE,0,0,0,,power,,,
715,Bone Smasher III,,switch-axe,Bone Smasher II,5,560,0,,,,,,FALSE,0,1,0,,power,,,
716,Power Smasher I,,switch-axe,Bone Smasher III,6,595,0,10,,,,,FALSE,0,1,0,,dragon,300,,
717,Power Smasher II,,switch-axe,Power Smasher I,6,665,10,10,,,,,FALSE,0,0,0,,dragon,420,,
718,Hazak Demios I,,switch-axe,Power Smasher I,7,665,0,,Dragon,180,,,FALSE,0,1,0,,power element,,,
719,Hazak Demios II,,switch-axe,Hazak Demios I,7,700,0,,Dragon,210,,,FALSE,0,1,0,,power element,,,
720,Madness Axe I,,switch-axe,Bone Axe II,2,385,0,,Water,150,,,FALSE,0,0,0,,power element,,,
721,Madness Axe II,,switch-axe,Madness Axe I,3,420,0,,Water,180,,,FALSE,0,0,0,,power element,,,
722,Madness Axe III,,switch-axe,Madness Axe II,4,490,0,,Water,210,,,FALSE,0,0,0,,power element,,,
723,Jyura Drought I,,switch-axe,Madness Axe III,5,560,0,,Water,240,,,FALSE,1,0,0,,power element,,,
724,Jyura Drought II,,switch-axe,Jyura Drought I,6,630,0,,Water,270,,,FALSE,1,0,0,,power element,,,
725,Jyura Drought III,,switch-axe,Jyura Drought II,7,665,0,,Water,300,,,FALSE,1,0,0,,power element,,,
726,Lumu Axe I,,switch-axe,Madness Axe I,3,420,10,,,,,,FALSE,0,0,0,,power,,,
727,Lumu Axe II,,switch-axe,Lumu Axe I,4,490,10,,,,,,FALSE,0,0,0,,power,,,
728,Lumu Smasher I,,switch-axe,Lumu Axe II,5,525,20,,Blast,360,,,TRUE,1,0,0,,power,,,
729,Lumu Smasher II,,switch-axe,Lumu Smasher I,6,560,20,,Blast,390,,,TRUE,0,1,0,,power,,,
730,Lumu Smasher III,,switch-axe,Lumu Smasher II,7,595,20,,Blast,420,,,TRUE,0,0,1,,power,,,
731,Carapace Axe I,,switch-axe,Bone Axe II,2,420,0,10,,,,,FALSE,0,0,0,,paralysis,180,,
732,Carapace Axe II,,switch-axe,Carapace Axe I,3,490,0,10,,,,,FALSE,0,0,0,,paralysis,180,,
733,Carapace Axe III,,switch-axe,Carapace Axe II,5,560,0,10,,,,,FALSE,0,0,0,,paralysis,180,,
734,Barroth Grinder I,,switch-axe,Carapace Axe III,5,595,0,15,Paralysis,240,,,TRUE,1,0,0,,paralysis,210,,
735,Barroth Grinder II,,switch-axe,Barroth Grinder I,6,665,0,15,Paralysis,270,,,TRUE,2,0,0,,paralysis,240,,
736,Barroth Grinder III,,switch-axe,Barroth Grinder II,6,735,0,15,Paralysis,300,,,TRUE,1,1,0,,paralysis,270,,
737,Diablos Axe I,,switch-axe,Carapace Axe II,4,595,0,10,,,,,FALSE,0,0,0,,power,,,
738,Diablos Axe II,,switch-axe,Diablos Axe I,5,630,0,10,Ice,90,,,TRUE,1,0,0,,power,,,
739,Axe Semper Tyrannis,,switch-axe,Diablos Axe II,6,735,0,15,Ice,120,,,TRUE,1,0,0,,power,,,
740,Axe of Thanatos,,switch-axe,Axe Semper Tyrannis,7,770,0,15,Ice,150,,,TRUE,1,0,0,,power,,,
741,Axe of Demons,,switch-axe,Axe of Thanatos,8,805,0,15,Ice,180,,,TRUE,1,0,0,,power,,,
742,Flammenbeil,,switch-axe,Carapace Axe I,3,455,0,,Fire,180,,,FALSE,0,0,0,,power element,,,
743,Flammenbeil+,,switch-axe,Flammenbeil,5,560,0,,Fire,240,,,FALSE,0,0,0,,power element,,,
744,Gnashing Flammenbeil,,switch-axe,Flammenbeil+,7,735,0,,Fire,300,,,FALSE,0,0,0,,power element,,,
745,Dragonbone Slicer I,,switch-axe,,3,350,0,,Dragon,210,,,FALSE,0,0,0,,power element,,,
746,Dragonbone Slicer II,,switch-axe,Dragonbone Slicer I,4,385,0,,Dragon,270,,,FALSE,0,0,0,,power element,,,
747,Dragonbone Slicer III,,switch-axe,Dragonbone Slicer II,6,560,0,,Dragon,330,,,FALSE,2,0,0,,power element,,,
748,Peal,,switch-axe,Dragonbone Slicer I,4,385,0,,Thunder,360,,,FALSE,0,0,0,,power element,,,
749,Peal+,,switch-axe,Peal,7,490,0,,Thunder,390,,,FALSE,0,0,0,,power element,,,
750,Kirin Thunderpeal,,switch-axe,Peal+,8,560,0,,Thunder,420,,,FALSE,0,0,0,,power element,,,
751,Blacksteel Switch Axe I,,switch-axe,,5,350,15,,Dragon,120,,,FALSE,0,0,0,,power,,,
752,Blacksteel Switch Axe II,,switch-axe,Blacksteel Switch Axe I,6,385,15,,Dragon,150,,,FALSE,0,0,0,,power,,,
753,Teostra's Arx,,switch-axe,Blacksteel Switch Axe II,7,630,0,,Blast,300,,,FALSE,0,0,0,,power,,,
754,Teostra's Castle,,switch-axe,Teostra's Arx,8,665,0,,Blast,300,,,FALSE,0,0,0,,power,,,
755,Xeno Martshu,,switch-axe,Blacksteel Switch Axe II,8,595,15,,Dragon,150,,,FALSE,0,0,2,,power,,,
756,Proto Commission Axe I,,charge-blade,,1,288,0,,,,,,FALSE,0,0,0,,impact,,,
757,Proto Commission Axe II,,charge-blade,Proto Commission Axe I,1,324,0,,,,,,FALSE,0,0,0,,impact,,,
758,Proto Commission Axe III,,charge-blade,Proto Commission Axe II,2,360,0,,,,,,FALSE,0,0,0,,impact,,,
759,Elite Commission Axe I,,charge-blade,Proto Commission Axe III,3,396,0,,,,,,FALSE,0,0,0,,impact,,,
760,Elite Commission Axe II,,charge-blade,Elite Commission Axe I,4,468,0,,,,,,FALSE,0,0,0,,impact,,,
761,Elite Commission Axe III,,charge-blade,Elite Commission Axe II,5,504,0,,Thunder,120,,,TRUE,1,0,0,,impact,,,
762,Chrome Guardian I,,charge-blade,Elite Commission Axe III,6,576,0,,Thunder,150,,,TRUE,1,0,0,,impact,,,
763,Chrome Guardian II,,charge-blade,Chrome Guardian I,6,648,0,,Thunder,270,,,TRUE,2,0,0,,impact,,,
764,Nergal Lacerator,,charge-blade,Chrome Guardian I,7,720,0,,Dragon,120,,,FALSE,1,0,0,,impact,,,
765,Devastation's Thorns,,charge-blade,Nergal Lacerator,8,756,0,,Dragon,150,,,FALSE,1,0,0,,impact,,,
766,Rathsblade I,,charge-blade,Elite Commission Axe I,4,432,10,,Fire,150,,,FALSE,0,0,0,,power element,,,
767,Rathsblade II,,charge-blade,Rathsblade I,5,576,10,,Fire,180,,,FALSE,1,0,0,,power element,,,
768,Axelion Blade,,charge-blade,Rathsblade II,6,612,20,,Fire,210,,,FALSE,1,0,0,,power element,,,
769,Halberion Blade,,charge-blade,Axelion Blade,7,684,20,,Fire,240,,,FALSE,1,0,0,,power element,,,
770,Mudslide Blade I,,charge-blade,Proto Commission Axe II,3,396,0,,Water,120,,,FALSE,0,0,0,,power element,,,
771,Mudslide Blade II,,charge-blade,Mudslide Blade I,3,432,0,,Water,150,,,FALSE,0,0,0,,power element,,,
772,Mudslide Blade III,,charge-blade,Mudslide Blade II,5,504,0,,Water,180,,,FALSE,0,0,0,,power element,,,
773,Jyura Depth I,,charge-blade,Mudslide Blade III,5,576,0,,Water,210,,,FALSE,1,0,0,,power element,,,
774,Jyura Depth II,,charge-blade,Jyura Depth I,6,648,0,,Water,240,,,FALSE,1,0,0,,power element,,,
775,Jyura Depth III,,charge-blade,Jyura Depth II,6,684,0,,Water,270,,,FALSE,1,0,0,,power element,,,
776,Everfrost Blade I,,charge-blade,Mudslide Blade II,4,504,0,,Ice,150,,,FALSE,0,0,0,,power element,,,
777,Everfrost Blade II,,charge-blade,Everfrost Blade I,5,540,0,,Ice,180,,,FALSE,2,0,0,,power element,,,
778,Gigafrost I,,charge-blade,Everfrost Blade II,6,576,0,,Ice,210,,,FALSE,0,2,0,,power element,,,
779,Gigafrost II,,charge-blade,Gigafrost I,6,612,0,,Ice,240,,,FALSE,0,2,0,,power element,,,
780,Dear Lutemis,,charge-blade,Mudslide Blade I,3,468,0,,Poison,240,,,FALSE,0,0,0,,impact,,,
781,Dear Lutemia,,charge-blade,Dear Lutemis,5,540,0,,Poison,270,,,FALSE,0,2,0,,impact,,,
782,Dear Hecatel,,charge-blade,Dear Lutemia,6,612,0,,Poison,300,,,FALSE,0,2,0,,impact,,,
783,Dear Hecatelia,,charge-blade,Dear Hecatel,7,684,0,,Poison,330,,,FALSE,0,2,0,,impact,,,
784,Bone Strongarm I,,charge-blade,,1,324,0,,,,,,FALSE,0,0,0,,impact,,,
785,Bone Strongarm II,,charge-blade,Bone Strongarm I,1,360,0,,,,,,FALSE,0,0,0,,impact,,,
786,Bone Strongarm III,,charge-blade,Bone Strongarm II,2,396,0,,,,,,FALSE,0,0,0,,impact,,,
787,Hard Bone Strongarm I,,charge-blade,Bone Strongarm III,3,432,0,,,,,,FALSE,0,0,0,,impact,,,
788,Hard Bone Strongarm II,,charge-blade,Hard Bone Strongarm I,4,504,0,,,,,,FALSE,0,0,0,,impact,,,
789,Hard Bone Strongarm III,,charge-blade,Hard Bone Strongarm II,5,576,0,,Blast,180,,,TRUE,0,0,0,,impact,,,
790,Mighty Strongarm I,,charge-blade,Hard Bone Strongarm III,6,612,0,10,Blast,210,,,TRUE,0,1,0,,impact,,,
791,Mighty Strongarm II,,charge-blade,Mighty Strongarm I,6,684,0,10,Blast,240,,,TRUE,0,0,1,,impact,,,
792,Diablos Wall I,,charge-blade,Hard Bone Strongarm I,4,612,0,10,,,,,FALSE,0,0,0,,impact,,,
793,Diablos Wall II,,charge-blade,Diablos Wall I,5,684,-30,10,Ice,90,,,TRUE,0,0,0,,impact,,,
794,Diablos Tyrannis I,,charge-blade,Diablos Wall II,6,756,0,15,Ice,120,,,TRUE,0,0,0,,impact,,,
795,Diablos Tyrannis II,,charge-blade,Diablos Tyrannis I,7,828,0,15,Ice,180,,,TRUE,0,0,0,,impact,,,
796,Jagras Strongarm I,,charge-blade,Bone Strongarm II,2,396,0,,,,,,FALSE,0,0,0,,impact,,,
797,Jagras Strongarm II,,charge-blade,Jagras Strongarm I,3,432,0,,,,,,FALSE,0,0,0,,impact,,,
798,Jagras Strongarm III,,charge-blade,Jagras Strongarm II,4,468,0,,,,,,FALSE,0,0,0,,impact,,,
799,Jagras Escudo I,,charge-blade,Jagras Strongarm III,5,540,0,,Sleep,120,,,TRUE,1,1,0,,impact,,,
800,Jagras Escudo II,,charge-blade,Jagras Escudo I,6,648,0,,Sleep,150,,,TRUE,0,2,0,,impact,,,
801,Jagras Escudo III,,charge-blade,Jagras Escudo II,6,684,0,,Sleep,180,,,TRUE,0,1,1,,impact,,,
802,Gama Silt I,,charge-blade,Jagras Escudo I,6,576,0,,Blast,150,,,FALSE,0,2,0,,impact,,,
803,Gama Silt II,,charge-blade,Gama Silt I,7,612,0,,Blast,180,,,FALSE,0,2,0,,impact,,,
804,Girros Strongarm I,,charge-blade,Jagras Strongarm I,3,432,15,,Paralysis,180,,,FALSE,0,0,0,,impact,,,
805,Girros Strongarm II,,charge-blade,Girros Strongarm I,4,468,15,,Paralysis,210,,,FALSE,0,0,0,,impact,,,
806,Girros Nadja I,,charge-blade,Girros Strongarm II,5,504,20,,Paralysis,240,,,FALSE,0,0,0,,impact,,,
807,Girros Nadja II,,charge-blade,Girros Nadja I,6,540,20,,Paralysis,270,,,FALSE,0,0,0,,impact,,,
808,Girros Nadja III,,charge-blade,Girros Nadja II,6,576,20,,Paralysis,300,,,FALSE,0,0,0,,impact,,,
809,Hazak Aspida I,,charge-blade,Girros Nadja II,7,648,0,,Dragon,210,,,FALSE,0,1,0,,power element,,,
810,Hazak Aspida II,,charge-blade,Hazak Aspida I,7,684,0,,Dragon,270,,,FALSE,0,1,0,,power element,,,
811,Pulsar Strongarm I,,charge-blade,Bone Strongarm II,2,396,10,,Thunder,90,,,FALSE,0,0,0,,power element,,,
812,Pulsar Strongarm II,,charge-blade,Pulsar Strongarm I,3,432,10,,Thunder,120,,,FALSE,0,0,0,,power element,,,
813,Pulsar Strongarm III,,charge-blade,Pulsar Strongarm II,4,468,10,,Thunder,120,,,FALSE,0,0,0,,power element,,,
814,Kadachi Kaina I,,charge-blade,Pulsar Strongarm III,5,504,15,,Thunder,150,,,FALSE,1,0,0,,power element,,,
815,Kadachi Kaina II,,charge-blade,Kadachi Kaina I,6,576,15,,Thunder,180,,,FALSE,1,0,0,,power element,,,
816,Kadachi Kaina III,,charge-blade,Kadachi Kaina II,6,648,15,,Thunder,210,,,FALSE,1,0,0,,power element,,,
817,Garon Strongarm I,,charge-blade,Pulsar Strongarm II,4,468,20,,,,,,FALSE,0,0,0,,impact,,,
818,Garon Strongarm II,,charge-blade,Garon Strongarm I,5,504,20,,Fire,120,,,TRUE,0,0,0,,impact,,,
819,Hate's Undying Flame,,charge-blade,Garon Strongarm II,6,540,25,,Fire,150,,,TRUE,0,0,0,,impact,,,
820,Odium,,charge-blade,Hate's Undying Flame,8,576,25,,Fire,180,,,TRUE,0,0,0,,impact,,,
821,Dragonbone Cutter I,,charge-blade,,3,360,0,,Dragon,270,,,FALSE,0,0,0,,impact,,,
822,Dragonbone Cutter II,,charge-blade,Dragonbone Cutter I,4,396,0,,Dragon,300,,,FALSE,0,0,0,,impact,,,
823,Dragonbone Cutter III,,charge-blade,Dragonbone Cutter II,6,576,0,,Dragon,360,,,FALSE,2,0,0,,impact,,,
824,Magda Manus,,charge-blade,Dragonbone Cutter I,5,576,0,20,Blast,180,,,FALSE,0,0,0,,impact,,,
825,Avenging Magda Manus,,charge-blade,Magda Manus,8,756,0,20,Blast,210,,,FALSE,0,0,0,,impact,,,
826,Blacksteel Charger I,,charge-blade,,5,360,0,,Dragon,120,,,FALSE,0,0,0,,impact,,,
827,Blacksteel Charger II,,charge-blade,Blacksteel Charger I,6,396,0,,Dragon,150,,,FALSE,0,0,0,,impact,,,
828,Daora's Casca,,charge-blade,Blacksteel Charger II,7,612,10,,Ice,150,,,FALSE,0,1,0,,impact,,,
829,Daora's Thwartoise,,charge-blade,Daora's Casca,8,648,15,,Ice,180,,,FALSE,1,1,0,,impact,,,
830,Xeno Ra'atz,,charge-blade,Blacksteel Charger II,8,648,15,,Dragon,180,,,FALSE,0,0,2,,impact,,,
831,Iron Blade I,,insect-glaive,,1,248,0,,,,,,FALSE,0,0,0,sever,,,,
832,Iron Blade II,,insect-glaive,Iron Blade I,1,279,0,,,,,,FALSE,0,0,0,sever,,,,
833,Iron Blade III,,insect-glaive,Iron Blade II,2,310,0,,,,,,FALSE,0,0,0,sever,,,,
834,Steel Blade I,,insect-glaive,Iron Blade III,3,341,0,,,,,,FALSE,0,0,0,sever,,,,
835,Steel Blade II,,insect-glaive,Steel Blade I,4,403,0,,,,,,FALSE,0,0,0,sever,,,,
836,Steel Blade III,,insect-glaive,Steel Blade II,5,434,0,,Blast,210,,,TRUE,1,0,0,sever,,,,
837,Chrome Blade I,,insect-glaive,Steel Blade III,6,496,0,,Blast,240,,,TRUE,1,0,0,sever,,,,
838,Chrome Blade II,,insect-glaive,Chrome Blade I,6,558,0,,Blast,270,,,TRUE,2,0,0,sever,,,,
839,Nergal Reaper,,insect-glaive,Chrome Blade I,7,620,0,,Dragon,120,,,FALSE,1,0,0,sever,,,,
840,Catastrophe's Light,,insect-glaive,Nergal Reaper,8,651,0,,Dragon,150,,,FALSE,1,0,0,sever,,,,
841,Flame Glaive I,,insect-glaive,Steel Blade I,4,372,10,,Fire,90,,,FALSE,0,0,0,sever,,,,
842,Flame Glaive II,,insect-glaive,Flame Glaive I,5,465,10,,Fire,120,,,FALSE,1,0,0,sever,,,,
843,Rathmaul,,insect-glaive,Flame Glaive II,6,527,20,,Fire,150,,,FALSE,1,0,0,sever,,,,
844,Firedance Rathmaul,,insect-glaive,Rathmaul,7,589,20,,Fire,180,,,FALSE,1,0,0,sever,,,,
845,Kulu Blade I,,insect-glaive,Iron Blade II,2,310,10,,,,,,FALSE,0,0,0,speed,,,,
846,Kulu Blade II,,insect-glaive,Kulu Blade I,3,341,10,,,,,,FALSE,0,0,0,speed,,,,
847,Kulu Blade III,,insect-glaive,Kulu Blade II,4,434,10,,,,,,FALSE,0,0,0,speed,,,,
848,Ya-Ku Wrath I,,insect-glaive,Kulu Blade III,5,465,20,,Sleep,150,,,TRUE,0,0,0,speed,,,,
849,Ya-Ku Wrath II,,insect-glaive,Ya-Ku Wrath I,6,496,20,,Sleep,180,,,TRUE,0,0,0,speed,,,,
850,Ya-Ku Wrath III,,insect-glaive,Ya-Ku Wrath II,6,527,20,,Sleep,210,,,TRUE,0,0,0,speed,,,,
851,Luminous Blade I,,insect-glaive,Kulu Blade I,3,372,0,,,,,,FALSE,0,0,0,speed,,,,
852,Luminous Blade II,,insect-glaive,Luminous Blade I,4,434,0,,,,,,FALSE,0,0,0,speed,,,,
853,Destroyer Bo I,,insect-glaive,Luminous Blade II,5,496,0,,Thunder,240,,,FALSE,1,0,0,speed,,,,
854,Destroyer Bo II,,insect-glaive,Destroyer Bo I,6,527,0,,Thunder,270,,,FALSE,0,1,0,speed,,,,
855,Destroyer Bo III,,insect-glaive,Destroyer Bo II,6,558,0,,Thunder,300,,,FALSE,0,0,1,speed,,,,
856,Frost Blade I,,insect-glaive,Luminous Blade I,4,434,0,,Ice,150,,,FALSE,0,0,0,element,,,,
857,Frost Blade II,,insect-glaive,Frost Blade I,4,465,0,,Ice,180,,,FALSE,2,0,0,element,,,,
858,Freeze Gale I,,insect-glaive,Frost Blade II,6,496,0,,Ice,210,,,FALSE,0,2,0,element,,,,
859,Freeze Gale II,,insect-glaive,Freeze Gale I,6,527,0,,Ice,240,,,FALSE,0,2,0,element,,,,
860,Blooming Glaive I,,insect-glaive,Iron Blade II,2,310,0,,Poison,240,,,FALSE,0,0,0,health,,,,
861,Blooming Glaive II,,insect-glaive,Blooming Glaive I,3,341,0,,Poison,270,,,FALSE,0,0,0,health,,,,
862,Blooming Glaive III,,insect-glaive,Blooming Glaive II,4,403,0,,Poison,300,,,FALSE,0,0,0,health,,,,
863,Datura Blade I,,insect-glaive,Blooming Glaive III,5,465,0,,Poison,330,,,FALSE,0,0,0,health,,,,
864,Datura Blade II,,insect-glaive,Datura Blade I,6,496,0,,Poison,360,,,FALSE,2,0,0,health,,,,
865,Datura Blade III,,insect-glaive,Datura Blade II,6,527,0,,Poison,390,,,FALSE,1,1,0,health,,,,
866,Gama Cane I,,insect-glaive,Datura Blade I,6,496,0,,Blast,120,,,FALSE,0,2,0,stamina,,,,
867,Gama Cane II,,insect-glaive,Gama Cane I,7,527,0,,Blast,150,,,FALSE,0,2,0,stamina,,,,
868,Bone Rod I,,insect-glaive,,1,279,0,,,,,,FALSE,0,0,0,blunt,,,,
869,Bone Rod II,,insect-glaive,Bone Rod I,1,310,0,,,,,,FALSE,0,0,0,blunt,,,,
870,Bone Rod III,,insect-glaive,Bone Rod II,2,341,0,,,,,,FALSE,0,0,0,blunt,,,,
871,Hard Bone Rod I,,insect-glaive,Bone Rod III,3,434,0,,,,,,FALSE,0,0,0,blunt,,,,
872,Hard Bone Rod II,,insect-glaive,Hard Bone Rod I,4,465,0,,,,,,FALSE,0,0,0,blunt,,,,
873,Hard Bone Rod III,,insect-glaive,Hard Bone Rod II,5,496,0,,Paralysis,180,,,TRUE,0,1,0,blunt,,,,
874,Aerial Rod I,,insect-glaive,Hard Bone Rod III,6,527,0,10,Paralysis,210,,,TRUE,0,1,0,blunt,,,,
875,Aerial Rod II,,insect-glaive,Aerial Rod I,6,589,0,10,Paralysis,210,,,TRUE,0,0,1,blunt,,,,
876,Hazak Entoma I,,insect-glaive,Aerial Rod I,7,589,0,,Dragon,150,,,FALSE,0,1,0,blunt,,,,
877,Hazak Entoma II,,insect-glaive,Hazak Entoma I,7,620,0,,Dragon,180,,,FALSE,0,1,0,blunt,,,,
878,Flammenkaefer,,insect-glaive,Bone Rod III,3,403,0,,Fire,210,,,FALSE,0,0,0,blunt,,,,
879,Flammenkaefer+,,insect-glaive,Flammenkaefer,5,558,0,,Fire,240,,,FALSE,0,0,0,blunt,,,,
880,Gnashing Flammenkaefer,,insect-glaive,Flammenkaefer+,7,651,0,,Fire,270,,,FALSE,0,0,0,blunt,,,,
881,Aqua Rod I,,insect-glaive,Bone Rod II,2,341,0,,Water,60,,,FALSE,0,0,0,element,,,,
882,Aqua Rod II,,insect-glaive,Aqua Rod I,3,372,0,,Water,90,,,FALSE,0,0,0,element,,,,
883,Aqua Rod III,,insect-glaive,Aqua Rod II,4,434,0,,Water,120,,,FALSE,0,0,0,element,,,,
884,Water Glaive I,,insect-glaive,Aqua Rod III,5,465,0,,Water,150,,,FALSE,0,1,0,element,,,,
885,Water Glaive II,,insect-glaive,Water Glaive I,6,527,0,,Water,180,,,FALSE,0,1,0,element,,,,
886,Water Glaive III,,insect-glaive,Water Glaive II,6,589,0,,Water,210,,,FALSE,0,1,0,element,,,,
887,Diablos Rod I,,insect-glaive,Aqua Rod II,4,496,0,10,,,,,FALSE,0,0,0,stamina,,,,
888,Diablos Rod II,,insect-glaive,Diablos Rod I,5,620,0,10,Ice,120,,,TRUE,0,1,0,stamina,,,,
889,Tyrannis Glaive I,,insect-glaive,Diablos Rod II,6,682,0,15,Ice,150,,,TRUE,0,1,0,stamina,,,,
890,Tyrannis Glaive II,,insect-glaive,Tyrannis Glaive I,7,713,0,15,Ice,180,,,TRUE,0,1,0,stamina,,,,
891,Pulsar Rod I,,insect-glaive,Bone Rod II,2,341,10,,Thunder,90,,,FALSE,0,0,0,speed,,,,
892,Pulsar Rod II,,insect-glaive,Pulsar Rod I,3,372,10,,Thunder,120,,,FALSE,0,0,0,speed,,,,
893,Pulsar Rod III,,insect-glaive,Pulsar Rod II,4,434,10,,Thunder,150,,,FALSE,0,0,0,speed,,,,
894,Kadachi Pillar I,,insect-glaive,Pulsar Rod III,5,465,10,,Thunder,180,,,FALSE,1,0,0,speed,,,,
895,Kadachi Pillar II,,insect-glaive,Kadachi Pillar I,6,527,10,,Thunder,210,,,FALSE,1,0,0,speed,,,,
896,Kadachi Pillar III,,insect-glaive,Kadachi Pillar II,6,558,10,,Thunder,240,,,FALSE,1,0,0,speed,,,,
897,Garon Rod I,,insect-glaive,Pulsar Rod II,4,403,10,,,,,,FALSE,0,0,0,speed,,,,
898,Garon Rod II,,insect-glaive,Garon Rod I,5,434,10,,Fire,90,,,TRUE,0,0,0,speed,,,,
899,Temptation's Trident,,insect-glaive,Garon Rod II,6,465,20,,Fire,120,,,TRUE,0,1,0,speed,,,,
900,Vice,,insect-glaive,Temptation's Trident,8,496,20,,Fire,150,,,TRUE,0,1,0,speed,,,,
901,Dragonbone Glaive I,,insect-glaive,,3,310,0,,Dragon,300,,,FALSE,0,0,0,element,,,,
902,Dragonbone Glaive II,,insect-glaive,Dragonbone Glaive I,4,341,0,,Dragon,330,,,FALSE,0,0,0,element,,,,
903,Dragonbone Glaive III,,insect-glaive,Dragonbone Glaive II,6,496,0,,Dragon,390,,,FALSE,2,0,0,element,,,,
904,Indigo Flash,,insect-glaive,Dragonbone Glaive I,4,341,0,,Thunder,300,,,FALSE,0,0,0,element,,,,
905,Azure Bolt,,insect-glaive,Indigo Flash,7,434,0,,Thunder,330,,,FALSE,0,0,0,element,,,,
906,Verdant Levin,,insect-glaive,Azure Bolt,8,496,0,,Thunder,360,,,FALSE,0,0,0,element,,,,
907,Blacksteel Glaive I,,insect-glaive,,5,310,0,,Dragon,60,,,FALSE,0,0,0,health,,,,
908,Blacksteel Glaive II,,insect-glaive,Blacksteel Glaive I,6,341,0,,Dragon,90,,,FALSE,0,0,0,health,,,,
909,Daora's Entom,,insect-glaive,Blacksteel Glaive II,7,527,10,,Ice,150,,,FALSE,0,1,0,health,,,,
910,Daora's Tethidine,,insect-glaive,Daora's Entom,8,558,10,,Ice,180,,,FALSE,0,1,0,health,,,,
911,Xeno Shmaena,,insect-glaive,Blacksteel Glaive II,8,558,15,,Dragon,120,,,FALSE,0,0,2,stamina,,,,
912,Chain Blitz I,,light-bowgun,,1,130,0,,,,,,FALSE,0,0,0,,,,,
913,Chain Blitz II,,light-bowgun,Chain Blitz I,1,143,0,,,,,,FALSE,0,0,0,,,,,
914,Chain Blitz III,,light-bowgun,Chain Blitz II,2,156,0,,,,,,FALSE,0,0,0,,,,,
915,High Chain Blitz I,,light-bowgun,Chain Blitz III,3,169,0,,,,,,FALSE,0,0,0,,,,,
916,High Chain Blitz II,,light-bowgun,High Chain Blitz I,4,182,0,,,,,,FALSE,0,0,0,,,,,
917,High Chain Blitz III,,light-bowgun,High Chain Blitz II,5,195,0,,,,,,FALSE,1,0,0,,,,,
918,Cross Blitz I,,light-bowgun,High Chain Blitz III,6,208,0,,,,,,FALSE,1,0,0,,,,,
919,Cross Blitz II,,light-bowgun,Cross Blitz I,6,234,0,,,,,,FALSE,2,0,0,,,,,
920,Nergal Spitter,,light-bowgun,Cross Blitz I,7,247,0,,,,,,FALSE,1,0,0,,,,,
921,Cataclysm's Trigger,,light-bowgun,Nergal Spitter,8,260,0,,,,,,FALSE,1,0,0,,,,,
922,Lumu Blitz I,,light-bowgun,Chain Blitz III,3,169,10,,,,,,FALSE,0,0,0,,,,,
923,Lumu Blitz II,,light-bowgun,Lumu Blitz I,4,182,10,,,,,,FALSE,0,0,0,,,,,
924,Lumu Typhon I,,light-bowgun,Lumu Blitz II,5,195,15,,,,,,FALSE,1,0,0,,,,,
925,Lumu Typhon II,,light-bowgun,Lumu Typhon I,6,208,15,,,,,,FALSE,1,0,0,,,,,
926,Lumu Typhon III,,light-bowgun,,7,221,15,,,,,,FALSE,1,0,0,,,,,
927,Bazel Typhoon I,,light-bowgun,Lumu Typhon I,6,247,0,,,,,,FALSE,1,0,0,,,,,
928,Bazel Typhoon II,,light-bowgun,Bazel Typhoon I,7,260,0,,,,,,FALSE,1,0,0,,,,,
929,Jagras Blitz I,,light-bowgun,Chain Blitz II,2,169,0,,,,,,FALSE,0,0,0,,,,,
930,Jagras Blitz II,,light-bowgun,Jagras Blitz I,3,182,0,,,,,,FALSE,0,0,0,,,,,
931,Jagras Blitz III,,light-bowgun,Jagras Blitz II,4,195,0,,,,,,FALSE,0,0,0,,,,,
932,Jagras Fire I,,light-bowgun,Jagras Blitz III,5,208,0,,,,,,FALSE,2,0,0,,,,,
933,Jagras Fire II,,light-bowgun,Jagras Fire I,6,234,0,,,,,,FALSE,0,2,0,,,,,
934,Jagras Fire III,,light-bowgun,Jagras Fire II,6,247,0,,,,,,FALSE,0,1,1,,,,,
935,Flame Blitz I,,light-bowgun,Jagras Blitz II,4,195,10,,,,,,FALSE,0,0,0,,,,,
936,Flame Blitz II,,light-bowgun,Flame Blitz I,5,208,10,,,,,,FALSE,1,0,0,,,,,
937,Rathbuster I,,light-bowgun,Flame Blitz II,6,221,20,,,,,,FALSE,1,0,0,,,,,
938,Rathbuster II,,light-bowgun,Rathbuster I,7,247,20,,,,,,FALSE,1,0,0,,,,,
939,Thunder Blitz I,,light-bowgun,Jagras Blitz I,3,182,0,,,,,,FALSE,0,0,0,,,,,
940,Thunder Blitz II,,light-bowgun,Thunder Blitz I,4,195,0,,,,,,FALSE,0,0,0,,,,,
941,Lightning Blitz I,,light-bowgun,Thunder Blitz II,5,208,0,,,,,,FALSE,1,0,0,,,,,
942,Lightning Blitz II,,light-bowgun,Lightning Blitz I,6,221,0,,,,,,FALSE,1,0,0,,,,,
943,Lightning Blitz III,,light-bowgun,Lightning Blitz II,6,234,0,,,,,,FALSE,1,0,0,,,,,
944,Snow Blitz I,,light-bowgun,Thunder Blitz I,4,182,0,,,,,,FALSE,0,0,0,,,,,
945,Snow Blitz II,,light-bowgun,Snow Blitz I,5,195,0,,,,,,FALSE,0,0,0,,,,,
946,Frost Blitz I,,light-bowgun,Snow Blitz II,6,221,0,,,,,,FALSE,0,0,0,,,,,
947,Frost Blitz II,,light-bowgun,Frost Blitz I,6,247,0,,,,,,FALSE,0,0,0,,,,,
948,Hunter's Rifle I,,light-bowgun,,1,143,0,,,,,,FALSE,0,0,0,,,,,
949,Hunter's Rifle II,,light-bowgun,Hunter's Rifle I,1,156,0,,,,,,FALSE,0,0,0,,,,,
950,Hunter's Rifle III,,light-bowgun,Hunter's Rifle II,2,169,0,,,,,,FALSE,0,0,0,,,,,
951,Power Rifle I,,light-bowgun,Hunter's Rifle III,3,182,0,,,,,,FALSE,0,0,0,,,,,
952,Power Rifle II,,light-bowgun,Power Rifle I,4,195,0,,,,,,FALSE,0,0,0,,,,,
953,Power Rifle III,,light-bowgun,Power Rifle II,5,208,0,,,,,,FALSE,0,0,0,,,,,
954,Sniper Shot I,,light-bowgun,Power Rifle III,6,221,0,10,,,,,FALSE,0,1,0,,,,,
955,Sniper Shot II,,light-bowgun,Sniper Shot I,6,247,0,10,,,,,FALSE,0,0,1,,,,,
956,Hazak Ereipia,,light-bowgun,Sniper Shot I,7,247,0,,,,,,FALSE,0,1,0,,,,,
957,Gulgoleth's Wail,,light-bowgun,Hazak Ereipia,8,260,0,,,,,,FALSE,0,1,0,,,,,
958,Blazing Rifle I,,light-bowgun,Hunter's Rifle III,3,195,0,,,,,,FALSE,0,0,0,,,,,
959,Blazing Rifle II,,light-bowgun,Blazing Rifle I,4,221,0,,,,,,FALSE,0,0,0,,,,,
960,Anja Buster I,,light-bowgun,Blazing Rifle II,5,234,0,,,,,,FALSE,0,0,0,,,,,
961,Anja Buster II,,light-bowgun,Anja Buster I,6,260,0,,,,,,FALSE,0,0,0,,,,,
962,Anja Buster III,,light-bowgun,Anja Buster II,6,273,0,,,,,,FALSE,0,0,0,,,,,
963,Madness Rifle I,,light-bowgun,Hunter's Rifle II,2,169,0,,,,,,FALSE,0,0,0,,,,,
964,Madness Rifle II,,light-bowgun,Madness Rifle I,3,182,0,,,,,,FALSE,0,0,0,,,,,
965,Madness Rifle III,,light-bowgun,Madness Rifle II,4,195,0,,,,,,FALSE,0,0,0,,,,,
966,Jyura Bullet I,,light-bowgun,Madness Rifle III,5,208,0,,,,,,FALSE,2,0,0,,,,,
967,Jyura Bullet II,,light-bowgun,Jyura Bullet I,6,234,0,,,,,,FALSE,2,0,0,,,,,
968,Jyura Bullet III,,light-bowgun,Jyura Bullet II,6,247,0,,,,,,FALSE,2,0,0,,,,,
969,Lava Bullet I,,light-bowgun,Jyura Bullet I,6,221,0,,,,,,FALSE,0,2,0,,,,,
970,Lava Bullet II,,light-bowgun,Lava Bullet I,7,234,0,,,,,,FALSE,0,2,0,,,,,
971,Carapace Rifle I,,light-bowgun,Hunter's Rifle II,2,169,0,10,,,,,FALSE,0,0,0,,,,,
972,Carapace Rifle II,,light-bowgun,Carapace Rifle I,3,182,0,10,,,,,FALSE,0,0,0,,,,,
973,Carapace Rifle III,,light-bowgun,Carapace Rifle II,4,208,0,10,,,,,FALSE,0,0,0,,,,,
974,Barroth Shot I,,light-bowgun,Carapace Rifle III,5,234,0,15,,,,,FALSE,1,0,0,,,,,
975,Barroth Shot II,,light-bowgun,Barroth Shot I,6,247,0,15,,,,,FALSE,1,0,0,,,,,
976,Barroth Shot III,,light-bowgun,Barroth Shot II,6,260,0,15,,,,,FALSE,1,0,0,,,,,
977,Garon Rifle I,,light-bowgun,Carapace Rifle II,4,195,15,,,,,,FALSE,0,0,0,,,,,
978,Garon Rifle II,,light-bowgun,Garon Rifle I,5,208,15,,,,,,FALSE,0,0,0,,,,,
979,Fate's Ember,,light-bowgun,Garon Rifle II,6,221,30,,,,,,FALSE,1,0,0,,,,,
980,Karma,,light-bowgun,Fate's Ember,8,234,30,,,,,,FALSE,1,0,0,,,,,
981,Dragonbone Bowgun I,,light-bowgun,,3,130,0,,,,,,FALSE,0,0,0,,,,,
982,Dragonbone Bowgun II,,light-bowgun,Dragonbone Bowgun I,4,143,0,,,,,,FALSE,0,0,0,,,,,
983,Dragonbone Bowgun III,,light-bowgun,Dragonbone Bowgun II,6,208,0,,,,,,FALSE,1,0,0,,,,,
984,Onigashima,,light-bowgun,Dragonbone Bowgun II,7,208,0,,,,,,FALSE,1,0,0,,,,,
985,Dai-Onigashima,,light-bowgun,Onigashima,8,221,0,,,,,,FALSE,1,0,0,,,,,
986,Mythical Horn,,light-bowgun,Dragonbone Bowgun I,4,143,0,,,,,,FALSE,0,0,0,,,,,
987,Mythical Horn+,,light-bowgun,Mythical Horn,7,182,0,,,,,,FALSE,0,0,0,,,,,
988,Mythical Three-Horn,,light-bowgun,Mythical Horn+,8,208,0,,,,,,FALSE,0,0,0,,,,,
989,Blacksteel Crossbow I,,light-bowgun,,5,130,0,,,,,,FALSE,0,0,0,,,,,
990,Blacksteel Crossbow II,,light-bowgun,Blacksteel Crossbow I,6,143,0,,,,,,FALSE,0,0,0,,,,,
991,Icesteel Wasp,,light-bowgun,Blacksteel Crossbow II,7,221,10,,,,,,FALSE,0,1,0,,,,,
992,Daora's Hornet,,light-bowgun,Icesteel Wasp,8,234,10,,,,,,FALSE,0,1,0,,,,,
993,Xeno Neqiina,,light-bowgun,Blacksteel Crossbow II,8,234,15,,,,,,FALSE,0,0,2,,,,,
994,Cross Bowgun,,light-bowgun,,6,234,0,20,,,,,FALSE,0,1,0,,,,,
995,Great Bowgun,,light-bowgun,Cross Bowgun,8,260,0,20,,,,,FALSE,0,0,1,,,,,
996,Iron Assault I,,heavy-bowgun,,1,150,0,,,,,,FALSE,0,0,0,,,,,
997,Iron Assault II,,heavy-bowgun,Iron Assault I,1,165,0,,,,,,FALSE,0,0,0,,,,,
998,Iron Assault III,,heavy-bowgun,Iron Assault II,2,180,0,,,,,,FALSE,0,0,0,,,,,
999,Steel Assault I,,heavy-bowgun,Iron Assault III,3,195,0,,,,,,FALSE,0,0,0,,,,,
1000,Steel Assault II,,heavy-bowgun,Steel Assault I,4,210,0,,,,,,FALSE,0,0,0,,,,,
1001,Steel Assault III,,heavy-bowgun,Steel Assault II,5,225,0,,,,,,FALSE,1,0,0,,,,,
1002,Chrome Assault I,,heavy-bowgun,Steel Assault III,6,240,0,,,,,,FALSE,1,0,0,,,,,
1003,Chrome Assault II,,heavy-bowgun,Chrome Assault I,6,255,0,,,,,,FALSE,2,0,0,,,,,
1004,Nergal Roar,,heavy-bowgun,Chrome Assault I,7,270,0,,,,,,FALSE,1,0,0,,,,,
1005,Destruction's Fusillade,,heavy-bowgun,Nergal Roar,8,285,0,,,,,,FALSE,1,0,0,,,,,
1006,Aqua Assault I,,heavy-bowgun,Iron Assault II,2,180,0,,,,,,FALSE,0,0,0,,,,,
1007,Aqua Assault II,,heavy-bowgun,Aqua Assault I,3,195,0,,,,,,FALSE,0,0,0,,,,,
1008,Aqua Assault III,,heavy-bowgun,Aqua Assault II,4,210,0,,,,,,FALSE,0,0,0,,,,,
1009,Water Cannon I,,heavy-bowgun,Aqua Assault III,5,225,0,,,,,,FALSE,0,0,0,,,,,
1010,Water Cannon II,,heavy-bowgun,Water Cannon I,6,240,0,,,,,,FALSE,0,0,0,,,,,
1011,Water Cannon III,,heavy-bowgun,Water Cannon II,6,255,0,,,,,,FALSE,0,0,0,,,,,
1012,Luminous Assault I,,heavy-bowgun,Aqua Assault I,3,195,0,,,,,,FALSE,0,0,0,,,,,
1013,Luminous Assault II,,heavy-bowgun,Luminous Assault I,4,210,0,,,,,,FALSE,0,0,0,,,,,
1014,Arma Destroyer I,,heavy-bowgun,Luminous Assault II,4,225,0,,,,,,FALSE,1,0,0,,,,,
1015,Arma Destroyer II,,heavy-bowgun,Arma Destroyer I,6,240,0,,,,,,FALSE,1,0,0,,,,,
1016,Arma Destroyer III,,heavy-bowgun,Arma Destroyer II,6,255,0,,,,,,FALSE,1,0,0,,,,,
1017,Shattercryst,,heavy-bowgun,Luminous Assault I,4,210,0,,,,,,FALSE,0,0,0,,,,,
1018,Shattercryst+,,heavy-bowgun,Shattercryst,6,240,0,,,,,,FALSE,1,0,0,,,,,
1019,Legia Shattercryst,,heavy-bowgun,Shattercryst+,7,255,0,,,,,,FALSE,1,0,0,,,,,
1020,Jagras Assault I,,heavy-bowgun,Iron Assault II,2,180,0,,,,,,FALSE,0,0,0,,,,,
1021,Jagras Assault II,,heavy-bowgun,Jagras Assault I,3,195,0,,,,,,FALSE,0,0,0,,,,,
1022,Jagras Assault III,,heavy-bowgun,Jagras Assault II,4,210,0,,,,,,FALSE,0,0,0,,,,,
1023,Jagras Cannon I,,heavy-bowgun,Jagras Assault III,5,240,0,,,,,,FALSE,1,0,0,,,,,
1024,Jagras Cannon II,,heavy-bowgun,Jagras Cannon I,6,255,0,,,,,,FALSE,1,0,0,,,,,
1025,Jagras Cannon III,,heavy-bowgun,Jagras Cannon II,7,270,0,,,,,,FALSE,1,0,0,,,,,
1026,Blazing Assault I,,heavy-bowgun,Jagras Assault I,3,210,0,,,,,,FALSE,0,0,0,,,,,
1027,Blazing Assault II,,heavy-bowgun,Blazing Assault I,4,225,0,,,,,,FALSE,0,0,0,,,,,
1028,Flammenkanone,,heavy-bowgun,Blazing Assault II,5,255,0,,,,,,FALSE,1,0,0,,,,,
1029,Gnashing Flammenkanone,,heavy-bowgun,Flammenkanone,7,300,0,,,,,,FALSE,0,0,0,,,,,
1030,Bone Shooter I,,heavy-bowgun,,1,150,0,,,,,,FALSE,0,0,0,,,,,
1031,Bone Shooter II,,heavy-bowgun,Bone Shooter I,1,165,0,,,,,,FALSE,0,0,0,,,,,
1032,Bone Shooter III,,heavy-bowgun,Bone Shooter II,2,195,0,,,,,,FALSE,0,0,0,,,,,
1033,Heavy Shooter I,,heavy-bowgun,Bone Shooter III,3,210,0,,,,,,FALSE,0,0,0,,,,,
1034,Heavy Shooter II,,heavy-bowgun,Heavy Shooter I,4,225,0,,,,,,FALSE,0,0,0,,,,,
1035,Heavy Shooter III,,heavy-bowgun,Heavy Shooter II,5,240,0,,,,,,FALSE,1,0,0,,,,,
1036,Power Shooter I,,heavy-bowgun,Heavy Shooter III,6,255,0,10,,,,,FALSE,0,1,0,,,,,
1037,Power Shooter II,,heavy-bowgun,Power Shooter I,6,270,0,10,,,,,FALSE,0,0,1,,,,,
1038,Diablos Shooter I,,heavy-bowgun,Heavy Shooter I,4,240,0,10,,,,,FALSE,0,0,0,,,,,
1039,Diablos Shooter II,,heavy-bowgun,Diablos Shooter I,5,270,0,10,,,,,FALSE,1,0,0,,,,,
1040,Dual Threat,,heavy-bowgun,Diablos Shooter II,6,300,0,15,,,,,FALSE,1,0,0,,,,,
1041,Nero's Blazooka,,heavy-bowgun,Dual Threat,7,315,0,15,,,,,FALSE,1,0,0,,,,,
1042,Griffon Blazooka,,heavy-bowgun,Nero's Blazooka,8,330,0,15,,,,,FALSE,1,0,0,,,,,
1043,Blooming Shooter I,,heavy-bowgun,Bone Shooter II,2,180,0,,,,,,FALSE,0,0,0,,,,,
1044,Blooming Shooter II,,heavy-bowgun,Blooming Shooter I,3,195,0,,,,,,FALSE,0,0,0,,,,,
1045,Blooming Shooter III,,heavy-bowgun,Blooming Shooter II,4,210,0,,,,,,FALSE,0,0,0,,,,,
1046,Datura Blaster I,,heavy-bowgun,Blooming Shooter III,5,225,0,,,,,,FALSE,2,0,0,,,,,
1047,Datura Blaster II,,heavy-bowgun,Datura Blaster I,6,240,0,,,,,,FALSE,2,0,0,,,,,
1048,Datura Blaster III,,heavy-bowgun,Datura Blaster II,6,255,0,,,,,,FALSE,1,1,0,,,,,
1049,Spiked Shooter I,,heavy-bowgun,Blooming Shooter I,3,195,0,15,,,,,FALSE,0,0,0,,,,,
1050,Spiked Shooter II,,heavy-bowgun,Spiked Shooter I,4,210,0,15,,,,,FALSE,0,0,0,,,,,
1051,Baan Roar I,,heavy-bowgun,Spiked Shooter II,5,225,0,20,,,,,FALSE,0,0,0,,,,,
1052,Baan Roar II,,heavy-bowgun,Baan Roar I,6,255,0,20,,,,,FALSE,0,0,0,,,,,
1053,Baan Roar III,,heavy-bowgun,Baan Roar II,6,270,0,20,,,,,FALSE,0,0,0,,,,,
1054,Gama Cannon I,,heavy-bowgun,Baan Roar I,6,240,0,,,,,,FALSE,1,0,0,,,,,
1055,Gama Cannon II,,heavy-bowgun,Gama Cannon I,7,255,0,,,,,,FALSE,1,0,0,,,,,
1056,Pulsar Shooter I,,heavy-bowgun,Bone Shooter II,2,180,10,,,,,,FALSE,0,0,0,,,,,
1057,Pulsar Shooter II,,heavy-bowgun,Pulsar Shooter I,3,195,10,,,,,,FALSE,0,0,0,,,,,
1058,Pulsar Shooter III,,heavy-bowgun,Pulsar Shooter II,4,210,10,,,,,,FALSE,0,0,0,,,,,
1059,Kadachi Lion I,,heavy-bowgun,Pulsar Shooter III,5,225,15,,,,,,FALSE,1,0,0,,,,,
1060,Kadachi Lion II,,heavy-bowgun,Kadachi Lion I,6,240,15,,,,,,FALSE,1,0,0,,,,,
1061,Kadachi Lion III,,heavy-bowgun,Kadachi Lion II,6,255,15,,,,,,FALSE,1,0,0,,,,,
1062,Dragonbone Cannon I,,heavy-bowgun,,3,150,0,,,,,,FALSE,0,0,0,,,,,
1063,Dragonbone Cannon II,,heavy-bowgun,Dragonbone Cannon I,4,210,0,,,,,,FALSE,0,0,0,,,,,
1064,Dragonbone Cannon III,,heavy-bowgun,Dragonbone Cannon II,6,255,0,,,,,,FALSE,1,0,0,,,,,
1065,Quickcaster,,heavy-bowgun,Dragonbone Cannon I,4,195,0,,,,,,FALSE,0,0,0,,,,,
1066,Quickcaster+,,heavy-bowgun,Quickcaster,7,240,0,,,,,,FALSE,1,0,0,,,,,
1067,Quickquiver,,heavy-bowgun,Quickcaster+,8,255,0,,,,,,FALSE,1,0,0,,,,,
1068,Magda Gemitus I,,heavy-bowgun,Dragonbone Cannon I,5,240,0,20,,,,,FALSE,1,0,0,,,,,
1069,Magda Gemitus II,,heavy-bowgun,Magda Gemitus I,7,315,0,20,,,,,FALSE,0,1,0,,,,,
1070,Blacksteel Cannon I,,heavy-bowgun,,5,150,0,,,,,,FALSE,0,0,0,,,,,
1071,Blacksteel Cannon II,,heavy-bowgun,Blacksteel Cannon I,6,165,0,,,,,,FALSE,0,0,0,,,,,
1072,Teostra's Artillery,,heavy-bowgun,Blacksteel Cannon II,7,255,0,,,,,,FALSE,0,0,0,,,,,
1073,Teostra's Flames,,heavy-bowgun,Teostra's Artillery,8,270,0,,,,,,FALSE,0,0,0,,,,,
1074,Xeno Jiiqa,,heavy-bowgun,Blacksteel Cannon II,8,255,0,,,,,,FALSE,0,0,2,,,,,
1075,Iron Bow I,,bow,,1,96,0,,,,,,FALSE,0,0,0,,,,,
1076,Iron Bow II,,bow,Iron Bow I,1,108,0,,,,,,FALSE,0,0,0,,,,,
1077,Iron Bow III,,bow,Iron Bow II,2,120,0,,,,,,FALSE,0,0,0,,,,,
1078,Steel Bow I,,bow,Iron Bow III,3,132,0,,,,,,FALSE,0,0,0,,,,,
1079,Steel Bow II,,bow,Steel Bow I,4,156,0,,,,,,FALSE,0,0,0,,,,,
1080,Steel Bow III,,bow,Steel Bow II,5,168,0,,Thunder,90,,,TRUE,1,0,0,,,,,
1081,Alloy Bow I,,bow,Steel Bow III,6,180,0,,Thunder,120,,,TRUE,1,0,0,,,,,
1082,Alloy Bow II,,bow,Alloy Bow I,6,204,0,,Thunder,150,,,TRUE,0,2,0,,,,,
1083,Nergal Whisper,,bow,Alloy Bow I,7,228,0,,Dragon,120,,,FALSE,1,0,0,,,,,
1084,Doom's Shaft,,bow,Nergal Whisper,8,240,0,,Dragon,150,,,FALSE,1,0,0,,,,,
1085,Kulu Arrow I,,bow,Iron Bow II,2,120,15,,,,,,FALSE,0,0,0,,,,,
1086,Kulu Arrow II,,bow,Kulu Arrow I,3,132,15,,,,,,FALSE,0,0,0,,,,,
1087,Kulu Arrow III,,bow,Kulu Arrow II,4,156,15,,,,,,FALSE,0,0,0,,,,,
1088,Archer's Dance I,,bow,Kulu Arrow III,5,180,20,,Blast,210,,,TRUE,0,0,0,,,,,
1089,Archer's Dance II,,bow,Archer's Dance I,6,192,20,,Blast,240,,,TRUE,0,0,0,,,,,
1090,Archer's Dance III,,bow,Archer's Dance II,6,204,20,,Blast,270,,,TRUE,0,0,0,,,,,
1091,Brazencord,,bow,Archer's Dance I,6,204,0,30,Fire,120,,,FALSE,0,0,1,,,,,
1092,Gigacles,,bow,Brazencord,8,228,0,30,Fire,150,,,FALSE,0,0,1,,,,,
1093,Princess Arrow I,,bow,Kulu Arrow I,3,132,10,,,,,,FALSE,0,0,0,,,,,
1094,Princess Arrow II,,bow,Princess Arrow I,5,192,10,,Dragon,180,,,TRUE,2,0,0,,,,,
1095,Princess Arrow III,,bow,Princess Arrow II,6,216,10,,Dragon,240,,,TRUE,1,1,0,,,,,
1096,Rathslinger I,,bow,Princess Arrow I,4,144,15,,Fire,150,,,FALSE,0,0,0,,,,,
1097,Rathslinger II,,bow,Rathslinger I,6,204,20,,Fire,210,,,FALSE,1,0,0,,,,,
1098,Rathslinger III,,bow,Rathslinger II,7,216,20,,Fire,240,,,FALSE,1,0,0,,,,,
1099,Aqua Arrow I,,bow,Iron Bow II,2,120,0,,Water,90,,,FALSE,0,0,0,,,,,
1100,Aqua Arrow II,,bow,Aqua Arrow I,3,132,0,,Water,120,,,FALSE,0,0,0,,,,,
1101,Aqua Arrow III,,bow,Aqua Arrow II,4,144,0,,Water,150,,,FALSE,0,0,0,,,,,
1102,Water Shot I,,bow,Aqua Arrow I,5,168,0,,Water,180,,,FALSE,0,1,0,,,,,
1103,Water Shot II,,bow,Water Shot I,6,180,0,,Water,210,,,FALSE,0,1,0,,,,,
1104,Water Shot III,,bow,Water Shot II,6,204,0,,Water,240,,,FALSE,0,0,1,,,,,
1105,Glacial Arrow I,,bow,Aqua Arrow II,4,144,0,,Ice,270,,,FALSE,0,0,0,,,,,
1106,Glacial Arrow II,,bow,Glacial Arrow I,5,156,0,,Ice,330,,,FALSE,0,0,0,,,,,
1107,Snowfletcher,,bow,Glacial Arrow I,6,168,0,,Ice,360,,,FALSE,0,0,0,,,,,
1108,Legia Snowfletcher,,bow,Snowfletcher,8,180,0,,Ice,390,,,FALSE,0,0,0,,,,,
1109,Hunter's Bow I,,bow,,1,120,0,,,,,,FALSE,0,0,0,,,,,
1110,Hunter's Bow II,,bow,Hunter's Bow I,1,132,0,,,,,,FALSE,0,0,0,,,,,
1111,Hunter's Bow III,,bow,Hunter's Bow II,2,144,0,,,,,,FALSE,0,0,0,,,,,
1112,Hunter's Stoutbow I,,bow,Hunter's Bow III,3,156,0,,,,,,FALSE,0,0,0,,,,,
1113,Hunter's Stoutbow II,,bow,Hunter's Stoutbow I,4,168,0,,,,,,FALSE,0,0,0,,,,,
1114,Hunter's Stoutbow III,,bow,Hunter's Stoutbow II,5,180,0,,Water,240,,,TRUE,0,1,0,,,,,
1115,Hunter's Proudbow I,,bow,Hunter's Stoutbow III,6,192,0,10,Water,300,,,TRUE,0,1,0,,,,,
1116,Hunter's Proudbow II,,bow,Hunter's Proudbow I,6,216,0,10,Water,360,,,TRUE,0,0,1,,,,,
1117,Hazak Velos I,,bow,Hunter's Proudbow I,7,216,0,,Dragon,240,,,FALSE,0,1,0,,,,,
1118,Hazak Velos II,,bow,Hazak Velos I,7,228,0,,Dragon,270,,,FALSE,0,1,0,,,,,
1119,Diablos Bow I,,bow,Hunter's Stoutbow I,4,192,0,10,,,,,FALSE,0,0,0,,,,,
1120,Diablos Bow II,,bow,Diablos Bow I,5,216,0,10,Ice,60,,,TRUE,2,0,0,,,,,
1121,Diablos Coilbender,,bow,Diablos Bow II,7,240,0,15,Ice,90,,,TRUE,2,0,0,,,,,
1122,Galebender,,bow,Diablos Coilbender,7,252,0,15,Ice,120,,,TRUE,2,0,0,,,,,
1123,Cera Coilbender,,bow,Galebender,8,264,0,15,Ice,150,,,TRUE,2,0,0,,,,,
1124,Blooming Arch I,,bow,Hunter's Bow II,2,144,0,,,,,,FALSE,0,0,0,,,,,
1125,Blooming Arch II,,bow,Blooming Arch I,3,156,0,,,,,,FALSE,0,0,0,,,,,
1126,Blooming Arch III,,bow,Blooming Arch II,4,168,0,,,,,,FALSE,0,0,0,,,,,
1127,Datura String I,,bow,Blooming Arch III,5,180,0,,Blast,180,,,TRUE,1,1,0,,,,,
1128,Datura String II,,bow,Datura String I,6,192,0,,Blast,210,,,TRUE,1,1,0,,,,,
1129,Datura String III,,bow,Datura String II,6,204,0,,Blast,240,,,TRUE,1,1,0,,,,,
1130,Blazing Bow I,,bow,Blooming Arch I,3,156,0,,Fire,210,,,FALSE,0,0,0,,,,,
1131,Blazing Bow II,,bow,Blazing Bow I,4,168,0,,Fire,270,,,FALSE,0,0,0,,,,,
1132,Anja Arch I,,bow,Blazing Bow II,5,192,0,,Fire,330,,,FALSE,0,0,0,,,,,
1133,Anja Arch II,,bow,Anja Arch I,6,216,0,,Fire,360,,,FALSE,0,0,0,,,,,
1134,Anja Arch III,,bow,Anja Arch II,6,240,0,,Fire,390,,,FALSE,0,0,0,,,,,
1135,Pulsar Bow I,,bow,Hunter's Bow II,2,144,10,,Thunder,150,,,FALSE,0,0,0,,,,,
1136,Pulsar Bow II,,bow,Pulsar Bow I,3,156,10,,Thunder,180,,,FALSE,0,0,0,,,,,
1137,Pulsar Bow III,,bow,Pulsar Bow II,4,168,10,,Thunder,210,,,FALSE,0,0,0,,,,,
1138,Kadachi Strikebow,,bow,Pulsar Bow III,5,180,15,,Thunder,250,,,FALSE,1,0,0,,,,,
1139,Flying Kadachi Strikebow,,bow,Kadachi Strikebow,7,204,15,,Thunder,270,,,FALSE,1,0,0,,,,,
1140,Dragonbone Bow I,,bow,,3,120,0,,Dragon,300,,,FALSE,0,0,0,,,,,
1141,Dragonbone Bow II,,bow,Dragonbone Bow I,4,132,0,,Dragon,360,,,FALSE,0,0,0,,,,,
1142,Dragonbone Bow III,,bow,Dragonbone Bow II,6,180,0,,Dragon,420,,,FALSE,2,0,0,,,,,
1143,Blacksteel Bow I,,bow,,5,120,0,,Dragon,120,,,FALSE,0,0,0,,,,,
1144,Blacksteel Bow II,,bow,Blacksteel Bow I,6,132,0,,Dragon,150,,,FALSE,0,0,0,,,,,
1145,Icesteel Bow,,bow,Blacksteel Bow II,7,192,10,,Ice,210,,,FALSE,1,1,0,,,,,
1146,Daora's Sagittarii,,bow,Icesteel Bow,8,204,10,,Ice,240,,,FALSE,1,1,0,,,,,
1147,Xeno Metora,,bow,Blacksteel Bow II,8,204,15,,Dragon,180,,,FALSE,0,0,2,,,,,
1148,Cross Hunter's Bow,,bow,,6,216,0,20,Blast,120,,,FALSE,0,0,1,,,,,
1149,Great Hunter's Bow,,bow,Cross Hunter's Bow,8,228,0,20,Blast,150,,,FALSE,0,0,1,,,,,
