name,classification,client,location,difficulty,clear_type,hunter_rank,time_limit,faint_limit,zeni_reward,request_text,target_text
Jagras of the Ancient Forest,Assignment,The Commander,Ancient Forest,1,Slay,0,50,3,720,"Zorah Magdaros's appearance has brought about changes in the local ecosystem. Head into Jagras territory to investigate, and take them out if necessary.",Slay 7 Jagras
A Kestodon Kerfuffle,Assignment,The Commander,Ancient Forest,2,Slay,0,50,3,1200,Zorah Magdaros's appearance has driven a herd of Kestodon to new territory. We'll need you to go out and thin that herd of head-butters.,Complete the assignment
The Great Jagras Hunt,Assignment,Field Team Leader,Ancient Forest,2,Hunt,0,50,3,1200,"Things I'm not interested in writing in my daily report: ""Researchers swallowed whole by Great Jagras."" Take it out before I actually have to write it!",Hunt a Great Jagras
Butting Heads with Nature,Optional,Chief Ecologist,Ancient Forest,1,Slay,0,50,3,720,"Blasted Kestodon! Every single time we go out to collect samples, those annoying creatures knock us on our tushes! I wish they'd butt out of our research!",Slay 12 Kestadon
A Thicket of Thugs,Optional,Chief Ecologist,Ancient Forest,1,Slay,0,50,3,720,"One of my field researchers wants to collect brightmoss to study. Only problem is, it's mostly found in caves. Guess what else is mostly found in caves? That's right...Jagras!",Slay 7 Jagras
Fungal Flexin' in the Ancient Forest,Optional,The Meowscular Chef,Ancient Forest,1,Delivery,0,50,3,720,"Supplements? At MY Canteen? Pfft! We're all organic, baby! If you need vitamin D, get some Gourmet Shroomcaps! *Unlocks a new Canteen ingredient on first time completion.",Deliver 20 Gourmet Shroomcaps
Bird-Brained Bandit,Assignment,Provisions Manager,Ancient Forest,2,Hunt,2,50,3,1800,The Kulu-Ya-Ku uses its dexterous forearms to carry objects. Left unchecked it's liable to run off with crucial supplies. Step one of rebuilding a secure camp is hunting that thief!,Hunt a Kulu-Ya-Ku
Urgent: Pukei-Pukei Hunt,Assignment,The Commander,Ancient Forest,3,Hunt,0,50,3,2520,That Pukei-Pukei is none too pleased to have that slag in its territory. It'll be even less pleased if we send in our scholars to research it. Looks like we have to put it down.,Hunt a Pukei-Pukei
The Great Glutton,Optional,Chief Ecologist,Ancient Forest,2,Hunt,0,50,3,1800,I'm sure by now you've seen the way Great Jagras swallow its prey whole. One's been spotted again in the forest. Take it out before one of my researchers gets gobbled up!,Hunt a Great Jagras
Camp Crasher,Optional,Chief Ecologist,Ancient Forest,2,Hunt,2,50,3,1800,The other morning one of my researchers woke to his camp having been pilfered by one of those thieving Kulu-Ya-Ku. Do something about it before it ransacks another camp!,Hunt a Kulu-Ya-Ku
Snatch the Snatcher,Optional,Smart Biologist,Wildspire Waste,2,Capture,3,50,3,2520,The Kulu-Ya-Ku uses its nimble forearms to pick up stones and eggs. Monsters that use tools are exceptionally rare. I'd like you to catch one for closer study.,Capture a Kulu-Ya-Ku
The Pain from Gains,Optional,The Meowscular Chef,Wildspire Waste,2,Slay,3,50,3,1080,My paw-thritis is acting up again. Years of Palico-ing will do that to you. The best remedy? Good ol' Gajau liver oil! *Unlocks a new Canteen ingredient on first time completion.,Slay 7 Gajau
Exterminator of the Waste,Optional,The Meowscular Chef,Wildspire Waste,2,Slay,3,50,3,1080,"I need you to go out to the Wildspire Waste and waste a few Vespoids...or as I like to call them, punchin' bags with wings. *Unlocks a new Canteen ingredient on first time completion.",Slay 14 Vespoid
The Best Kind of Quest,Assignment,The Commander,Wildspire Waste,3,Special,3,50,3,2520,Something surely left by Zorah Magdaros was discovered out in the Wildspire Waste. Fifth Fleet hunters: Keep our scholars safe as you escort them out to investigate this new evidence.,Complete the assignment
Sinister Shadows in the Swamp,Assignment,The Commander,Wildspire Waste,3,Special,3,50,3,3240,A young scholar has gotten separated from his escort out in the Wildspire Waste. Find him and escort him back to base. Neutralize any large monsters that pose a threat.,Complete the assignment
Flying Sparks: Tobi-Kadachi,Assignment,Chief Botanist,Ancient Forest,3,Hunt,4,50,3,3240,"Oh, my! That Tobi-Kadachi sure is getting in the way of progress! You hunters will never get a hold of these specialized tools I'm making if I become its dinner!",Hunt a Tobi-Kadachi
The Encroaching Anjanath,Assignment,Field Team Leader,Ancient Forest,4,Hunt,4,50,3,4320,"As we're gearing up to capture Zorah Magdaros, we need to secure Astera as much as we can. It's too much of a risk to have that Anjanath roaming so close to base.",Hunt an Anjanath
Special Arena: Pukei-Pukei,Optional,Arena Lass,Special Arena,3,Hunt,3,50,3,2520,"A new challenger: Pukei-Pukei, the Toxic Tussler, the Lickin' Machine! He won't listen when you say ""no tongues""! Think you can go toe-to-toe—er, toe-to-claw with this heavy hitter!?",Hunt a Pukei-Pukei
Special Arena: Barroth,Optional,Arena Lass,Special Arena,3,Hunt,4,50,3,2520,"A new challenger: Barroth, the Hulking Headbutt, the Skull- cracker! Lose to this guy, and your name is mud! Think you can go toe-to-toe—er, toe-to-claw with this heavy hitter!?",Hunt a Barroth
Special Arena: Tobi-Kadachi,Optional,Arena Lass,Special Arena,3,Hunt,5,50,3,3240,"A new challenger: Tobi-Kadachi, the Leaping Lizard, the Bite- master! He'll clean your clock with thunder shocks! Think you can go toe-to-toe—er, toe-to-claw with this heavy hitter!?",Hunt a Tobi-Kadachi
Scatternut Shortage,Optional,Chief Ecologist,Ancient Forest,3,Hunt,2,50,3,2520,A Pukei-Pukei must have shown up because it's getting more and more difficult to gather scatternuts! We can't study them if the only specimens we can gather are covered in poison!,Hunt a Pukei-Pukei
The Current Situation,Optional,Chief Ecologist,Ancient Forest,3,Hunt,4,50,3,3240,Don't touch me! Don't touch me! *zap* I told you NOT TO TOUCH ME! A blasted Tobi-Kadachi has shown up and now I can't touch anything without getting— *ZAP* OUCH!,Hunt a Tobi-Kadachi
Mired in the Spire,Optional,Chief Ecologist,Wildspire Waste,3,Hunt,3,50,3,2520,The Carrier Ants out in the Wildspire Waste are extraordinary engineers. We've been trying to further our research of them but a Barroth appeared and mucked up our entire operation.,Hunt a Barroth
The Piscine Problem,Optional,Chief Ecologist,Wildspire Waste,3,Hunt,3,50,3,3240,The Iron Helmcrab is such a fascinating creature. Just kick it over and out pops a piercing pod! We'd love to study them more but not with a Jyuratodus lurking about!,Hunt a Jyuratodus
Prickly Predicament,Optional,Laid-back Botanist,Wildspire Waste,3,Delivery,3,50,3,1080,"I'm confident the plants native to the waste will help us grow our Ancient Trees, but I need your help gathering them! *Unlocks a Botanical Research item on first time completion.",Deliver 20 Bauble Cactuses
Gettin' Yolked in the Waste,Optional,The Meowscular Chef,Wildspire Waste,3,Delivery,3,50,3,1080,You ready for leg day!? GOOD! You'll need 'em when you're running from that Apceros herd! Now go get me my purr-otein! *Unlocks a new Canteen ingredient on first time completion.,Deliver 2 Herbivore Eggs
Landing the Landslide Wyvern,Optional,Smart Biologist,Wildspire Waste,3,Capture,3,50,3,3600,"Barroth dwell in the marshes of the Wildspire Waste, but details of their activities, diet, and nesting habits remain unknown. Catch one to help shed light on the issue.",Capture a Barroth
One for the History Books,Assignment,The Commander,Great Ravine,4,Special,5,50,3,4320,At dawn we'll attempt what no one in history has dared: Capture an elder dragon! Make your preparations and proceed to the site. May the Sapphire Star guide us all.,Complete the assignment
Ballooning Problems,Assignment,Third Fleet Master,Coral Highlands,4,Hunt,6,50,3,4320,"...I'm sorry, I just retched thinking about that monster's face. Seriously, you'll be doing it a favor...and us too. Hunt it and the Airship Engineer will have everything he needs.",Hunt a Paolumu
Radobaan Roadblock,Assignment,The Handler,Rotten Vale,4,Hunt,7,50,3,4320,"The bones covering Radobaan's body are gonna be tough to get through, but if we want to continue our survey of the Rotten Vale, you'll need to find a way!",Hunt a Radobaan
Legiana: Embodiment of Elegance,Assignment,Third Fleet Master,Coral Highlands,5,Hunt,8,50,3,5400,"You already know how I feel about that intolerable creature. As long as it controls the skies in the highlands, we'll never be able to make our descent. Do take care of it, won't you?",Hunt a Legiana
Special Arena: Anjanath,Optional,Arena Lass,Special Arena,4,Hunt,,50,3,,"A new challenger: Anjanath, the Jaws of Death, the Stomp- asaurus! He's just stopped by for a quick bite! Think you can go toe-to-toe—er, toe-to-claw with this heavy hitter!?",Hunt an Anjanath
Special Arena: Rathian,Optional,Arena Lass,Special Arena,4,Hunt,,50,3,,"A new challenger: Rathian, the Queen o' Green, the Sky- borne Slasher! Don't get the lady angry; she's poison! Think you can go toe-to-toe—er, toe-to-claw with this heavy hitter!?",Hunt a Rathian
Special Arena: Paolumu,Optional,Arena Lass,Special Arena,4,Hunt,7,50,3,4320,"A new challenger: Paolumu, the Punishing Puffball, the Fear- igible! It may not be fair, but he's walking on air! Think you can go toe-to-toe—er, toe-to-claw with this heavy hitter!?",Hunt a Paolumu
Special Arena: Radobaan,Optional,Arena Lass,Special Arena,4,Hunt,,50,3,,"A new challenger: Radobaan, the Roto-Ravager, the Grinder! Better dodge fast, or you'll be boned! Think you can go toe-to-toe—er, toe-to-claw with this heavy hitter!?",Hunt a Radobaan
One Helluva Sinus Infection,Optional,Chief Ecologist,Ancient Forest,4,Hunt,4,50,3,4320,Our entire department is out with the flu because of that Anjanath. How could they not be? The Ancient Forest is covered from top to bottom with that nasty mucus!,Hunt an Anjanath
Gettin' Yolked in the Forest,Optional,The Meowscular Chef,Ancient Forest,4,Delivery,4,50,3,3600,You ready for leg day!? GOOD! You'll need 'em when you're running from that Rathian! Now go get me my purr-otein! *Unlocks a new Canteen ingredient on first time completion.,Deliver 2 Wyvern Eggs
Royal Relocation,Optional,Laid-back Botanist,Wildspire Waste,4,Hunt,5,50,3,4320,The samples I need to further my Ancient Tree research are right under a Rathian's nest. Perhaps you can move it for me? *Unlocks a Botanical Research item on first time completion.,Hunt a Rathian
It's a Crying Shamos,Optional,The Meowscular Chef,Coral Highlands,4,Slay,6,50,3,2520,I almost feel bad for 'em. Those scrawny little monsters don't even stand a chance. Go flex on 'em while I get the goods! *Unlocks a new Canteen ingredient on first time completion.,Slay 11 Shamos
A Tzitzi for Science,Optional,Eccentric Trio,Coral Highlands,4,Hunt,6,50,3,3240,"We've heard talk of the Coral Highlands' Tzitzi-Ya-Ku, how it emits flashes of light to blind its enemies. We must know the mechanics involved. Field team, please hunt one for our studies!",Hunt a Tzitzi-Ya-Ku
Sorry You're Not Invited,Optional,Chief Ecologist,Coral Highlands,4,Hunt,6,50,3,4320,This is sort of an odd request but there is a birthday party coming up this weekend and we're in desperate need of balloons. If you could help us out you'd be a real hero!,Hunt a Paolumu
What a Bunch of Abalone,Optional,The Meowscular Chef,Coral Highlands,4,Delivery,6,50,3,3600,You ready for arms day!? GOOD! You're gonna need 'em to gather these ingredients I've had my eye on! *Unlocks a new Canteen ingredient on first time completion.,Deliver 10 Super Abalone
White Monster for a White Coat,Optional,Smart Biologist,Coral Highlands,4,Capture,6,50,3,5760,"Paolumu dwell in the Coral Highlands, but details of their activities, diet, and nesting habits remain unknown. Catch one to help shed light on this mysterious creature.",Capture a Paolumu
Persistent Pests,Optional,Chief Botanist,Rotten Vale,4,Slay,8,50,3,2520,There's a spot that I'm certain hides the secret to new Ancient Tree growth but it's infested with Hornetaurs! *Unlocks a Botanical Research slot on first time completion.,Slay 14 Hornetaur
A Rotten Thing To Do,Optional,Stunned Researcher,Rotten Vale,4,Hunt,8,50,3,3240,"I was work-k-king the Rotten V-Vale when a G-G-Great Girros z-z-zapped me from behind. I g-got out in one piece, but I'm still all t-t-tingly... Finish the j-j-job for me? P-Please!",Hunt a Great Girros
A Bone to Pick,Optional,Chief Ecologist,Rotten Vale,4,Hunt,8,50,3,4320,It's nearly impossible for any of our researchers to study fossils in the Rotten Vale because they keep getting stuck to that blasted Radobaan rolling around down there...,Hunt a Radobaan
On Nightmare's Wings,Optional,The Armory,Rotten Vale,4,Slay,8,50,3,2520,"Here at the Second Fleet, we've been working to develop new tools to help your hunts, but we need YOUR help gathering the materials. We're counting on you to take this quest!",Slay 5 Raphinos
Into the Bowels of the Vale,Assignment,Third Fleet Master,Rotten Vale,5,Special,8,50,3,5400,"...... Certain death awaits you in the depths, but so does the key to finding Zorah Magdaros. A fair trade-off if you ask me.",Complete the assignment
A Fiery Throne Atop the Forest,Assignment,The Handler,Ancient Forest,5,Hunt,8,50,3,5400,The First Wyverian's not gonna spill the beans about Zorah until we stand on top of the food chain. That means we gotta hunt us a Rathalos! ...Does that mean we have to eat it too?,Hunt a Rathalos
Horned Tyrant Below the Sands,Assignment,The Handler,Wildspire Waste,5,Hunt,8,50,3,5400,The First Wyverian's not gonna spill the beans about Zorah until we stand on top of the food chain. That means we gotta hunt us a Diablos! ...Does that mean we have to eat it too?,Hunt a Diablos
A Colossal Task,Assignment,The Commander,Everstream,6,Special,10,50,3,8280,The operation is set to commence in the Everstream. Do everything you can to force Zorah Magdaros out to sea. We must not fail! May the Sapphire Star light our way!,Complete the assignment
Special Arena: Legiana,Optional,Arena Lass,Special Arena,5,Hunt,,50,3,5400,"A new challenger: Legiana, the Slipstream Striker, the Wing leader! Remember, you can't spell flight without fight! Think you can go toe-to-toe—er, toe-to-claw with this heavy hitter!?",Hunt a Legiana
Special Arena: Odogaron,Optional,Arena Lass,Special Arena,5,Hunt,,50,3,5400,"A new challenger: Odogaron, the Muscle Mutt, the Rex Who Wrecks! He'll bite your leg to fetch the stick inside! Think you can go toe-to-toe—er, toe-to-claw with this heavy hitter!?",Hunt an Odogaron
Special Arena: Rathalos,Optional,Arena Lass,Special Arena,5,Hunt,,50,3,5400,"A new challenger: Rathalos, the Red-Hot Raider, the Fire- starter! Forgive the fireballs; he likes his meals cooked! Think you can go toe-to-toe—er, toe-to-claw with this heavy hitter!?",Hunt a Rathalos
Special Arena: Diablos,Optional,Arena Lass,Special Arena,5,Hunt,10,50,3,5400,"A new challenger: Diablos, the Sandy Stampede, Biggus Diggus! Don't hang around if he's underground! Think you can go toe-to-toe—er, toe-to-claw with this heavy hitter!?",Hunt a Diablos
When Desire Becomes an Obsession,Optional,Chief Ecologist,Ancient Forest,5,Hunt,8,50,3,5400,"They say that Rathalos possess the rarest of gems, but I'm having a hard to time obtaining one. I've already gone through ten or so of them with no luck. Oh well, bring me another!",Hunt a Rathalos
"Redefining the ""Power Couple""",Optional,The Armory,Ancient Forest,5,Hunt,9,50,3,7920,"Here at the Second Fleet, we've been working to develop new tools to help your hunts, but we need YOUR help gathering the materials. We're counting on you to take this quest!",Hunt all target monsters
Twin Spires Upon the Sands,Optional,Chief Ecologist,Wildspire Waste,5,Hunt,8,50,3,5400,Did you know there's a species of insect that survives by burrowing into Diablos tails? No? Well neither do we! And we won't find out unless you go and bring us one to be sure!,Hunt a Diablos
A Humid Headache,Optional,Chief Ecologist,Coral Highlands,5,Hunt,8,50,3,5400,This weather is so humid you could cut the air with a great sword! Our department could do with some climate control and I know just the monster that can provide some relief!,Hunt a Legiana
Gone in a Flash,Optional,Impatient Biologist,Coral Highlands,5,Slay,8,50,3,9000,Why are you still here? An elder dragon's been spotted and you're just hanging out!? Hurry up before it gets away! *Unlocks a new Specialized Tool on first time completion.,Slay a Kirin
Scratching the Itch,Optional,Chief Ecologist,Rotten Vale,5,Hunt,8,50,3,5400,This morning I awoke to a brilliant epiphany! I have an idea for something every hunter needs after a long day out in the field...Odogaron backscratchers!,Hunt an Odogaron
Man's Best Fiend,Optional,Smart Biologist,Rotten Vale,5,Capture,8,50,3,7200,"I really miss my old pet. The days we spent going to the park, playing fetch. I long for that companionship... that loyalty. Please go out and find me a new one.",Capture an Odogaron
The Meat of the Matter,Optional,The Meowscular Chef,Rotten Vale,5,Delivery,8,50,3,3600,You ready for back day!? GOOD! You'll need to put your back into it to get all the ingredients on this list! *Unlocks a new Canteen ingredient on first time completion.,Deliver 2 Lumps of Meat
Invader in the Waste,Assignment,The Handler,Wildspire Waste,6,Hunt,11,50,3,7200,"A Pukei-Pukei in the Wildspire Waste!? As if that's not already weird enough, this one's extra tough. We've gotta get to the bottom of this! Be careful, Partner!",Hunt a Pukei-Pukei
Tickled Pink,Assignment,Chief Ecologist,Wildspire Waste,6,Hunt,11,50,3,9000,A powerful Anjanath's been sighted! Their kind's the gold— pink?—standard for New World monsters. We can't let this chance at an ideal sample slip away. Go hunt it ASAP!,Hunt an Anjanath
Old World Monster in the New World,Assignment,The Commander,Coral Highlands,7,Special,12,50,3,12600,We've finally tracked down the source of those mysterious tracks. Report to the Coral Highlands and seek it out! I'll be expecting your report as soon as you're done!,Complete the assignment
Special Arena: HR Pukei-Pukei,Optional,Arena Lass,Special Arena,6,Hunt,,50,3,,"A new challenger: Pukei-Pukei, the Toxic Tussler, the Lickin' Machine! He won't listen when you say ""no tongues""! The gloves are off—not that we have gloves that big...",Hunt a Pukei-Pukei
Special Arena: HR Barroth,Optional,Arena Lass,Special Arena,6,Hunt,,50,3,,"A new challenger: Barroth, the Hulking Headbutt, the Skullcracker! Lose to this guy, and your name is mud! The gloves are off—not that we have gloves that big...",Hunt a Barroth
Special Arena: HR Tobi-Kadachi,Optional,Arena Lass,Special Arena,6,Hunt,,50,3,,"A new challenger: Tobi-Kadachi, the Leaping Lizard, the Bitemaster! He'll clean your clock with thunder shocks! The gloves are off—not that we have gloves that big...",Hunt a Tobi-Kadachi
Special Arena: HR Anjanath,Optional,Arena Lass,Special Arena,6,Hunt,,50,3,,"A new challenger: Anjanath, the Jaws of Death, the Stompasaurus! He's just stopped by for a quick bite! The gloves are off—not that we have gloves that big...",Hunt an Anjanath
Special Arena: HR Rathian,Optional,Arena Lass,Special Arena,6,Hunt,,50,3,,"A new challenger: Rathian, the Queen o' Green, the Skyborne Slasher! Don't get the lady angry; she's poison! The gloves are off—not that we have gloves that big...",Hunt a Rathian
Special Arena: HR Paolumu,Optional,Arena Lass,Special Arena,6,Hunt,12,50,3,7200,"A new challenger: Paolumu, the Punishing Puffball, the Fearigible! It may not be fair, but he's walking on air! The gloves are off—not that we have gloves that big...",Hunt a Paolumu
Special Arena: HR Radobaan,Optional,Arena Lass,Special Arena,6,Hunt,,50,3,,"A new challenger: Radobaan, the Roto-Ravager, the Grinder! Better dodge fast, or you'll be boned! The gloves are off—not that we have gloves that big...",Hunt a Radobaan
Left Quite the Impression,Optional,Chief Ecologist,Everstream,6,Special,11,50,3,8280,"Doesn't the sight of Zorah Magdaros make your heart skip a beat? Let me assure you, seeing its scales close up is just as awe-inspiring. It's imperative that we study it more.",Guide Zorah Magdaros
Hard to Swallow,Optional,The Commander,Ancient Forest,6,Hunt,11,50,3,5400,"We've gotten a disturbing report of an unusually powerful Great Jagras appearing in the Ancient Forest. Begin your investigation ASAP, but beware its gluttonous appetite!",Hunt a Great Jagras
Googly-eyed Green Monster,Optional,The Commander,Ancient Forest,6,Hunt,11,50,3,7200,"We've gotten a disturbing report of an unusually powerful Pukei-Pukei appearing in the Ancient Forest. Begin your investigation ASAP, but beware its poisonous attacks!",Hunt a Pukei-Pukei
A Hair-Raising Experience,Optional,The Commander,Ancient Forest,6,Hunt,11,50,3,7200,"We've gotten a disturbing report of an unusually powerful Tobi-Kadachi appearing in the Ancient Forest. Begin your investigation ASAP, but beware its lightning speed!",Hunt a Tobi-Kadachi
It Can't See You if You Don't Move,Optional,The Commander,Ancient Forest,6,Hunt,11,50,3,9000,"We've gotten a disturbing report of an unusually powerful Anjanath appearing in the Ancient Forest. Begin your investigation ASAP, but beware its fiery attacks!",Hunt an Anjanath
The Sleeping Sylvan Queen,Optional,The Commander,Ancient Forest,6,Hunt,11,50,3,9000,A major change in the ecosystem is driving monsters from their natural habitats. Head to the Ancient Forest and begin your investigation of the invading Rathian immediately!,Hunt a Rathian
Stuck in Their Ways,Optional,Shy Scholar,Ancient Forest,6,Capture,11,50,3,9360,Those three crazy old scholars went to study a LIVE Tobi- Kadachi. Please go capture it before they hurt themselves! *Unlocks a new Canteen ingredient on first time completion.,Capture a Tobi-Kadachi
Keep Your Hands to Yourself!,Optional,The Commander,Wildspire Waste,6,Hunt,11,50,3,5400,"We've gotten a disturbing report of an unusually powerful Kulu-Ya-Ku roaming the Wildspire Waste. Begin your investigation ASAP, but beware its clever attacks!",Hunt a Kulu-Ya-Ku
A Crown of Mud and Anger,Optional,The Commander,Wildspire Waste,6,Hunt,0,50,3,7200,"We've gotten a disturbing report of an unusually powerful Barroth roaming the Wildspire Waste. Begin your investigation ASAP, but beware its mud-caked attacks!",Hunt a Barroth
Pukei-Pukei Ambush,Optional,The Commander,Wildspire Waste,6,Hunt,11,50,3,7200,A major change in the ecosystem is driving monsters from their natural habitats. Head to the Wildspire Waste and begin your investigation of the invading Pukei-Pukei ASAP!,Hunt a Pukei-Pukei
Up to Your Waist in the Waste,Optional,The Commander,Wildspire Waste,6,Hunt,11,50,3,9000,"We've gotten a disturbing report of an unusually powerful Jyuratodus appearing in the Wildspire Waste. Begin your investigation ASAP, but beware of getting stuck in the muck!",Hunt a Jyuratodus
"Brown Desert, Green Queen",Optional,The Commander,Wildspire Waste,6,Hunt,11,50,3,9000,"We've gotten a disturbing report of an unusually powerful Rathian appearing in the Wildspire Waste. Begin your investigation ASAP, but beware of its poisonous tail!",Hunt a Rathian
Trespassing Troublemaker,Optional,The Commander,Wildspire Waste,6,Hunt,11,50,3,9000,A major change in the ecosystem is driving monsters from their natural habitats. Head to the Wildspire Waste and begin your investigation of the invading Anjanath ASAP!,Hunt an Anjanath
Say Cheese!,Optional,The Commander,Coral Highlands,6,Hunt,11,50,3,5400,"We've gotten a disturbing report of an unusually powerful Tzitzi-Ya-Ku appearing in the Coral Highlands. Begin your investigation ASAP, but beware its blinding flash attacks!",Hunt a Tzitzi-Ya-Ku
Loop the Paolumu,Optional,The Commander,Coral Highlands,6,Hunt,11,50,3,7200,"We've gotten a disturbing report of an unusually powerful Paolumu appearing in the Coral Highlands. Begin your investigation ASAP, but beware of its airburst attacks!",Hunt a Paolumu
A Tingling Taste,Optional,Third Fleet Master,Rotten Vale,6,Hunt,11,50,3,5400,"...... Why do I want you to hunt a Great Girros? Well, I'll tell you later. I know, how devilish of me. Run along now...",Hunt a Great Girros
Stuck in a Rut,Optional,The Commander,Rotten Vale,6,Hunt,11,50,3,9000,"We've gotten a disturbing report of an unusually powerful Radobaan appearing in the Rotten Vale. Begin your investigation ASAP, but beware of its rolling attacks!",Hunt a Radobaan
Chef Quest! Pumped to Deliver,Optional,The Meowscular Chef,Rotten Vale,6,Delivery,11,50,3,5400,"Now that you've worked both your upper and lower body, are you ready to put it to good use!? GOOD! Let's Work! *Unlocks a new Canteen ingredient on first time completion.",Deliver 4 Forgotten Fossils
Chef Quest! A Rotten Request,Optional,The Meowscular Chef,Rotten Vale,6,Slay,11,50,3,5400,These little monsters think you're playing with them! Show 'em what you're made of! Let's say... 10 reps? *Unlocks a new Canteen ingredient on first time completion.,Slay 10 Girros
A Meow for Help,Optional,Foraging Felyne,Elder's Recess,6,Slay,13,50,3,5400,"Every time I try to gather something for my meowster out in the Everstream, these Gastodon knock me on my tail! MEOW-CH! Can you lend a Felyne a paw here?",Slay 13 Gastodon
A Scalding Scoop,Optional,Daredevil Editor,Elder's Recess,6,Slay,13,50,3,6480,"I was out on assignment when a Barnos barfed something at me. Whatever it was it was HOT, painfully hot! But also the sells-lots-of-copies kind of hot! Help me get my story!",Slay 5 Barnos
Dodogama Drama,Optional,Serious Handler,Elder's Recess,6,Hunt,13,50,3,9000,"Hey, we've gotten a report of an unusually fine monster specimen roaming around. We need to seize on this opportunity, so we need you to investigate ASAP!",Hunt a Dodogama
Chef Quest! Gajalaka Lockdown,Optional,The Meowscular Chef,Elder's Recess,6,Slay,13,50,3,5400,Meow my god! Are these lil' guys tryin' to flex on you? Show 'em what you're packin'! Let's say... 10 reps! *Unlocks a new Canteen ingredient on first time completion.,Defeat 10 Gajalaka
A Wound and a Thirst,Assignment,The Commander,Elder's Recess,8,Slay,13,50,3,18000,"The Nergigante's long eyed us from the far side of the Elder Crossing, but now we have a lead on its whereabouts. If we can study it, it may reveal the Crossing's true nature.",Slay Nergigante
Special Arena: HR Pink Rathian,Optional,Arena Lass,Special Arena,7,Hunt,,50,3,,"A new challenger: Pink Rathian, the Burning Blossom, the Beauty Who Bites! Best not stop to smell the roses! The gloves are off—not that we have gloves that big...",Hunt a Pink Rathian
Special Arena: HR Legiana,Optional,Arena Lass,Special Arena,7,Hunt,,50,3,,"A new challenger: Legiana, the Slipstream Striker, the Wingleader! Remember, you can't spell flight without fight! The gloves are off—not that we have gloves that big...",Hunt a Legiana
Special Arena: HR Odogaron,Optional,Arena Lass,Special Arena,7,Hunt,,50,3,,"A new challenger: Odogaron, the Muscle Mutt, the Rex Who Wrecks! He'll bite your leg to fetch the stick inside! The gloves are off—not that we have gloves that big...",Hunt an Odogaron
Special Arena: HR Uragaan,Optional,Arena Lass,Special Arena,7,Hunt,,50,3,,"A new challenger: Uragaan, the Rolling Rocket, the Chinstigator! Once he starts spinning, uragoner! The gloves are off—not that we have gloves that big...",Hunt an Uragaan
Special Arena: HR Rathalos,Optional,Arena Lass,Special Arena,7,Hunt,,50,3,,"A new challenger: Rathalos, the Red-Hot Raider, the Firestarter! Forgive the fireballs; he likes his meals cooked! The gloves are off—not that we have gloves that big...",Hunt a Rathalos
Special Arena: HR Azure Rathalos,Optional,Arena Lass,Special Arena,7,Hunt,,50,3,,"A new challenger: Azure Rathalos, the Sapphire Sultan, the True Blue Terror! Bow down to the king of all wyverns! The gloves are off—not that we have gloves that big...",Hunt an Azure Rathalos
Special Arena: HR Diablos,Optional,Arena Lass,Special Arena,7,Hunt,,50,3,,"A new challenger: Diablos, the Sandy Stampede, Biggus Diggus! Don't hang around if he's underground! The gloves are off—not that we have gloves that big...",Hunt a Diablos
Special Arena: HR Black Diablos,Optional,Arena Lass,Special Arena,7,Hunt,,50,3,,"A new challenger: Black Diablos, the Dark Destroyer, the Horn Express! Run, don't walk, from this furious fiend! The gloves are off—not that we have gloves that big...",Hunt a Black Diablos
Rathalos Rematch,Optional,The Commander,Ancient Forest,7,Hunt,13,50,3,12600,We've gotten a disturbing report of another unusually powerful Rathalos in the Ancient Forest. Let that red beast know who REALLY stands atop the food chain here!,Hunt a Rathalos
Rathalos in Blue,Optional,The Commander,Ancient Forest,7,Hunt,13,50,3,14400,"The field team has spotted an Azure Rathalos patroling the skies. Subspecies like these are highly valuable to the Commission's research efforts. Get going, hunter!",Hunt an Azure Rathalos
The Red and Blue Crew,Optional,The Armory,Ancient Forest,7,Hunt,13,50,3,21600,"Here at the Second Fleet, we've been working to develop new tools to help your hunts, but we need YOUR help gathering the materials. We're counting on you to take this quest!",Hunt all target monsters
Pretty In Pink,Optional,The Commander,Wildspire Waste,7,Hunt,12,50,3,12600,"The field team has spotted a Pink Rathian stalking the local wildlife. Subspecies like these are highly valuable to the Commission's research efforts. Get going, hunter!",Hunt a Pink Rathian
"Well, That Diablos!",Optional,The Commander,Wildspire Waste,7,Hunt,13,50,3,12600,"We've gotten a disturbing report of an unusually powerful Diablos appearing in the Wildspire Waste. Begin your investigation ASAP, but beware of its charging attacks!",Hunt a Diablos
Two-horned Hostility,Optional,Serious Handler,Wildspire Waste,7,Hunt,13,50,3,14400,"Hey, we've gotten a report of an unusually fine monster specimen roaming around. We need to seize on this opportunity, so we need you to investigate ASAP!",Hunt a Black Diablos
RRRRRumble in the Waste!,Optional,Third Fleet Master,Wildspire Waste,7,Hunt,13,50,3,21600,*sigh* I've already told you what I want you to do. Run along now and complete this quest if you want your new toy. *Unlocks a new Specialized Tool on first time completion.,Hunt all target monsters
A Cherry Wind upon the Reefs,Optional,The Commander,Coral Highlands,7,Hunt,12,50,3,12600,"The field team has spotted a Pink Rathian stalking the local wildlife. Subspecies like these are highly valuable to the Commission's research efforts. Get going, hunter!",Hunt a Pink Rathian
Legiana: Highlands Royalty,Optional,The Commander,Coral Highlands,7,Hunt,13,50,3,12600,"We've gotten a disturbing report of an unusually powerful Legiana appearing in the Coral Highlands. Begin your investigation ASAP, but beware its swift and icy attacks!",Hunt a Legiana
A Sore Site,Optional,Airship Engineer,Coral Highlands,7,Hunt,13,50,3,12600,"Ugh! Every time I go out to the highlands to observe my beloved Paolumu, that gnarly monster is there! Please do something! *Unlocks a new Canteen ingredient on first time completion.",Hunt an Odogaron
Talons of Ire and Ice,Optional,Chief Botanist,Coral Highlands,7,Hunt,13,50,3,20160,"There's a spot I'm certain hides the secret to growing Ancient Trees. Unfortunately, two nasty monsters are patrolling that area. *Unlocks a Botanical Research slot on first time completion.",Hunt all target monsters
Odogaron Unleashed,Optional,The Commander,Rotten Vale,7,Hunt,13,50,3,12600,"We've gotten a disturbing report of an unusually powerful Odogaron appearing in the Rotten Vale. Begin your investigation ASAP, but beware of its powerful claws!",Hunt an Odogaron
"Lavasioth, Monster of Magma",Optional,Serious Handler,Elder's Recess,7,Hunt,13,50,3,12600,"Hey, we've gotten a report of an unusually fine monster specimen roaming around. We need to seize on this opportunity, so we need you to investigate ASAP!",Hunt a Lavasioth
Ore-eating Occupier,Optional,Serious Handler,Elder's Recess,7,Hunt,13,50,3,14400,"We've gotten a report of an unusually fine monster specimen roaming around. We need to seize on this opportunity, so we need you to investigate ASAP!",Hunt an Uragaan
Ruler of the Azure Skies,Optional,The Commander,Elder's Recess,7,Hunt,13,50,3,14400,"The field team has spotted an Azure Rathalos patroling  the skies. Subspecies like these are highly valuable to the Commission's research efforts. Get going, hunter!",Hunt an Azure Rathalos
Bazelgeuse in the Field of Fire,Optional,Smart Biologist,Elder's Recess,7,Hunt,13,50,3,14400,"That eccentric trio has gone and done it again! Now that they've discovered the location of a Bazelgeuse, they're off to study it! Please hunt it before they get themselves hurt!",Hunt a Bazelgeuse
A Fiery Convergence,Optional,The Armory,Elder's Recess,7,Hunt,13,50,3,21600,"Here at the Second Fleet, we've been working to develop new tools to help your hunts, but we need YOUR help gathering the materials. We're counting on you to take this quest!",Hunt all target monsters
"Kushala Daora, Dragon of Steel",Assignment,Field Team Leader,Elder's Recess,8,Slay,14,50,3,18000,"The elder dragon tracks in the forest? Kushala Daora. I'm sure of it. We know it's in the Elder's Recess. For the safety of everyone in Astera, we're counting on you!",Slay Kushala Daora
Teostra the Infernal,Assignment,The Huntsman,Elder's Recess,8,Slay,14,50,3,18000,"It's Teostra that stalks the Waste—Emperor of flame. And now it sits in wait in the Elder's Recess. Go to it, hunter, and end its searing reign!",Slay Teostra
Hellish Fiend Vaal Hazak,Assignment,Third Fleet Master,Elder's Recess,8,Slay,14,50,3,18000,I'm absolutely positive that the effluvium is controlled by Vaal Hazak. Now to prove my theory once and for all. Go to the vale and seek out Vaal Hazak!,Slay Vaal Hazak
Land of Convergence,Assignment,The Admiral,Confluence of Fates,9,Slay,15,50,3,19800,"An immense energy flows through the New World, and we've found where it all leads to. Go with the Seeker and find out what's there. May the Sapphire Star guide us all.",Complete the assignment
Beyond the Blasting Scales,Assignment,The Commander,Wildspire Waste,9,Hunt,29,50,3,27720,"This quest courts only those with absolute faith in their abilities. You face two abnormally powerful Bazelgeuse, Defeat them to prove you are a true master of the hunt!",Hunt two Bazelgeuse
Thunderous Rumble in the Highlands,Assignment,The Commander,Coral Highlands,9,Slay,49,50,3,21600,This quest seeks only those with an unquenchable flame in their chest. Make for the Coral Highlands and investigate the beast swathed in lightning. Beyond it lies true glory.,Slay a Kirin
A Portent of Disaster,Optional,The Armory,Ancient Forest,8,Slay,14,50,3,18000,"Here at the Second Fleet, we've been working to develop new tools to help your hunts, but we need YOUR help gathering the materials. We're counting on you to take this quest!",Slay a Kushala Daora
A Blaze on the Sand,Optional,The Armory,Wildspire Waste,8,Slay,14,50,3,18000,"Here at the Second Fleet, we've been working to develop new tools to help your hunts, but we need YOUR help gathering the materials. We're counting on you to take this quest!",Slay a Teostra
Lightning Strikes Twice,Optional,Impatient Biologist,Coral Highlands,8,Slay,14,50,3,18000,"Yet another Kirin has shown up and you're just here, playing with your Palico!? We might never get this chance again to study it! Go go GOOOOOO!",Slay a Kirin
Stirrings from the Grave,Optional,Chief Ecologist,Rotten Vale,8,Slay,14,50,3,18000,"Vaal Hazak serves its purpose in the life cycle of the New World, but now that it has stirred from its nest of decay, it threatens to ruin the whole ecosystem. It must be stopped!",Slay a Vaal Hazak
The Eater of Elders,Optional,The Admiral,Elder's Recess,8,Slay,13,50,3,18000,"Nergigante is one helluva beast, and still so much we don't know 'bout it. Which is why I need you! If we're lucky, we might get to see two elder dragons squaring off!",Slay Nergigante
Master of the Gale,Optional,Chief Ecologist,Elder's Recess,8,Slay,14,50,3,18000,"Did you know that some cultures worship Kushala Daora as a god of wind? Luckily, we're not one of them! I'm determined to study its mastery of flight...just think of the benefits!",Slay a Kushala Daora
Hellfire's Stronghold,Optional,Chief Ecologist,Elder's Recess,8,Slay,14,50,3,18000,"Teostra. Just saying the name makes my quill tip quiver. Some believe it's bad luck to cut the fur from this regal beast, but for the sake of the future, we must study it!",Slay a Teostra
The Winds of Wrath Bite Deep,Optional,The Admiral,Elder's Recess,8,Slay,14,50,3,18000,"We've got a Kushala Daora running 'round, tearin' things up. Seems like it was kicked out of its territory. Question is, what did the kickin'? Time to investigate!",Slay a Kushala Daora
The Fires of Hell Bite Deep,Optional,The Admiral,Elder's Recess,8,Slay,14,50,3,18000,"We've got a riled up Teostra on the warpath. Seems like it was kicked out of its kingdom. Question is, what did the kickin'? Time to investigate!",Slay a Teostra
A Light Upon the River's Gloom,Optional,Chief Ecologist,Confluence of Fates,9,Slay,16,50,3,19800,"Xeno'jiiva is such a marvelous, mysterious example of exotic monster biology. We could study it for a hundred years if we just had enough samples! That's your cue, Hunter.",Slay Xeno'jiiva
The White Winds of the New World,Optional,The Commander,Special Arena,9,Hunt,15,50,3,27720,"To the hunter who has conquered every investigation, I offer this, the ultimate quest. Enter the Special Arena and take on the New World. Use all that lies before you, and claim glory.",Hunt all target monsters
The Sapphire Star's Guidance,Optional,The Commander,Elder's Recess,9,Slay,100,50,3,38880,"To the unparalleled hunter, I offer this final quest. Return to the Elder's Recess and brave the elders' onslaught. Use all within your grasp to prove yourself master of the New World.",Slay all target monsters
Showdown: the Muck and the Maul,Optional,The Armory,Special Arena,9,Hunt,15,50,3,15840,"Here at the Second Fleet, we've been working to develop new tools to help your hunts, but we need YOUR help gathering the materials. We're counting on you to take this quest!",Hunt all target monsters
"New World Sky, New World Flower",Optional,The Armory,Special Arena,9,Hunt,15,50,3,25920,"Here at the Second Fleet, we've been working to develop new tools to help your hunts, but we need YOUR help gathering the materials. We're counting on you to take this quest!",Hunt all target monsters
A Summons from Below,Optional,The Armory,Rotten Vale,9,Hunt,50,50,3,29520,"Here at the Second Fleet, we've been working to develop new tools to help your hunts, but we need YOUR help gathering the materials. We're counting on you to take this quest!",Hunt all target monsters
Arena Quest 02,Arena,Arena Lass,Arena,2,Slay,0,50,9,1080,"In the monster corner: Kulu-Ya-Ku, the Pulverizer, the Peckanizer! If this bird is the word, then the word is SMASH! Who's got the guts to fight it with set weapons and armor?",Slay a Kulu-Ya-Ku
Arena Quest 03,Arena,Arena Lass,Arena,4,Slay,5,50,9,1080,"In the monster corner: Rathian, the Queen o' Green, the Skyborne Slasher! Don't get the lady angry; she's poison! Who's got the guts to fight her with set weapons and armor?",Slay a Rathian
Arena Quest 04,Arena,Arena Lass,Arena,6,Slay,11,50,9,2160,"In the monster corner: Tzitzi-Ya-Ku, the Saurian Stunner, the Flashinator! This beastie's hot to trot and fine to shine! Who's got the guts to fight it with set weapons and armor?",Slay a Tzitzi-Ya-Ku
Arena Quest 05,Arena,Arena Lass,Arena,6,Slay,11,50,9,2160,"In the monster corner: Barroth, the Hulking Headbutt, the Skullcracker! Lose to this guy, and your name is mud! Who's got the guts to fight it with set weapons and armor?",Slay a Barroth
Arena Quest 06,Arena,Arena Lass,Arena,6,Slay,13,50,9,2160,"In the monster corner: Dodogama, the Behemoth of Boom, the Cruncher! What blows up, must bring you down! Who's got the guts to fight it with set weapons and armor?",Slay a Dodogama
Arena Quest 07,Arena,Arena Lass,Arena,7,Slay,13,50,9,2160,"In the monster corner: Azure Rathalos, the Sapphire Sultan, the True Blue Terror! Bow down to the king of all wyverns! Who's got the guts to fight it with set weapons and armor?",Slay an Azure Rathalos
Arena Quest 08,Arena,Arena Lass,Special Arena,8,Slay,15,50,9,3240,"In the monster corner: A Radobaan-Uragaan tag team! The wheels are turning, and your number's up! Who's got the guts to fight 'em with set weapons and armor?",Slay all target monsters
Arena Quest 09,Arena,Arena Lass,Special Arena,8,Slay,15,50,9,3240,In the monster corner: A Diablos-Black Diablos tag team! Ever had your ears pierced? Now try the extreme version! Who's got the guts to fight 'em with set weapons and armor?,Slay all target monsters
Arena Quest 01,Arena,Arena Lass,Arena,1,Slay,0,50,9,1080,"In the monster corner: Pukei-Pukei, the Toxic Tussler, the Lickin' Machine! He won't listen when you say ""no tongues""! Who's got the guts to fight it with set weapons and armor?",Slay a Pukei-Pukei
Troubled Troupers,Optional,Troupers,Coral Highlands,4,Hunt,6,50,3,9000,"""We Troupers are getting batterfanged by two Tzitzi-Ya-Ku.  Please har-meow-nize with our warriors to wallop them into  hightailing it!"" (Translation by the Lynian Researcher)",Hunt 2 Tzitzi-Ya-Ku
Infernal Monarchy,Optional,Chief Ecologist,Wildspire Waste,8,,,50,3,,"I don't know how it happened, but we have the chance to observe Teostra and Lunastra behavior in the Wildspire Waste! This is something we can't miss! Go see for yourself, but don't get hurt!",None
Blue Prominence,Optional,Endemic Life Researcher,Elder's Recess,8,Slay,16,50,3,,I was out studying the feeding habits of some seriously cute local fauna when—WOWZERS—a gigantic blue elder dragon appears! Take care of it so I can get back to research that matters!,None
Today's Special: Hunter Flambé,Optional,The Handler,Ancient Forest,7,Hunt,13,50,3,14400,"Partner, we're part of the food chain too if you think about it. And that's bad news for us if a Deviljho gets a hankering for a hunter burger! So, let's hunt it down before we're lunch!",Hunt a Deviljho
A Visitor from Eorzea,Optional,,Elder's Recess,9,Slay,,35,3,,,
Challenge Quest 1: Beginner,Challenge,,,,,,,,,,
Vespoid Infestation!,Challenge,,Special Arena,2,Slay,4,50,9,2160,"Oh deeeear! I placed some monster repellent around here, but it started attracting giant Vespoids too! Someone, anyone, I need an exterminator! - 2nd Fleet Architect, Client",Slay 30 Vespoid
"Down the Dark, Muddy Path",Challenge,,Arena,3,Slay,3,50,9,1080,"I heard rumors of a powerful monster dwelling in this place. One clad in an armor of earth. you must be like myself, seeking a rival that will force you to surpass your limits. It's time to fight! - Martial Artist in White, Client",Slay a Barroth
Challenge Quest 2: Beginner,Challenge,,,,,,,,,,
Gajalaka Outbreak!,Challenge,,Arena,6,Defeat,11,50,9,4320,"Geez, I just wanted to study the Gajalaka language, so I brought a group of them with me, but they all ran away! Can you help me round them up before they get into trouble? - Shy Scholar, Client",Defeat 10 Gajalaka
Challenge Quest 1: Intermediate,Challenge,,,,,,,,,,
Challenge Quest 2: Intermediate,Challenge,,,,,,,,,,
Gale & Fangs Slay Event 1,Challenge,,,,,,,,,,
Gale & Fangs Slay Event 2,Challenge,,,,,,,,,,
Gale & Fangs Slay Event 3,Challenge,,,,,,,,,,
Deviljho Slay Event,Challenge,,,,,,,,,,
What Lurks In The Forest,Challenge,,,,,,,,,,
Empress in Full Bloom I,Challenge,,Arena,7,Slay,12,50,9,4320,"They say there's a monster as pink as the cherry blossoms around these parts, is that true!? Let's see who's the strongest, you, me, or that monsters! Winner gets a prize! - Super Female Martial Artist, Client",Slay a Pink Rathian
Empress in Full Bloom II,Challenge,,Arena,7,Slay,12,50,9,4320,"They say there's a monster as pink as the cherry blossoms around these parts, is that true!? Let's see who's the strongest, you, me, or that monsters! Winner gets a prize! - Super Female Martial Artist, Client",Slay a Pink Rathian
Empress in Full Bloom III,Challenge,,Arena,7,Slay,12,50,9,4320,"They say there's a monster as pink as the cherry blossoms around these parts, is that true!? Let's see who's the strongest, you, me, or that monsters! Winner gets a prize! - Super Female Martial Artist, Client",Slay a Pink Rathian
When Law Meets War,Challenge,,,,,,,,,,
The Hunter and the Blue Empress,Challenge,,,,,,,,,,
Nergigante Slay Event 1,Challenge,,,,,,,,,,
Nergigante Slay Event 2,Challenge,,,,,,,,,,
Nergigante Slay Event 3,Challenge,,,,,,,,,,
Nergigante Slay Event 4,Challenge,,,,,,,,,,
The Awakened Satsui No Hado I,Challenge,,Arena,8,Slay,13,50,9,4320,"Hah, you've come to fight a real boss of a dragon, eh? Don't worry, I won't say a word about this. You Just go and stop that thing with all you've got! - Martial Artist in Red, Client",Slay Nergigante
The Awakened Satsui No Hado II,Challenge,,Arena,8,Slay,13,50,9,4320,"Hah, you've come to fight a real boss of a dragon, eh? Don't worry, I won't say a word about this. You Just go and stop that thing with all you've got! - Martial Artist in Red, Client",Slay Nergigante
The Awakened Satsui No Hado III,Challenge,,Arena,8,Slay,13,50,9,4320,"Hah, you've come to fight a real boss of a dragon, eh? Don't worry, I won't say a word about this. You Just go and stop that thing with all you've got! - Martial Artist in Red, Client",Slay Nergigante
The Best of the Best,Challenge,,,,,,,,,,
Challenge Quest 1: Expert,Challenge,,,,,,,,,,
Challenge Quest 2: Expert,Challenge,,,,,,,,,,
Up at the Crack of Dawn,Event,,Arena,1,Slay,0,50,3,1080,"""Our friendly Kestodon have blown a gasket, so we let them cool off in your Arena. Research Commission friends, please see if they've settled down."" (Translation by the Lynian Researcher) - Elite Defender, Client",Slay 12 Kestodon
Chew the Fat,Event,,Ancient Forest,2,Hunt,0,50,3,3240,"Yo, got a quest for you, but don't worry, this is right up your alley. We got a couple of Great Jagras that need to be taken care of. Trust me, the rewards will be worth it. - Field Team Leader, Client",
USJ: Gold Star Treatment,Event,,Arena,3,Hunt,4,50,3,3960,"USJ is pleased to bring you the most exciting attraction ever! Witness this grand world in all of its golden glory! You'll be presented with some fantastic equipment once you're done! - Stupendous Crew, Client",
Where Sun Meets Moon,Event,,Ancient Forest,3,Hunt,4,50,3,5400,"I heard there's a period of time when diurnal and nocturnal ndemic life meet, so I wanted to see for myself, but now I'm in a jam! (Special ticket and increased rare material rewards) - I Hate This Forkin' Forest, Client",
Ya-Ku With That?,Event,,Special Arena,4,Hunt,6,50,3,4320,"Hunter, these two meownsters are su-purr good at stealing eggs and dropping wingdrakes in a flash. But purrhaps they'll make for good equipment too, mew get me? - Canteen Felyne, Client",
Greeting the Gluttons,Event,,Special Arena,4,Hunt,6,50,3,7920,"Huh? Yeah, this is a quest from the Meowscular Chef. Whoa, you'll go instead of me? Wow, thank a bunch! To show my gratitude, the next meal's on me! - Fiver Bro, Client",
Lessons of the Wild,Event,,Arena,5,Slay,6,50,3,2525,"It's time for some special training. Wingdrakes are feeble things compared to larger monsters, but even they can take down a hunter. Cull their numbers and we'll prep some new Palico gear. - Nora Outcast, Client",
Every Hunter's Dream,Event,,Arena,5,Hunt,8,50,3,7200,"A hunter came by with a blueprint of a weapon he wanted. I still have the prints lying around, so if you want one of your own, get me the materials and I'll start workin'.",
Flesh Cleaved to Bone,Event,,Special Arena,5,Hunt,8,50,3,7920,"So...let me get this straight, you're going to step into the arena and get between Fido and its chew toy? Teaching it to play dead, are we? - Third Fleet Master, Client",
The Poison Posse,Event,,Ancient Forest,5,Hunt,8,50,3,8280,"They say the most beautiful of chalices are poisonous. But I don't think that applies to flying wyverns. But just in case, look into that for me. - Cheerful Scholar, Client",
Wicked Wildspire Warfare,Event,,Special Arena,5,Hunt,8,50,3,9360,"Do you know what'll happen if we get a couple of highly territorial monsters in one spot? No? Neither do I! Let's find out. Come out on top to earn Armor Spheres! - Smart Biologist, Client",
Kirin the Myth,Event,,Coral Highlands,5,Slay,8,50,3,14400,"I looked left, it appeared on the right. I glanced behind me, it showed up in front of me. When I thought there was one of them, there were two. I'm outmatched here. This task is all yours. - Field Team Grizzled Hunter, Client",
Wiggle Me This,Event,,Coral Highlands,6,Delivery,11,50,3,3600,"Wha--hey, don't throw that net on me, I'm not a Wiggler! Fooled you, eh? If you want something like what I'm wearing, then you'll have to help me with my research! - Endemic Life Researcher, Client",Deliver 10 Wiggler
Scrapping with the Shamos,Event,,Coral Highlands,6,Slay,11,50,3,5400,"I'm getting bombarded with requests left n' right for the stuff I'm wearing, but I'm gonna need some special materials to meet demand. That's your cue, Hunter. You know what to do. - Second Fleet Master, Client",Slay 13 Shamos
Egg Lovers United,Event,,Arena,6,Hunt,11,50,3,7200,"While out gathering egg specimens, a familiar shadow took me unawares. But I believe we can use this for our own purposes! Study the Kulu-Ya-Ku's behavioral patterns, and report back! - Analytic Researcher, Client",Hunt Kulu-Ya-Ku
Midnight Mayhem,Event,,Arena,6,Slay,11,50,3,8100,"The heck, am I lost? I don't recognize this place. Oh well, I might as well have some fun while I'm here!"" (Translation by the Lynian Researcher) (Special ticket rewards) - Tribe Outlaw, Client",Slay 10 Gastodon
The Proving,Event,,Ancient Forest,6,Hunt,11,50,3,9000,"We've waited so long for this day. It's time for you to participate in the Proving and become a true brave. Offer your trophy to the All-Mother, and you shall be blessed generously. - Nora High Matriarch, Client",Hunt Anjanath
Triple Threat Throwdown,Event,,Special Arena,6,Hunt,13,50,3,14040,"This is a quest that I've prepared...just for you. You won't believe how many decorations you'll get if you can complete this quest! Now, show me what you got! - Timid Fiver, Client",
Gaze Upon the Dawn,Event,,Everstream,6,Special,11,50,3,15120,"Whenever I see Zorah Magdaros, I can't help but feel sad, and a bit homesick. Let's finish up our research so I can go back to the Old World and meet my master and former teammates again! - Excitable A Lister, Client",Guide Zorah Magdaros
A Flash in the Pan,Event,,Arena,6,Hunt,11,50,3,16200,"My dear sister and I were suffering from poor eyesight, but the Second Fleet Master crafted us some fine spectacles. I'll give mine to you if you help me test them out! - Analytics Director, Client",
A Royal Pain,Event,,Wildspire Waste,7,Hunt,12,50,3,9000,"I wouldn't mind goin home, but I hate all the ryal hubbub that goes with it. Fiver, remind me why I joined the Fifth. (Special ticket and increased rare material rewards) - Client, Former Imperial Princess",
USJ Blazing Azure Stars!,Event,,Elder's Recess,7,Hunt,13,50,3,18000,"USJ is pleased to present the most EXPLOSIVE show ever! Our twin blue stars will show you a dance like you've never seen before! Complete our challenge, and earn some fantastic armor! - Stupendous Crew, Client",
A Rush of Blood,Event,,Arena,7,Hunt,13,50,3,21600,"Oh no! There's this big ol' monster that looks a lot like our Rush! Someone's gotta calm the big boy down! Help us out, and we'll give you some special gear for your Palico! - Girl with Green Ribbon, Client",
This Is How Revolts Start,Event,,Wildspire Waste,7,Hunt,13,50,3,21600,"This is preposterous! Why can't I gather Kingly Cactus in peace!? This is beyond annoying, it's an uprising I tell you! Go out there and see for yourself - Chief Botanist, Client",
Rollin' With The Uragaan,Event,,Elder's Recess,7,Hunt,13,50,3,23400,"Urk, my head is still spinning from what I just saw. We need someone to take out these troublemakers before anyone else gets queasy. Complete this quest for a lot of Armor Spheres! - Serious Handler, Client",
Coral Waltz,Event,,Coral Highlands,7,Hunt,13,50,3,26640,"The monsters roaming the Coral Highlands seem intent on facing off with each other. This could be a huge boon for our research. Hunters, don't let this opportunity pass us by! - Commander, Client",
Deep Green Blues,Event,,Ancient Forest,7,Hunt,13,50,3,28800,"The monsters lurking deep in the Ancient Forest seem intent on facing off with each other. This could be a huge boon for our research. Hunters, don't let this opportunity pass us by! - Commander, Client",
Effluvial Opera,Event,,Rotten Vale,7,Hunt,13,50,3,28800,"The monsters roaming the Rotten Vale seem intent on facing off with each other. This could be a huge boon for our research. Hunters, don't let this opportunity pass us by! - Commander, Client",
Wildspire Bolero,Event,,Wildspire Waste,7,Hunt,13,50,3,30240,"The monsters roaming the Wildspire Waste seem intent on facing off with each other. This could be a huge boon for our research. Hunters, don't let this opportunity pass us by! - Commander, Client",
Rock N' Roll Recess,Event,,Elder's Recess,7,Hunt,13,50,3,35280,"The monsters roaming the Elder's Recess seem intent on facing off with each other. This could be a huge boon for our research. Hunters, don't let this opportunity pass us by! - Commander, Client",
Code: Red,Event,,Arena,8,Hunt,14,50,3,36000,"Legends say in a far off land, a demon hunter in a red coat offed demons with a sickeningly sweet style. How about we make a legend out of you too? If you're interested, jump in. - Stylish Red Fiver, Client",
A Simple Task,Event,,Ancient Forest,9,Delivery,30,50,3,3600,"While gathering samples out in the field, I noticed a number of rare tracks. I need a capable hunter to investigate these tracks, plus gather the rest of my samples!",
Tracking the Delivery,Event,,Elder's Recess,9,Delivery,50,50,3,5400,"While gathering samples out in the field, I noticed a number of rare tracks. I need a capable hunter to get the remainder of my samples, plus gather these tracks! - Scholar on the Scene, Client",
No Tomorrow for Usurpers,Event,,Elder's Recess,9,Hunt,30,50,3,18000,"Our guys spotted the big, ugly flying nuisance in the Elder's Recess! Get your gear, we need you out here ASAP! (Bonus HR points rewarded upon completion.) - The Admiral, Client",
Relish the Moment,Event,,Elder's Recess,9,Hunt,50,50,3,21600,"We've discovered an insanely fierce Deviljho! It seems the cause of his bad mood is his diet of Streamstones. Quell the beast, and take those Streamstones for yourself! - Analytics Director, Client",
A Nose for an Eye,Event,,Ancient Forest,9,Hunt,30,50,3,23400,"In my day, we didn't need these Scoutflies to track down monsters, but this is the New World... I've located some interesting monsters for you. Go get them. (Bonus HR points rewarded upon completion.) - The Huntsman, Client",
Keeper of the Otherworld,Event,,Confluence of Fates,9,Slay,16,50,3,23760,"During my research, I came across a river. Just as I was about to swim across, I spotted some kind of supernatural light. Its existence defied all explanation. Help me unravel this mystery. - Third Fleet Senior Scholar, Client",
Snow & Cherry Blossoms,Event,,Coral Highlands,9,Hunt,30,50,3,25200,"Hey, I came across a couple of truly terrifying monsters in the Coral Highlands. Thought you might be interested! - The Tracker, Client",
Banquet in the Earthen Hall,Event,,Caverns of El Dorado,9,Special,16,50,3,25200,"The mother goddess has appeared again, but now that we have the Fifth here, we can finally complete the investigation that we started decades ago! We're counting on you kids! - Admiral, Client",
A Visitor from Eorzea (Extreme),Event,,Elder's Recess,9,Slay,50,30,3,30240,"Another Behemoth has appeared in the Elder's Recess and is even more dangerous than the last! Summon other adventurers and quell the beast! (Extremely difficult! Rewards: Drachen layered armor and guild card title) - Serious Handler, Client",
A Whisper of White Mane,Event,,Coral Highlands,9,Slay,50,50,3,36000,"At first I thought it was an illusion, staring down at me. That white mist gave me chills I'll never forget. I need your help to confirm my findings. - Long Black haired Hunter, Client",
The Deathly Quiet Curtain,Event,,Rotten Vale,9,Slay,50,50,3,36000,"The truly horrifying things are the ones sleeping in silence, no? But what could it be? the Third Fleet urges you to press on, to lift the curtain off of this mystery and feed our obsession. - Third Fleet Master, Client",
The Scorn of the Sun,Event,,Elder's Recess,9,Slay,50,50,3,36000,"When I first fought a Teostra back in the Old World, my fear washed over me, but it gave me the fire to fight. But now I realized it's calmness, not fear, that you need to slay it. - Fourth Fleet A-Lister, Client",
The Eye of the Storm,Event,,Elder's Recess,9,Slay,50,50,3,36000,"Kushala's existence reminds us of how great and fearful nature is. But it also reminds us of those who stood up against the beast. Stand tall hunter, and return the skies to blue. - Excitable A-Lister, Client",
The Thronetaker,Event,,Elder's Recess,9,Slay,50,50,3,37800,"I finally got permission from Botanical Research to go out in the field. My partners and I stumbled upon a Teostra, Lunastra AND Nergigante! My luck freakin' sucks? I need a nap... - That's the New World for you!, Client",
The Food Chain Dominator,Special Assignment,,Ancient Forest,7,Hunt,13,50,3,14400,"The Deviljho is a frightening presence that takes the idea of the food chain and crush it between its massive jaws! Now it's here in the New World. It's time to get investigating! - Eccentric Trio, Client",
The Blazing Sun,Special Assignment,,Wildspire Waste,8,Slay,16,50,3,18000,"A Team has spotted Teostra in the Wildspire Waste. I say it's an opportune time to go and have an audience with the infernal emperor, wouldn't you say? - The Huntsman, Client",
Pandora's Arena,Special Assignment,,Special Arena,8,Special,16,15,3,12600,"There's a saying about a cornered animal that slips me mind. Either way, there's wounded Teostora corralled in the Special Arena. Something's up with it. Go and check it out, eh? - Second Fleet Master, Client",
"No Remorse, No Surrender",Special Assignment,,Elder's Recess,8,Slay,16,50,3,28800,"I never thought I'd live to see both the emperor and his empress in one spot. Its only fitting that you have the honor of ending their reign. - The Huntsman, Client",
A Visitor from Another World,Special Assignment,,Wildspire Waste,6,Special,16,50,3,10800,"My weirdo partner won't shut up about some non-animal animal he found in the Wildspire Waste. Do you wanna tag along? Whatever it is, it's bound to be something interesting!",
The Legendary Beast,Special Assignment,,Elder's Recess,9,Special,16,35,9,17640,Some kind of beast has arrived in the New World due to the instability of the aether. We have to do something otherwise every living thing in the New World is in serious danger!,
He Taketh It With His Eyes,Special Assignment,,Elder's Recess,9,Special,16,35,3,25200,"It was a Behemoth, an Eorzean beast, in the Elder's Recess. Heed the moogle's advice, call upon other trustworthy hunt--- adventurers to help quell this terror!",
