base_name_en,item1_name,item1_qty,item2_name,item2_qty,item3_name,item3_qty,item4_name,item4_qty
Leather Headgear,Iron Ore,2,,,,,,
Leather Mail,Iron Ore,1,,,,,,
Leather Gloves,Iron Ore,1,,,,,,
Leather Belt,Iron Ore,1,,,,,,
Leather Trousers,Iron Ore,1,,,,,,
Chainmail Headgear,Iron Ore,2,,,,,,
Chainmail Vest,Iron Ore,1,,,,,,
Chainmail Gloves,Iron Ore,1,,,,,,
Chainmail Belt,Iron Ore,1,,,,,,
Chainmail Trousers,Iron Ore,1,,,,,,
Hunter's Headgear,Jagras Hide,2,Jagras Scale,2,,,,
Hunter's Mail,Jagras Hide,2,Monster Bone S,2,,,,
Hunter's Vambraces,Jagras Hide,1,Jagras Scale,1,,,,
Hunter's Coil,Jagras Hide,1,Monster Bone S,1,,,,
Hunter's Greaves,Jagras Hide,1,Monster Bone S,1,,,,
Bone Helm,Monster Bone S,2,Ancient Bone,2,,,,
Bone Mail,Monster Bone S,1,Ancient Bone,1,,,,
Bone Vambraces,Monster Bone S,3,Kestodon Shell,2,,,,
Bone Coil,Monster Bone S,1,Kestodon Shell,1,,,,
Bone Greaves,Monster Bone S,1,Ancient Bone,1,,,,
Vespoid Helm,Vespoid Shell,2,Iron Ore,2,,,,
Vespoid Mail,Vespoid Shell,1,Machalite Ore,1,,,,
Vespoid Vambraces,Vespoid Wing,2,Monster Fluid,1,,,,
Vespoid Coil,Vespoid Shell,1,Iron Ore,4,,,,
Vespoid Greaves,Vespoid Wing,2,Monster Fluid,1,,,,
Kestodon Guards,Kestodon Shell,6,Kestodon Scalp,3,,,,
Gajau Boots,Gajau Skin,4,Gajau Whisker,2,,,,
Jagras Helm,Great Jagras Hide,2,Great Jagras Mane,2,Great Jagras Claw,2,Ancient Bone,1
Jagras Mail,Great Jagras Hide,2,Great Jagras Claw,1,Great Jagras Scale,2,Monster Bone S,3
Jagras Vambraces,Great Jagras Scale,2,Great Jagras Hide,1,Jagras Hide,3,,
Jagras Coil,Great Jagras Hide,1,Great Jagras Mane,1,Great Jagras Scale,2,Sharp Claw,2
Jagras Greaves,Great Jagras Scale,1,Great Jagras Hide,1,Great Jagras Mane,1,Jagras Scale,2
Kulu Headpiece,Kulu-Ya-Ku Scale,2,Kulu-Ya-Ku Hide,1,Kulu-Ya-Ku Plume,1,,
Kulu Mail,Kulu-Ya-Ku Hide,2,Kulu-Ya-Ku Plume,1,Kulu-Ya-Ku Beak,1,Machalite Ore,2
Kulu Vambraces,Kulu-Ya-Ku Scale,2,Kulu-Ya-Ku Hide,1,Iron Ore,3,,
Kulu Coil,Kulu-Ya-Ku Hide,2,Kulu-Ya-Ku Beak,1,Wingdrake Hide,2,,
Kulu Greaves,Kulu-Ya-Ku Hide,2,Kulu-Ya-Ku Scale,3,Wingdrake Hide,2,,
Alloy Helm,Machalite Ore,4,Iron Ore,4,Earth Crystal,2,,
Alloy Mail,Machalite Ore,3,Iron Ore,6,Earth Crystal,1,,
Alloy Vambraces,Machalite Ore,3,Iron Ore,6,Earth Crystal,1,,
Alloy Coil,Machalite Ore,4,Iron Ore,4,Earth Crystal,2,,
Alloy Greaves,Machalite Ore,3,Iron Ore,6,Earth Crystal,1,,
Pukei Hood,Pukei-Pukei Shell,2,Pukei-Pukei Tail,1,Pukei-Pukei Quill,2,Machalite Ore,2
Pukei Mail,Pukei-Pukei Scale,2,Pukei-Pukei Shell,1,Iron Ore,3,,
Pukei Vambraces,Pukei-Pukei Scale,2,Pukei-Pukei Shell,1,Poison Sac,1,,
Pukei Coil,Pukei-Pukei Shell,3,Pukei-Pukei Tail,1,Pukei-Pukei Sac,1,Poison Sac,1
Pukei Greaves,Pukei-Pukei Shell,2,Pukei-Pukei Sac,1,Pukei-Pukei Scale,2,Monster Bone M,1
Barroth Helm,Barroth Ridge,2,Barroth Tail,1,Barroth Claw,2,Kestodon Shell,2
Barroth Mail,Barroth Shell,2,Barroth Ridge,1,Barroth Claw,1,Boulder Bone,1
Barroth Vambraces,Barroth Ridge,3,Barroth Tail,1,Barroth Scalp,1,Kestodon Scalp,1
Barroth Coil,Barroth Shell,2,Barroth Ridge,1,Fertile Mud,2,,
Barroth Greaves,Barroth Ridge,2,Barroth Scalp,1,Barroth Shell,1,Fertile Mud,2
Jyura Helm,Jyuratodus Scale,2,Jyuratodus Shell,1,Jyuratodus Fin,1,Gajau Skin,3
Jyura Mail,Jyuratodus Shell,2,Jyuratodus Fin,1,Jyuratodus Fang,1,Aqua Sac,1
Jyura Vambraces,Jyuratodus Shell,2,Jyuratodus Fang,1,Gajau Whisker,2,,
Jyura Coil,Jyuratodus Scale,2,Jyuratodus Shell,1,Aqua Sac,1,,
Jyura Greaves,Jyuratodus Shell,3,Jyuratodus Fang,2,Jyuratodus Fin,2,Earth Crystal,3
Kadachi Helm,Tobi-Kadachi Pelt,2,Tobi-Kadachi Electrode,2,Tobi-Kadachi Claw,1,Electro Sac,1
Kadachi Mail,Tobi-Kadachi Pelt,2,Tobi-Kadachi Electrode,1,Tobi-Kadachi Membrane,2,Wingdrake Hide,2
Kadachi Vambraces,Tobi-Kadachi Pelt,2,Tobi-Kadachi Claw,1,Tobi-Kadachi Scale,2,Monster Bone M,2
Kadachi Coil,Tobi-Kadachi Scale,2,Tobi-Kadachi Pelt,1,Electro Sac,1,,
Kadachi Greaves,Tobi-Kadachi Scale,2,Tobi-Kadachi Pelt,1,Warm Pelt,1,,
High Metal Helm,Dragonite Ore,2,Machalite Ore,1,Iron Ore,6,,
High Metal Mail,Dragonite Ore,2,Machalite Ore,2,Earth Crystal,2,Sharp Claw,2
High Metal Braces,Dragonite Ore,2,Machalite Ore,2,Earth Crystal,2,Sharp Claw,2
High Metal Coil,Dragonite Ore,2,Machalite Ore,1,Iron Ore,6,,
High Metal Greaves,Dragonite Ore,2,Machalite Ore,1,Iron Ore,6,,
King Beetle Vertex,Great Hornfly,1,Dragonite Ore,2,Coral Crystal (LR),2,Flame Sac,1
King Beetle Thorax,Great Hornfly,1,Earth Crystal,2,Coral Crystal (LR),2,Poison Sac,1
King Beetle Brachia,Great Hornfly,1,Earth Crystal,2,Coral Crystal (LR),2,Aqua Sac,1
King Beetle Elytra,Great Hornfly,1,Earth Crystal,2,Monster Fluid,1,Electro Sac,1
King Beetle Crura,Great Hornfly,1,Dragonite Ore,2,Monster Fluid,3,Paralysis Sac,1
Shamos Goggles,Shamos Hide,2,Shamos Scale,3,Coral Bone,1,Coral Crystal (LR),1
Hornetaur Helm,Hornetaur Head,1,Hornetaur Shell,1,Machalite Ore,1,Monster Fluid,1
Hornetaur Mail,Hornetaur Wing,2,Hornetaur Shell,2,Dragonite Ore,2,Machalite Ore,2
Hornetaur Vambraces,Hornetaur Wing,1,Hornetaur Shell,1,Iron Ore,3,Machalite Ore,1
Hornetaur Coil,Hornetaur Wing,1,Hornetaur Shell,1,Iron Ore,3,Machalite Ore,1
Hornetaur Greaves,Hornetaur Wing,2,Hornetaur Shell,2,Dragonite Ore,3,Monster Fluid,2
Anja Helm,Anjanath Pelt,3,Anjanath Scale,3,Anjanath Tail,1,Flame Sac,1
Anja Mail,Anjanath Pelt,3,Anjanath Fang,2,Anjanath Nosebone,1,Anjanath Plate,1
Anja Vambraces,Anjanath Pelt,2,Anjanath Scale,2,Anjanath Nosebone,1,Monster Bone L,2
Anja Coil,Anjanath Scale,2,Anjanath Pelt,1,Anjanath Fang,2,Machalite Ore,2
Anja Greaves,Anjanath Scale,2,Anjanath Pelt,1,Flame Sac,1,Machalite Ore,2
Rathian Helm,Rathian Shell,2,Rathian Scale,3,Rathian Webbing,2,Flame Sac,1
Rathian Mail,Rathian Scale,2,Rathian Shell,1,Rathian Webbing,1,Ancient Bone,2
Rathian Vambraces,Rathian Shell,2,Rathian Scale,2,Rathian Spike,1,Monster Bone L,2
Rathian Coil,Rathian Scale,2,Rathian Shell,1,Rath Wingtalon,2,Boulder Bone,2
Rathian Greaves,Rathian Shell,3,Rathian Spike,1,Rath Wingtalon,2,Rathian Plate,1
Tzitzi Headgear,Tzitzi-Ya-Ku Scale,2,Tzitzi-Ya-Ku Hide,1,Tzitzi-Ya-Ku Photophore,1,Coral Crystal (LR),1
Tzitzi Mail,Tzitzi-Ya-Ku Hide,3,Tzitzi-Ya-Ku Claw,2,Tzitzi-Ya-Ku Photophore,2,Lightcrystal,1
Tzitzi Vambraces,Tzitzi-Ya-Ku Hide,2,Tzitzi-Ya-Ku Photophore,1,Tzitzi-Ya-Ku Scale,3,Coral Crystal (LR),2
Tzitzi Coil,Tzitzi-Ya-Ku Hide,2,Tzitzi-Ya-Ku Claw,2,Coral Crystal (LR),2,,
Tzitzi Greaves,Tzitzi-Ya-Ku Scale,2,Tzitzi-Ya-Ku Hide,1,Tzitzi-Ya-Ku Claw,1,,
Lumu Hat,Paolumu Scale,2,Paolumu Webbing,2,Paolumu Shell,2,Lightcrystal,1
Lumu Mail,Paolumu Scale,2,Paolumu Shell,1,Paolumu Pelt,2,Coral Bone,1
Lumu Vambraces,Paolumu Pelt,2,Paolumu Scale,1,Paolumu Webbing,1,,
Lumu Coil,Paolumu Pelt,2,Paolumu Scale,1,Paolumu Shell,1,,
Lumu Greaves,Paolumu Scale,2,Paolumu Pelt,2,Paolumu Webbing,1,Coral Bone,1
Girros Mask,Great Girros Scale,2,Great Girros Hide,1,Great Girros Hood,1,Girros Scale,3
Girros Mail,Great Girros Hide,2,Great Girros Tail,1,Great Girros Fang,2,Paralysis Sac,2
Girros Vambraces,Great Girros Scale,2,Great Girros Hide,1,Girros Fang,2,,
Girros Coil,Great Girros Hide,2,Great Girros Tail,1,Great Girros Hood,1,Girros Hide,3
Girros Greaves,Great Girros Hide,2,Great Girros Fang,2,Great Girros Scale,2,Monster Bone M,4
Baan Helm,Radobaan Shell,3,Radobaan Oilshell,2,Wyvern Bonemass,2,Radobaan Marrow,1
Baan Mail,Radobaan Scale,2,Radobaan Shell,1,Radobaan Oilshell,1,Sleep Sac,1
Baan Vambraces,Radobaan Scale,2,Radobaan Shell,1,Radobaan Oilshell,1,Sturdy Bone,3
Baan Coil,Radobaan Scale,2,Radobaan Oilshell,1,Sleep Sac,1,Monster Bone L,3
Baan Greaves,Radobaan Shell,2,Radobaan Scale,2,Wyvern Bonemass,2,Warped Bone,2
Ingot Helm,Dragonite Ore,2,Monster Bone+,1,Iron Ore,8,Machalite Ore,3
Ingot Mail,Dragonite Ore,2,Monster Bone+,1,Iron Ore,8,Machalite Ore,3
Ingot Vambraces,Dragonite Ore,3,Monster Bone+,1,Coral Crystal (LR),3,Lightcrystal,1
Ingot Coil,Dragonite Ore,3,Monster Bone+,1,Coral Crystal (LR),3,Lightcrystal,1
Ingot Greaves,Dragonite Ore,2,Monster Bone+,1,Earth Crystal,3,Machalite Ore,3
Death Stench Brain,Sinister Cloth,1,Warped Bone,1,Monster Bone+,2,Sharp Claw,3
Death Stench Muscle,Sinister Cloth,1,Coral Bone,2,Sturdy Bone,2,Monster Fluid,2
Death Stench Grip,Sinister Cloth,1,Warped Bone,3,Sturdy Bone,6,Lightcrystal,1
Death Stench Bowels,Sinister Cloth,1,Warped Bone,1,Sturdy Bone,2,Monster Fluid,2
Death Stench Heel,Sinister Cloth,1,Coral Bone,3,Monster Bone+,4,Lightcrystal,1
Brigade Lobos,Pinnacle Coin,2,Pukei Coin,2,Kulu Coin,2,Commendation,1
Brigade Suit,Pinnacle Coin,3,Pukei Coin,2,Rathian Coin,4,Lightcrystal,1
Brigade Vambraces,Pinnacle Coin,2,Pukei Coin,2,Kulu Coin,2,Commendation,1
Brigade Coil,Pinnacle Coin,2,Pukei Coin,2,Kulu Coin,2,Commendation,1
Brigade Boots,Pinnacle Coin,3,Kulu Coin,2,Rathian Coin,4,Lightcrystal,1
Legiana Helm,Legiana Scale,2,Legiana Hide,1,Legiana Claw,1,Shamos Scale,2
Legiana Mail,Legiana Hide,3,Legiana Claw,2,Legiana Webbing,2,Legiana Plate,1
Legiana Vambraces,Legiana Hide,2,Legiana Scale,2,Legiana Tail Webbing,1,Frost Sac,1
Legiana Coil,Legiana Hide,2,Legiana Scale,2,Frost Sac,1,Shamos Hide,2
Legiana Greaves,Legiana Scale,2,Legiana Hide,1,Legiana Claw,1,Dragonite Ore,2
Odogaron Helm,Odogaron Scale,2,Odogaron Sinew,1,Odogaron Claw,1,Warped Bone,1
Odogaron Mail,Odogaron Sinew,2,Odogaron Scale,2,Odogaron Fang,1,Hornetaur Shell,3
Odogaron Vambraces,Odogaron Sinew,2,Odogaron Scale,2,Odogaron Tail,1,Hornetaur Wing,2
Odogaron Coil,Odogaron Sinew,3,Odogaron Claw,2,Odogaron Fang,2,Odogaron Plate,1
Odogaron Greaves,Odogaron Scale,2,Odogaron Sinew,1,Odogaron Claw,1,Dragonite Ore,2
Rathalos Helm,Rathalos Scale,2,Rathalos Shell,2,Rath Wingtalon,2,Rathalos Marrow,1
Rathalos Mail,Rathalos Scale,2,Rathalos Shell,4,Rathalos Webbing,2,Rathalos Plate,1
Rathalos Vambraces,Rathalos Shell,2,Rathalos Webbing,1,Flame Sac,2,Monster Bone+,2
Rathalos Coil,Rathalos Scale,2,Rathalos Shell,2,Rathalos Webbing,1,Monster Bone+,3
Rathalos Greaves,Rathalos Shell,3,Rathalos Scale,2,Rath Wingtalon,2,Rathalos Tail,1
Diablos Helm,Diablos Ridge,3,Diablos Fang,2,Twisted Horn,1,Diablos Marrow,1
Diablos Mail,Diablos Shell,2,Diablos Ridge,1,Twisted Horn,2,Monster Bone+,3
Diablos Vambraces,Diablos Ridge,2,Diablos Shell,2,Diablos Tailcase,1,Lightcrystal,1
Diablos Coil,Diablos Shell,2,Diablos Ridge,1,Diablos Fang,1,Monster Bone L,2
Diablos Greaves,Diablos Ridge,2,Diablos Shell,2,Twisted Horn,1,Monster Bone+,3
Kirin Horn,Kirin Hide,2,Kirin Tail,2,Kirin Thunderhorn,3,Lightcrystal,1
Kirin Jacket,Kirin Hide,2,Kirin Mane,2,Coral Crystal (LR),4,Coral Bone,2
Kirin Longarms,Kirin Hide,3,Kirin Mane,2,Paolumu Shell,2,Lightcrystal,1
Kirin Hoop,Kirin Hide,2,Kirin Thunderhorn,1,Kirin Tail,1,Electro Sac,1
Kirin Leg Guards,Kirin Hide,2,Kirin Thunderhorn,1,Paolumu Shell,2,,
Blossom Headgear,Spring Blossom Ticket,1,Earth Crystal,1,,,,
Blossom Vest,Spring Blossom Ticket,1,Earth Crystal,3,,,,
Blossom Cuffs,Spring Blossom Ticket,1,Earth Crystal,1,,,,
Blossom Coat,Spring Blossom Ticket,1,Earth Crystal,1,,,,
Blossom Boots,Spring Blossom Ticket,1,Earth Crystal,2,,,,
Diver's Mask,Summer Twilight Ticket,1,Coral Crystal (LR),1,,,,
Diver's Suit,Summer Twilight Ticket,1,Coral Crystal (LR),1,,,,
Diver's Braces,Summer Twilight Ticket,1,Coral Crystal (LR),1,,,,
Diver's Belt,Summer Twilight Ticket,1,Coral Crystal (LR),1,,,,
Diver's Boots,Summer Twilight Ticket,1,Coral Crystal (LR),1,,,,
Harvest Flor,Autumn Harvest Ticket,1,Sturdy Bone,1,,,,
Harvest Tronco,Autumn Harvest Ticket,1,Sturdy Bone,1,,,,
Harvest Trama,Autumn Harvest Ticket,1,Sturdy Bone,1,,,,
Harvest Hoja,Autumn Harvest Ticket,1,Sturdy Bone,1,,,,
Harvest Raiz,Autumn Harvest Ticket,1,Sturdy Bone,1,,,,
Orion Cap,Winter Star Ticket,1,Monster Bone+,1,,,,
Orion Vest,Winter Star Ticket,1,Monster Bone+,2,,,,
Orion Vambraces,Winter Star Ticket,1,Monster Bone+,1,,,,
Orion Coat,Winter Star Ticket,1,Monster Bone+,1,,,,
Orion Boots,Winter Star Ticket,1,Monster Bone+,2,,,,
Gala Suit Top Hat,Appreciation Ticket,1,Monster Bone+,3,,,,
Gala Suit Jacket,Appreciation Ticket,1,Monster Bone+,2,,,,
Gala Suit Cuffs,Appreciation Ticket,1,Monster Bone+,1,,,,
Gala Suit Tail,Appreciation Ticket,1,Monster Bone+,1,,,,
Gala Suit Slacks,Appreciation Ticket,1,Monster Bone+,1,,,,
Butterfly Vertex,Spring Insect Field Guide,1,Great Hornfly,1,Vespoid Shell,1,Monster Fluid,1
Butterfly Thorax,Spring Insect Field Guide,1,Great Hornfly,1,Vespoid Wing,1,Monster Fluid,1
Butterfly Brachia,Spring Insect Field Guide,1,Great Hornfly,1,Vespoid Shell,1,Monster Fluid,1
Butterfly Elytra,Spring Insect Field Guide,1,Great Hornfly,1,Vespoid Wing,1,Monster Fluid,1
Butterfly Crura,Spring Insect Field Guide,1,Great Hornfly,1,Vespoid Shell,1,Monster Fluid,1
Leather Headgear α,Carbalite Ore,3,High-quality Pelt,1,,,,
Leather Mail α,Carbalite Ore,2,High-quality Pelt,1,,,,
Leather Gloves α,Carbalite Ore,2,High-quality Pelt,1,,,,
Leather Belt α,Carbalite Ore,2,High-quality Pelt,1,,,,
Leather Trousers α,Carbalite Ore,2,High-quality Pelt,1,,,,
Leather Headgear β,Carbalite Ore,3,High-quality Pelt,1,,,,
Leather Mail β,Carbalite Ore,2,High-quality Pelt,1,,,,
Leather Gloves β,Carbalite Ore,2,High-quality Pelt,1,,,,
Leather Belt β,Carbalite Ore,2,High-quality Pelt,1,,,,
Leather Trousers β,Carbalite Ore,2,High-quality Pelt,1,,,,
Chainmail Headgear α,Carbalite Ore,3,Dragonite Ore,2,,,,
Chainmail Armor α,Carbalite Ore,2,Dragonite Ore,2,,,,
Chainmail Gloves α,Carbalite Ore,2,Dragonite Ore,2,,,,
Chainmail Belt α,Carbalite Ore,2,Dragonite Ore,2,,,,
Chainmail Trousers α,Carbalite Ore,2,Dragonite Ore,2,,,,
Chainmail Headgear β,Carbalite Ore,3,Dragonite Ore,2,,,,
Chainmail Armor β,Carbalite Ore,2,Dragonite Ore,2,,,,
Chainmail Gloves β,Carbalite Ore,2,Dragonite Ore,2,,,,
Chainmail Belt β,Carbalite Ore,2,Dragonite Ore,2,,,,
Chainmail Trousers β,Carbalite Ore,2,Dragonite Ore,2,,,,
Hunter's Headgear α,Jagras Hide+,3,Jagras Scale+,4,,,,
Hunter's Mail α,Jagras Hide+,3,Quality Bone,4,,,,
Hunter's Vambraces α,Jagras Hide+,2,Jagras Scale+,4,,,,
Hunter's Coil α,Jagras Hide+,2,Quality Bone,3,,,,
Hunter's Greaves α,Jagras Hide+,2,Quality Bone,3,,,,
Hunter's Headgear β,Jagras Hide+,3,Jagras Scale+,4,,,,
Hunter's Mail β,Jagras Hide+,3,Quality Bone,4,,,,
Hunter's Vambraces β,Jagras Hide+,2,Jagras Scale+,4,,,,
Hunter's Coil β,Jagras Hide+,2,Quality Bone,3,,,,
Hunter's Greaves β,Jagras Hide+,2,Quality Bone,3,,,,
Bone Helm α,Quality Bone,3,Monster Bone+,2,Warped Bone,2,,
Bone Mail α,Quality Bone,2,Monster Bone+,2,Monster Bone L,3,,
Bone Vambraces α,Quality Bone,3,Monster Bone+,2,Coral Bone,2,,
Bone Coil α,Quality Bone,2,Monster Bone+,2,Ancient Bone,3,,
Bone Greaves α,Quality Bone,2,Monster Bone+,2,Boulder Bone,3,,
Bone Helm β,Quality Bone,3,Monster Bone+,2,Warped Bone,2,,
Bone Mail β,Quality Bone,2,Monster Bone+,2,Monster Bone L,3,,
Bone Vambraces β,Quality Bone,3,Monster Bone+,2,Coral Bone,2,,
Bone Coil β,Quality Bone,2,Monster Bone+,2,Ancient Bone,3,,
Bone Greaves β,Quality Bone,2,Monster Bone+,2,Boulder Bone,3,,
Alloy Helm α,Carbalite Ore,3,Dragonite Ore,6,Dragonvein Crystal,3,Machalite Ore,5
Alloy Mail α,Carbalite Ore,2,Dragonite Ore,4,Coral Crystal (LR),4,Machalite Ore,5
Alloy Vambraces α,Carbalite Ore,2,Dragonite Ore,4,Earth Crystal,4,Machalite Ore,5
Alloy Coil α,Carbalite Ore,3,Dragonite Ore,6,Dragonvein Crystal,3,Machalite Ore,5
Alloy Greaves α,Carbalite Ore,2,Dragonite Ore,4,Lightcrystal,1,Machalite Ore,5
Alloy Helm β,Carbalite Ore,3,Dragonite Ore,6,Dragonvein Crystal,3,Machalite Ore,5
Alloy Mail β,Carbalite Ore,2,Dragonite Ore,4,Coral Crystal (LR),4,Machalite Ore,5
Alloy Vambraces β,Carbalite Ore,2,Dragonite Ore,4,Earth Crystal,4,Machalite Ore,5
Alloy Coil β,Carbalite Ore,3,Dragonite Ore,6,Dragonvein Crystal,3,Machalite Ore,5
Alloy Greaves β,Carbalite Ore,2,Dragonite Ore,4,Lightcrystal,1,Machalite Ore,5
King Beetle Vertex α,Great Hornfly,1,Carbalite Ore,2,Monster Broth,2,Inferno Sac,3
King Beetle Thorax α,Great Hornfly,1,Dragonvein Crystal,2,Hornetaur Carapace,3,Toxin Sac,2
King Beetle Brachia α,Great Hornfly,1,Dragonvein Crystal,2,Monster Broth,2,Torrent Sac,2
King Beetle Elytra α,Great Hornfly,1,Dragonvein Crystal,2,Vespoid Carapace,3,Thunder Sac,2
King Beetle Crura α,Great Hornfly,1,Carbalite Ore,2,Monster Broth,2,Omniplegia Sac,2
King Beetle Vertex β,Great Hornfly,1,Carbalite Ore,2,Monster Broth,2,Inferno Sac,3
King Beetle Thorax β,Great Hornfly,1,Dragonvein Crystal,2,Hornetaur Carapace,3,Toxin Sac,2
King Beetle Brachia β,Great Hornfly,1,Dragonvein Crystal,2,Monster Broth,2,Torrent Sac,2
King Beetle Elytra β,Great Hornfly,1,Dragonvein Crystal,2,Vespoid Carapace,3,Thunder Sac,2
King Beetle Crura β,Great Hornfly,1,Carbalite Ore,2,Monster Broth,2,Omniplegia Sac,2
Vespoid Helm α,Vespoid Carapace,3,Vespoid Innerwing,2,Monster Keenbone,2,,
Vespoid Mail α,Vespoid Carapace,3,Vespoid Innerwing,2,Monster Keenbone,2,,
Vespoid Vambraces α,Vespoid Carapace,4,Vespoid Innerwing,2,Monster Broth,3,Omniplegia Sac,2
Vespoid Coil α,Vespoid Carapace,3,Vespoid Innerwing,2,Monster Keenbone,2,,
Vespoid Greaves α,Vespoid Carapace,4,Vespoid Innerwing,2,Monster Broth,3,Omniplegia Sac,2
Vespoid Helm β,Vespoid Carapace,3,Vespoid Innerwing,2,Monster Keenbone,2,,
Vespoid Mail β,Vespoid Carapace,3,Vespoid Innerwing,2,Monster Keenbone,2,,
Vespoid Vambraces β,Vespoid Carapace,4,Vespoid Innerwing,2,Monster Broth,3,Omniplegia Sac,2
Vespoid Coil β,Vespoid Carapace,3,Vespoid Innerwing,2,Monster Keenbone,2,,
Vespoid Greaves β,Vespoid Carapace,4,Vespoid Innerwing,2,Monster Broth,3,Omniplegia Sac,2
Hornetaur Helm α,Hornetaur Carapace,3,Hornetaur Innerwing,2,Monster Broth,2,,
Hornetaur Mail α,Hornetaur Carapace,4,Hornetaur Innerwing,2,Hornetaur Head,1,Lightcrystal,1
Hornetaur Vambraces α,Hornetaur Carapace,3,Hornetaur Innerwing,2,Monster Broth,2,,
Hornetaur Coil α,Hornetaur Carapace,3,Hornetaur Innerwing,2,Monster Broth,2,,
Hornetaur Greaves α,Hornetaur Carapace,4,Hornetaur Innerwing,2,Hornetaur Head,1,Novacrystal,1
Hornetaur Helm β,Hornetaur Carapace,3,Hornetaur Innerwing,2,Monster Broth,2,,
Hornetaur Mail β,Hornetaur Carapace,4,Hornetaur Innerwing,2,Hornetaur Head,1,Lightcrystal,1
Hornetaur Vambraces β,Hornetaur Carapace,3,Hornetaur Innerwing,2,Monster Broth,2,,
Hornetaur Coil β,Hornetaur Carapace,3,Hornetaur Innerwing,2,Monster Broth,2,,
Hornetaur Greaves β,Hornetaur Carapace,4,Hornetaur Innerwing,2,Hornetaur Head,1,Novacrystal,1
Mosswine Mask α,Mosswine Hide,3,Anjanath Nosebone+,1,Great Girros Hide+,3,Novacrystal,1
Kestodon Guards α,Kestodon Carapace,6,Kestodon Scalp,3,Quality Bone,3,,
Kestodon Guards β,Kestodon Carapace,6,Kestodon Scalp,3,Quality Bone,3,,
Gajau Boots α,Gajau Scale,4,Grand Gajau Whisker,2,Carbalite Ore,3,,
Gajau Boots β,Gajau Scale,4,Grand Gajau Whisker,2,Carbalite Ore,3,,
Shamos Goggles α,Shamos Hide+,3,Shamos Scale+,4,Dragonvein Crystal,3,,
Shamos Goggles β,Shamos Hide+,3,Shamos Scale+,4,Dragonvein Crystal,3,,
Jagras Helm α,Great Jagras Hide+,4,Great Jagras Mane,2,Great Jagras Claw+,4,Piercing Claw,2
Jagras Mail α,Great Jagras Hide+,2,Great Jagras Claw+,4,Great Jagras Scale+,4,Jagras Hide+,2
Jagras Vambraces α,Great Jagras Scale+,4,Great Jagras Hide+,2,Monster Bone+,3,Jagras Hide+,1
Jagras Coil α,Great Jagras Hide+,3,Great Jagras Mane,3,Great Jagras Scale+,4,Jagras Scale+,3
Jagras Greaves α,Great Jagras Scale+,4,Great Jagras Hide+,2,Great Jagras Mane,2,Jagras Scale+,1
Jagras Helm β,Great Jagras Hide+,4,Great Jagras Mane,2,Great Jagras Claw+,4,Piercing Claw,2
Jagras Mail β,Great Jagras Hide+,2,Great Jagras Claw+,4,Great Jagras Scale+,4,Jagras Hide+,2
Jagras Vambraces β,Great Jagras Scale+,4,Great Jagras Hide+,2,Monster Bone+,3,Jagras Hide+,1
Jagras Coil β,Great Jagras Hide+,3,Great Jagras Mane,3,Great Jagras Scale+,4,Jagras Scale+,3
Jagras Greaves β,Great Jagras Scale+,4,Great Jagras Hide+,2,Great Jagras Mane,2,Jagras Scale+,1
Kulu Headpiece α,Kulu-Ya-Ku Scale+,4,Kulu-Ya-Ku Hide+,2,Kulu-Ya-Ku Plume+,2,,
Kulu Mail α,Kulu-Ya-Ku Hide+,4,Kulu-Ya-Ku Plume+,3,Kulu-Ya-Ku Beak+,2,Bird Wyvern Gem,1
Kulu Vambraces α,Kulu-Ya-Ku Scale+,4,Kulu-Ya-Ku Hide+,2,Carbalite Ore,3,,
Kulu Coil α,Kulu-Ya-Ku Hide+,4,Kulu-Ya-Ku Beak+,2,Wingdrake Hide+,3,Earth Crystal,2
Kulu Greaves α,Kulu-Ya-Ku Hide+,4,Kulu-Ya-Ku Scale+,6,Wingdrake Hide+,2,Earth Crystal,2
Kulu Headpiece β,Kulu-Ya-Ku Scale+,4,Kulu-Ya-Ku Hide+,2,Kulu-Ya-Ku Plume+,2,,
Kulu Mail β,Kulu-Ya-Ku Hide+,4,Kulu-Ya-Ku Plume+,3,Kulu-Ya-Ku Beak+,2,Bird Wyvern Gem,1
Kulu Vambraces β,Kulu-Ya-Ku Scale+,4,Kulu-Ya-Ku Hide+,2,Carbalite Ore,3,,
Kulu Coil β,Kulu-Ya-Ku Hide+,4,Kulu-Ya-Ku Beak+,2,Wingdrake Hide+,3,Earth Crystal,2
Kulu Greaves β,Kulu-Ya-Ku Hide+,4,Kulu-Ya-Ku Scale+,6,Wingdrake Hide+,2,Earth Crystal,2
Tzitzi Headgear α,Tzitzi-Ya-Ku Scale+,4,Tzitzi-Ya-Ku Hide+,2,Tzitzi-Ya-Ku Photophore+,2,Coral Crystal (LR),5
Tzitzi Mail α,Tzitzi-Ya-Ku Hide+,4,Tzitzi-Ya-Ku Claw+,4,Tzitzi-Ya-Ku Photophore+,3,Bird Wyvern Gem,1
Tzitzi Vambraces α,Tzitzi-Ya-Ku Hide+,4,Tzitzi-Ya-Ku Photophore+,2,Tzitzi-Ya-Ku Scale+,4,Dragonvein Crystal,2
Tzitzi Coil α,Tzitzi-Ya-Ku Hide+,2,Tzitzi-Ya-Ku Claw+,4,Dragonvein Crystal,3,Lightcrystal,2
Tzitzi Greaves α,Tzitzi-Ya-Ku Scale+,4,Tzitzi-Ya-Ku Hide+,2,Tzitzi-Ya-Ku Claw+,2,Carbalite Ore,6
Tzitzi Headgear β,Tzitzi-Ya-Ku Scale+,4,Tzitzi-Ya-Ku Hide+,2,Tzitzi-Ya-Ku Photophore+,2,Coral Crystal (LR),5
Tzitzi Mail β,Tzitzi-Ya-Ku Hide+,4,Tzitzi-Ya-Ku Claw+,4,Tzitzi-Ya-Ku Photophore+,3,Bird Wyvern Gem,1
Tzitzi Vambraces β,Tzitzi-Ya-Ku Hide+,4,Tzitzi-Ya-Ku Photophore+,2,Tzitzi-Ya-Ku Scale+,4,Dragonvein Crystal,2
Tzitzi Coil β,Tzitzi-Ya-Ku Hide+,2,Tzitzi-Ya-Ku Claw+,4,Dragonvein Crystal,3,Lightcrystal,2
Tzitzi Greaves β,Tzitzi-Ya-Ku Scale+,4,Tzitzi-Ya-Ku Hide+,2,Tzitzi-Ya-Ku Claw+,2,Carbalite Ore,6
Girros Mask α,Great Girros Scale+,4,Great Girros Hide+,2,Great Girros Hood+,1,Girros Scale+,4
Girros Mail α,Great Girros Hide+,4,Great Girros Fang+,4,Omniplegia Sac,3,Bird Wyvern Gem,1
Girros Vambraces α,Great Girros Scale+,4,Great Girros Hide+,2,Girros Fang,2,Omniplegia Sac,2
Girros Coil α,Great Girros Hide+,4,Great Girros Tail,2,Great Girros Hood+,2,Girros Hide+,4
Girros Greaves α,Great Girros Hide+,2,Great Girros Fang+,4,Great Girros Scale+,4,Warped Bone,5
Girros Mask β,Great Girros Scale+,4,Great Girros Hide+,2,Great Girros Hood+,1,Girros Scale+,4
Girros Mail β,Great Girros Hide+,4,Great Girros Fang+,4,Omniplegia Sac,3,Bird Wyvern Gem,1
Girros Vambraces β,Great Girros Scale+,4,Great Girros Hide+,2,Girros Fang,2,Omniplegia Sac,2
Girros Coil β,Great Girros Hide+,4,Great Girros Tail,2,Great Girros Hood+,2,Girros Hide+,4
Girros Greaves β,Great Girros Hide+,2,Great Girros Fang+,4,Great Girros Scale+,4,Warped Bone,5
Pukei Hood α,Pukei-Pukei Carapace,2,Pukei-Pukei Tail,2,Pukei-Pukei Wing,3,Toxin Sac,2
Pukei Mail α,Pukei-Pukei Scale+,4,Pukei-Pukei Carapace,3,Carbalite Ore,3,,
Pukei Vambraces α,Pukei-Pukei Scale+,4,Pukei-Pukei Carapace,3,Toxin Sac,1,,
Pukei Coil α,Pukei-Pukei Carapace,4,Pukei-Pukei Wing,2,Pukei-Pukei Sac+,2,Bird Wyvern Gem,1
Pukei Greaves α,Pukei-Pukei Carapace,2,Pukei-Pukei Sac+,2,Pukei-Pukei Scale+,4,Monster Keenbone,2
Pukei Hood β,Pukei-Pukei Carapace,2,Pukei-Pukei Tail,2,Pukei-Pukei Wing,3,Toxin Sac,2
Pukei Mail β,Pukei-Pukei Scale+,4,Pukei-Pukei Carapace,3,Carbalite Ore,3,,
Pukei Vambraces β,Pukei-Pukei Scale+,4,Pukei-Pukei Carapace,3,Toxin Sac,1,,
Pukei Coil β,Pukei-Pukei Carapace,4,Pukei-Pukei Wing,2,Pukei-Pukei Sac+,2,Bird Wyvern Gem,1
Pukei Greaves β,Pukei-Pukei Carapace,2,Pukei-Pukei Sac+,2,Pukei-Pukei Scale+,4,Monster Keenbone,2
Barroth Helm α,Barroth Ridge+,3,Barroth Tail,2,Barroth Claw+,3,Kestodon Carapace,4
Barroth Mail α,Barroth Carapace,4,Barroth Ridge+,2,Barroth Claw+,2,Quality Bone,5
Barroth Vambraces α,Barroth Ridge+,4,Barroth Scalp,2,Kestodon Carapace,3,Wyvern Gem,1
Barroth Coil α,Barroth Carapace,4,Barroth Ridge+,3,Monster Bone+,4,,
Barroth Greaves α,Barroth Ridge+,2,Barroth Carapace,4,Fertile Mud,4,Monster Keenbone,4
Barroth Helm β,Barroth Ridge+,3,Barroth Tail,2,Barroth Claw+,3,Kestodon Carapace,4
Barroth Mail β,Barroth Carapace,4,Barroth Ridge+,2,Barroth Claw+,2,Quality Bone,5
Barroth Vambraces β,Barroth Ridge+,4,Barroth Scalp,2,Kestodon Carapace,3,Wyvern Gem,1
Barroth Coil β,Barroth Carapace,4,Barroth Ridge+,3,Monster Bone+,4,,
Barroth Greaves β,Barroth Ridge+,2,Barroth Carapace,4,Fertile Mud,4,Monster Keenbone,4
Anja Helm α,Anjanath Pelt+,4,Anjanath Scale+,4,Anjanath Tail,2,Inferno Sac,3
Anja Mail α,Anjanath Pelt+,6,Anjanath Fang+,4,Anjanath Nosebone+,2,Anjanath Gem,1
Anja Vambraces α,Anjanath Pelt+,4,Anjanath Scale+,4,Anjanath Nosebone+,1,Monster Keenbone,4
Anja Coil α,Anjanath Scale+,4,Anjanath Pelt+,3,Anjanath Fang+,3,Piercing Claw,4
Anja Greaves α,Anjanath Scale+,4,Anjanath Pelt+,3,Inferno Sac,2,Carbalite Ore,5
Anja Helm β,Anjanath Pelt+,4,Anjanath Scale+,4,Anjanath Tail,2,Inferno Sac,3
Anja Mail β,Anjanath Pelt+,6,Anjanath Fang+,4,Anjanath Nosebone+,2,Anjanath Gem,1
Anja Vambraces β,Anjanath Pelt+,4,Anjanath Scale+,4,Anjanath Nosebone+,1,Monster Keenbone,4
Anja Coil β,Anjanath Scale+,4,Anjanath Pelt+,3,Anjanath Fang+,3,Piercing Claw,4
Anja Greaves β,Anjanath Scale+,4,Anjanath Pelt+,3,Inferno Sac,2,Carbalite Ore,5
Jyura Helm α,Jyuratodus Scale+,4,Jyuratodus Carapace,2,Jyuratodus Fin+,2,Gajau Scale,6
Jyura Mail α,Jyuratodus Scale+,4,Jyuratodus Fin+,3,Jyuratodus Fang+,2,Torrent Sac,2
Jyura Vambraces α,Jyuratodus Carapace,4,Jyuratodus Fang+,3,Grand Gajau Whisker,2,Monster Keenbone,3
Jyura Coil α,Jyuratodus Scale+,4,Jyuratodus Carapace,2,Torrent Sac,2,,
Jyura Greaves α,Jyuratodus Carapace,4,Jyuratodus Fang+,2,Jyuratodus Fin+,2,Wyvern Gem,1
Jyura Helm β,Jyuratodus Scale+,4,Jyuratodus Carapace,2,Jyuratodus Fin+,2,Gajau Scale,6
Jyura Mail β,Jyuratodus Scale+,4,Jyuratodus Fin+,3,Jyuratodus Fang+,2,Torrent Sac,2
Jyura Vambraces β,Jyuratodus Carapace,4,Jyuratodus Fang+,3,Grand Gajau Whisker,2,Monster Keenbone,3
Jyura Coil β,Jyuratodus Scale+,4,Jyuratodus Carapace,2,Torrent Sac,2,,
Jyura Greaves β,Jyuratodus Carapace,4,Jyuratodus Fang+,2,Jyuratodus Fin+,2,Wyvern Gem,1
Kadachi Helm α,Tobi-Kadachi Pelt+,4,Tobi-Kadachi Electrode+,4,Tobi-Kadachi Claw+,4,Wyvern Gem,1
Kadachi Mail α,Tobi-Kadachi Pelt+,3,Tobi-Kadachi Electrode+,2,Tobi-Kadachi Membrane,4,Thunder Sac,2
Kadachi Vambraces α,Tobi-Kadachi Pelt+,4,Tobi-Kadachi Claw+,4,Tobi-Kadachi Scale+,2,Monster Keenbone,4
Kadachi Coil α,Tobi-Kadachi Scale+,4,Tobi-Kadachi Pelt+,3,Thunder Sac,1,Wingdrake Hide+,3
Kadachi Greaves α,Tobi-Kadachi Scale+,4,Tobi-Kadachi Membrane,2,Thunder Sac,1,High-quality Pelt,3
Kadachi Helm β,Tobi-Kadachi Pelt+,4,Tobi-Kadachi Electrode+,4,Tobi-Kadachi Claw+,4,Wyvern Gem,1
Kadachi Mail β,Tobi-Kadachi Pelt+,3,Tobi-Kadachi Electrode+,2,Tobi-Kadachi Membrane,4,Thunder Sac,2
Kadachi Vambraces β,Tobi-Kadachi Pelt+,4,Tobi-Kadachi Claw+,4,Tobi-Kadachi Scale+,2,Monster Keenbone,4
Kadachi Coil β,Tobi-Kadachi Scale+,4,Tobi-Kadachi Pelt+,3,Thunder Sac,1,Wingdrake Hide+,3
Kadachi Greaves β,Tobi-Kadachi Scale+,4,Tobi-Kadachi Membrane,2,Thunder Sac,1,High-quality Pelt,3
Lumu Hat α,Paolumu Scale+,4,Paolumu Wing,2,Paolumu Pelt+,2,Lightcrystal,2
Lumu Mail α,Paolumu Scale+,2,Paolumu Carapace+,3,Paolumu Pelt+,2,Monster Keenbone,4
Lumu Vambraces α,Paolumu Pelt+,4,Paolumu Scale+,2,Paolumu Wing,2,Quality Bone,5
Lumu Coil α,Paolumu Pelt+,4,Paolumu Scale+,2,Paolumu Carapace+,3,Coral Bone,5
Lumu Greaves α,Paolumu Scale+,4,Paolumu Pelt+,2,Paolumu Wing,4,Wyvern Gem,1
Lumu Hat β,Paolumu Scale+,4,Paolumu Wing,2,Paolumu Pelt+,2,Lightcrystal,2
Lumu Mail β,Paolumu Scale+,2,Paolumu Carapace+,3,Paolumu Pelt+,2,Monster Keenbone,4
Lumu Vambraces β,Paolumu Pelt+,4,Paolumu Scale+,2,Paolumu Wing,2,Quality Bone,5
Lumu Coil β,Paolumu Pelt+,4,Paolumu Scale+,2,Paolumu Carapace+,3,Coral Bone,5
Lumu Greaves β,Paolumu Scale+,4,Paolumu Pelt+,2,Paolumu Wing,4,Wyvern Gem,1
Rathian Helm α,Rathian Carapace,4,Rathian Scale+,4,Rathian Webbing,2,Inferno Sac,3
Rathian Mail α,Rathian Scale+,4,Rathian Carapace,2,Rathian Webbing,2,Quality Bone,6
Rathian Vambraces α,Rathian Carapace,4,Rathian Scale+,4,Rathian Spike+,2,Monster Keenbone,4
Rathian Coil α,Rathian Scale+,4,Rathian Carapace,2,Inferno Sac,2,Monster Broth,2
Rathian Greaves α,Rathian Carapace,6,Rathian Spike+,3,Rath Wingtalon,4,Rathian Ruby,1
Rathian Helm β,Rathian Carapace,4,Rathian Scale+,4,Rathian Webbing,2,Inferno Sac,3
Rathian Mail β,Rathian Scale+,4,Rathian Carapace,2,Rathian Webbing,2,Quality Bone,6
Rathian Vambraces β,Rathian Carapace,4,Rathian Scale+,4,Rathian Spike+,2,Monster Keenbone,4
Rathian Coil β,Rathian Scale+,4,Rathian Carapace,2,Inferno Sac,2,Monster Broth,2
Rathian Greaves β,Rathian Carapace,6,Rathian Spike+,3,Rath Wingtalon,4,Rathian Ruby,1
Rath Heart Helm α,Pink Rathian Scale+,4,Pink Rathian Carapace,2,Monster Hardbone,3,Shamos Scale+,4
Rath Heart Mail α,Pink Rathian Carapace,4,Pink Rathian Scale+,3,Rathian Spike+,2,Novacrystal,1
Rath Heart Braces α,Pink Rathian Carapace,6,Pink Rathian Scale+,2,Rathian Spike+,3,Rathian Ruby,1
Rath Heart Coil α,Pink Rathian Carapace,4,Pink Rathian Scale+,3,Monster Hardbone,4,Rathian Plate,1
Rath Heart Greaves α,Pink Rathian Scale+,4,Pink Rathian Carapace,2,Monster Hardbone,3,Shamos Hide+,3
Rath Heart Helm β,Pink Rathian Scale+,4,Pink Rathian Carapace,2,Monster Hardbone,3,Shamos Scale+,4
Rath Heart Mail β,Pink Rathian Carapace,4,Pink Rathian Scale+,3,Rathian Spike+,2,Novacrystal,1
Rath Heart Braces β,Pink Rathian Carapace,6,Pink Rathian Scale+,2,Rathian Spike+,3,Rathian Ruby,1
Rath Heart Coil β,Pink Rathian Carapace,4,Pink Rathian Scale+,3,Monster Hardbone,4,Rathian Plate,1
Rath Heart Greaves β,Pink Rathian Scale+,4,Pink Rathian Carapace,2,Monster Hardbone,3,Shamos Hide+,3
Baan Helm α,Radobaan Carapace,6,Radobaan Scale+,4,Radobaan Medulla,1,Wyvern Gem,1
Baan Mail α,Radobaan Scale+,4,Radobaan Carapace,3,Coma Sac,2,Quality Bone,6
Baan Vambraces α,Radobaan Scale+,4,Radobaan Carapace,3,Radobaan Oilshell,2,Sturdy Bone,8
Baan Coil α,Radobaan Scale+,4,Radobaan Carapace,3,Coma Sac,3,Wyvern Bonemass,5
Baan Greaves α,Radobaan Carapace,4,Radobaan Scale+,4,Radobaan Oilshell,2,Wyvern Bonemass,5
Baan Helm β,Radobaan Carapace,6,Radobaan Scale+,4,Radobaan Medulla,1,Wyvern Gem,1
Baan Mail β,Radobaan Scale+,4,Radobaan Carapace,3,Coma Sac,2,Quality Bone,6
Baan Vambraces β,Radobaan Scale+,4,Radobaan Carapace,3,Radobaan Oilshell,2,Sturdy Bone,8
Baan Coil β,Radobaan Scale+,4,Radobaan Carapace,3,Coma Sac,3,Wyvern Bonemass,5
Baan Greaves β,Radobaan Carapace,4,Radobaan Scale+,4,Radobaan Oilshell,2,Wyvern Bonemass,5
Gastodon Horn α,Gastodon Horn,3,Gastodon Carapace,4,Kestodon Carapace,3,Dragonite Ore,5
Gastodon Horn β,Gastodon Horn,3,Gastodon Carapace,4,Kestodon Carapace,3,Dragonite Ore,5
Barnos Jacket α,Barnos Hide+,4,Barnos Talon,2,Piercing Claw,3,Dragonvein Crystal,3
Barnos Jacket β,Barnos Hide+,4,Barnos Talon,2,Piercing Claw,3,Dragonvein Crystal,3
Dodogama Helm α,Dodogama Scale+,4,Dodogama Hide+,2,Dodogama Jaw,1,Gastodon Horn,3
Dodogama Mail α,Dodogama Hide+,4,Dodogama Tail,1,Dodogama Jaw,3,Firecell Stone,1
Dodogama Vambraces α,Dodogama Hide+,4,Dodogama Talon,4,Dodogama Scale+,4,Fucium Ore,6
Dodogama Coil α,Dodogama Scale+,4,Dodogama Hide+,2,Dodogama Jaw,1,Gastodon Carapace,5
Dodogama Greaves α,Dodogama Hide+,6,Dodogama Tail,2,Dodogama Talon,4,Wyvern Gem,1
Dodogama Helm β,Dodogama Scale+,4,Dodogama Hide+,2,Dodogama Jaw,1,Gastodon Horn,3
Dodogama Mail β,Dodogama Hide+,4,Dodogama Tail,1,Dodogama Jaw,3,Firecell Stone,1
Dodogama Vambraces β,Dodogama Hide+,4,Dodogama Talon,4,Dodogama Scale+,4,Fucium Ore,6
Dodogama Coil β,Dodogama Scale+,4,Dodogama Hide+,2,Dodogama Jaw,1,Gastodon Carapace,5
Dodogama Greaves β,Dodogama Hide+,6,Dodogama Tail,2,Dodogama Talon,4,Wyvern Gem,1
Zorah Headgear α,Zorah Magdaros Heat Scale,3,Zorah Magdaros Ridge,2,Zorah Magdaros Carapace,6,Dragonite Ore,8
Zorah Hide α,Zorah Magdaros Carapace,6,Zorah Magdaros Heat Scale,1,Zorah Magdaros Ridge,2,Zorah Magdaros Pleura,1
Zorah Claws α,Zorah Magdaros Heat Scale,3,Zorah Magdaros Pleura,3,Zorah Magdaros Magma,2,Dragonite Ore,8
Zorah Spine α,Zorah Magdaros Carapace,8,Zorah Magdaros Heat Scale,1,Zorah Magdaros Ridge,3,Zorah Magdaros Magma,2
Zorah Spurs α,Zorah Magdaros Ridge,3,Zorah Magdaros Carapace,3,Zorah Magdaros Magma,3,Zorah Magdaros Gem,1
Zorah Headgear β,Zorah Magdaros Heat Scale,3,Zorah Magdaros Ridge,2,Zorah Magdaros Carapace,6,Dragonite Ore,8
Zorah Hide β,Zorah Magdaros Carapace,6,Zorah Magdaros Heat Scale,1,Zorah Magdaros Ridge,2,Zorah Magdaros Pleura,1
Zorah Claws β,Zorah Magdaros Heat Scale,3,Zorah Magdaros Pleura,3,Zorah Magdaros Magma,2,Dragonite Ore,8
Zorah Spine β,Zorah Magdaros Carapace,8,Zorah Magdaros Heat Scale,1,Zorah Magdaros Ridge,3,Zorah Magdaros Magma,2
Zorah Spurs β,Zorah Magdaros Ridge,3,Zorah Magdaros Carapace,3,Zorah Magdaros Magma,3,Zorah Magdaros Gem,1
High Metal Helm α,Fucium Ore,3,Carbalite Ore,4,Dragonvein Crystal,2,Barnos Hide+,3
High Metal Mail α,Fucium Ore,4,Carbalite Ore,3,Dragonvein Crystal,4,Barnos Talon,3
High Metal Braces α,Fucium Ore,4,Carbalite Ore,3,Dragonvein Crystal,4,Barnos Hide+,4
High Metal Coil α,Fucium Ore,3,Carbalite Ore,4,Dragonvein Crystal,2,Barnos Talon,2
High Metal Greaves α,Fucium Ore,3,Carbalite Ore,4,Dragonvein Crystal,2,Barnos Hide+,3
High Metal Helm β,Fucium Ore,3,Carbalite Ore,4,Dragonvein Crystal,2,Barnos Hide+,3
High Metal Mail β,Fucium Ore,4,Carbalite Ore,3,Dragonvein Crystal,4,Barnos Talon,3
High Metal Braces β,Fucium Ore,4,Carbalite Ore,3,Dragonvein Crystal,4,Barnos Hide+,4
High Metal Coil β,Fucium Ore,3,Carbalite Ore,4,Dragonvein Crystal,2,Barnos Talon,2
High Metal Greaves β,Fucium Ore,3,Carbalite Ore,4,Dragonvein Crystal,2,Barnos Hide+,3
Ingot Helm α,Fucium Ore,1,Monster Hardbone,2,Dragonite Ore,4,Gastodon Horn,2
Ingot Mail α,Fucium Ore,1,Monster Hardbone,2,Dragonite Ore,4,Gastodon Carapace,2
Ingot Vambraces α,Fucium Ore,1,Monster Hardbone,3,Dragonite Ore,4,Gastodon Horn,2
Ingot Coil α,Fucium Ore,1,Monster Hardbone,3,Dragonite Ore,4,Gastodon Carapace,3
Ingot Greaves α,Fucium Ore,1,Monster Hardbone,2,Dragonite Ore,4,Gastodon Carapace,2
Ingot Helm β,Fucium Ore,1,Monster Hardbone,2,Dragonite Ore,4,Gastodon Horn,2
Ingot Mail β,Fucium Ore,1,Monster Hardbone,2,Dragonite Ore,4,Gastodon Carapace,2
Ingot Vambraces β,Fucium Ore,1,Monster Hardbone,3,Dragonite Ore,4,Gastodon Horn,2
Ingot Coil β,Fucium Ore,1,Monster Hardbone,3,Dragonite Ore,4,Gastodon Carapace,3
Ingot Greaves β,Fucium Ore,1,Monster Hardbone,2,Dragonite Ore,4,Gastodon Carapace,2
Brigade Lobos α,Hunter King Coin,2,Tzitzi Coin,4,Gama Coin,3,Monster Hardbone,2
Brigade Suit α,Hunter King Coin,3,Tzitzi Coin,4,Rathalos Coin,3,Monster Hardbone,2
Brigade Vambraces α,Hunter King Coin,2,Barroth Coin,4,Rathalos Coin,3,Monster Hardbone,2
Brigade Coil α,Hunter King Coin,2,Barroth Coin,4,Gama Coin,3,Monster Hardbone,2
Brigade Boots α,Hunter King Coin,3,Gama Coin,3,Rathalos Coin,3,Monster Hardbone,2
Brigade Lobos β,Hunter King Coin,2,Tzitzi Coin,4,Gama Coin,3,Monster Hardbone,2
Brigade Suit β,Hunter King Coin,3,Tzitzi Coin,4,Rathalos Coin,3,Monster Hardbone,2
Brigade Vambraces β,Hunter King Coin,2,Barroth Coin,4,Rathalos Coin,3,Monster Hardbone,2
Brigade Coil β,Hunter King Coin,2,Barroth Coin,4,Gama Coin,3,Monster Hardbone,2
Brigade Boots β,Hunter King Coin,3,Gama Coin,3,Rathalos Coin,3,Monster Hardbone,2
Faux Felyne α,Tailraider Voucher,3,Paolumu Pelt+,3,High-quality Pelt,3,Firecell Stone,1
Strategist Spectacles α,Firecell Stone,2,Novacrystal,2,Fucium Ore,6,,
Lavasioth Helm α,Lavasioth Scale+,4,Lavasioth Carapace,2,Lavasioth Fin+,2,Monster Hardbone,6
Lavasioth Mail α,Lavasioth Carapace,4,Lavasioth Fin+,2,Lavasioth Scale+,6,Fucium Ore,5
Lavasioth Vambraces α,Lavasioth Carapace,4,Lavasioth Fang+,4,Lavasioth Scale+,6,Gajau Scale,6
Lavasioth Coil α,Lavasioth Scale+,4,Lavasioth Carapace,2,Lavasioth Fang+,2,Grand Gajau Whisker,4
Lavasioth Greaves α,Lavasioth Carapace,6,Lavasioth Fang+,2,Lavasioth Fin+,4,Firecell Stone,1
Lavasioth Helm β,Lavasioth Scale+,4,Lavasioth Carapace,2,Lavasioth Fin+,2,Monster Hardbone,6
Lavasioth Mail β,Lavasioth Carapace,4,Lavasioth Fin+,2,Lavasioth Scale+,6,Fucium Ore,5
Lavasioth Vambraces β,Lavasioth Carapace,4,Lavasioth Fang+,4,Lavasioth Scale+,6,Gajau Scale,6
Lavasioth Coil β,Lavasioth Scale+,4,Lavasioth Carapace,2,Lavasioth Fang+,2,Grand Gajau Whisker,4
Lavasioth Greaves β,Lavasioth Carapace,6,Lavasioth Fang+,2,Lavasioth Fin+,4,Firecell Stone,1
Legiana Helm α,Legiana Scale+,4,Legiana Hide+,2,Freezer Sac,2,Tzitzi-Ya-Ku Scale+,2
Legiana Mail α,Legiana Hide+,6,Legiana Claw+,3,Legiana Wing,3,Legiana Gem,1
Legiana Vambraces α,Legiana Hide+,4,Legiana Scale+,4,Legiana Tail Webbing,3,Novacrystal,1
Legiana Coil α,Legiana Hide+,4,Legiana Scale+,4,Freezer Sac,2,Legiana Plate,1
Legiana Greaves α,Legiana Scale+,4,Legiana Hide+,2,Legiana Wing,2,Tzitzi-Ya-Ku Hide+,2
Legiana Helm β,Legiana Scale+,4,Legiana Hide+,2,Freezer Sac,2,Tzitzi-Ya-Ku Scale+,2
Legiana Mail β,Legiana Hide+,6,Legiana Claw+,3,Legiana Wing,3,Legiana Gem,1
Legiana Vambraces β,Legiana Hide+,4,Legiana Scale+,4,Legiana Tail Webbing,3,Novacrystal,1
Legiana Coil β,Legiana Hide+,4,Legiana Scale+,4,Freezer Sac,2,Legiana Plate,1
Legiana Greaves β,Legiana Scale+,4,Legiana Hide+,2,Legiana Wing,2,Tzitzi-Ya-Ku Hide+,2
Odogaron Helm α,Odogaron Scale+,4,Odogaron Sinew+,2,Odogaron Claw+,2,Warped Bone,3
Odogaron Mail α,Odogaron Sinew+,4,Odogaron Scale+,4,Odogaron Plate,1,Hornetaur Carapace,5
Odogaron Vambraces α,Odogaron Sinew+,4,Odogaron Scale+,4,Odogaron Tail,2,Hornetaur Innerwing,4
Odogaron Coil α,Odogaron Sinew+,6,Odogaron Claw+,4,Odogaron Fang+,2,Odogaron Gem,1
Odogaron Greaves α,Odogaron Scale+,4,Odogaron Sinew+,2,Odogaron Fang+,2,Monster Hardbone,6
Odogaron Helm β,Odogaron Scale+,4,Odogaron Sinew+,2,Odogaron Claw+,2,Warped Bone,3
Odogaron Mail β,Odogaron Sinew+,4,Odogaron Scale+,4,Odogaron Plate,1,Hornetaur Carapace,5
Odogaron Vambraces β,Odogaron Sinew+,4,Odogaron Scale+,4,Odogaron Tail,2,Hornetaur Innerwing,4
Odogaron Coil β,Odogaron Sinew+,6,Odogaron Claw+,4,Odogaron Fang+,2,Odogaron Gem,1
Odogaron Greaves β,Odogaron Scale+,4,Odogaron Sinew+,2,Odogaron Fang+,2,Monster Hardbone,6
Rathalos Helm α,Rathalos Scale+,4,Rathalos Carapace,4,Inferno Sac,2,Rathalos Medulla,1
Rathalos Mail α,Rathalos Scale+,4,Rathalos Carapace,6,Rathalos Wing,3,Rathalos Ruby,1
Rathalos Vambraces α,Rathalos Carapace,6,Rathalos Wing,2,Inferno Sac,2,Rath Wingtalon,6
Rathalos Coil α,Rathalos Scale+,4,Rathalos Carapace,4,Rathalos Wing,2,Rathalos Tail,2
Rathalos Greaves α,Rathalos Carapace,6,Rathalos Scale+,4,Inferno Sac,2,Rathalos Plate,1
Rathalos Helm β,Rathalos Scale+,4,Rathalos Carapace,4,Inferno Sac,2,Rathalos Medulla,1
Rathalos Mail β,Rathalos Scale+,4,Rathalos Carapace,6,Rathalos Wing,3,Rathalos Ruby,1
Rathalos Vambraces β,Rathalos Carapace,6,Rathalos Wing,2,Inferno Sac,2,Rath Wingtalon,6
Rathalos Coil β,Rathalos Scale+,4,Rathalos Carapace,4,Rathalos Wing,2,Rathalos Tail,2
Rathalos Greaves β,Rathalos Carapace,6,Rathalos Scale+,4,Inferno Sac,2,Rathalos Plate,1
Rath Soul Helm α,Azure Rathalos Scale+,4,Azure Rathalos Carapace,4,Azure Rathalos Wing,3,Rathalos Ruby,1
Rath Soul Mail α,Azure Rathalos Scale+,4,Azure Rathalos Carapace,6,Azure Rathalos Wing,2,Barnos Hide+,6
Rath Soul Braces α,Azure Rathalos Carapace,6,Azure Rathalos Wing,2,Azure Rathalos Tail,1,Barnos Talon,4
Rath Soul Coil α,Azure Rathalos Scale+,4,Azure Rathalos Carapace,4,Rathalos Medulla,1,Monster Hardbone,6
Rath Soul Greaves α,Azure Rathalos Carapace,6,Azure Rathalos Scale+,4,Azure Rathalos Tail,2,Rathalos Plate,1
Rath Soul Helm β,Azure Rathalos Scale+,4,Azure Rathalos Carapace,4,Azure Rathalos Wing,3,Rathalos Ruby,1
Rath Soul Mail β,Azure Rathalos Scale+,4,Azure Rathalos Carapace,6,Azure Rathalos Wing,2,Barnos Hide+,6
Rath Soul Braces β,Azure Rathalos Carapace,6,Azure Rathalos Wing,2,Azure Rathalos Tail,1,Barnos Talon,4
Rath Soul Coil β,Azure Rathalos Scale+,4,Azure Rathalos Carapace,4,Rathalos Medulla,1,Monster Hardbone,6
Rath Soul Greaves β,Azure Rathalos Carapace,6,Azure Rathalos Scale+,4,Azure Rathalos Tail,2,Rathalos Plate,1
Diablos Helm α,Diablos Ridge+,4,Diablos Fang,4,Majestic Horn,2,Wyvern Gem,1
Diablos Mail α,Diablos Carapace,4,Diablos Ridge+,3,Majestic Horn,2,Lightcrystal,2
Diablos Vambraces α,Diablos Ridge+,4,Diablos Carapace,6,Diablos Tailcase,3,Kestodon Carapace,5
Diablos Coil α,Diablos Carapace,4,Diablos Ridge+,3,Diablos Fang,2,Kestodon Scalp,3
Diablos Greaves α,Diablos Ridge+,6,Diablos Carapace,4,Majestic Horn,1,Blos Medulla,1
Diablos Helm β,Diablos Ridge+,4,Diablos Fang,4,Majestic Horn,2,Wyvern Gem,1
Diablos Mail β,Diablos Carapace,4,Diablos Ridge+,3,Majestic Horn,2,Lightcrystal,2
Diablos Vambraces β,Diablos Ridge+,4,Diablos Carapace,6,Diablos Tailcase,3,Kestodon Carapace,5
Diablos Coil β,Diablos Carapace,4,Diablos Ridge+,3,Diablos Fang,2,Kestodon Scalp,3
Diablos Greaves β,Diablos Ridge+,6,Diablos Carapace,4,Majestic Horn,1,Blos Medulla,1
Diablos Nero Helm α,Black Diablos Ridge+,4,Majestic Horn,2,Black Spiral Horn+,1,Novacrystal,1
Diablos Nero Mail α,Black Diablos Carapace,4,Black Diablos Ridge+,3,Black Spiral Horn+,1,Blos Medulla,2
Diablos Nero Braces α,Black Diablos Ridge+,4,Black Diablos Carapace,6,Carbalite Ore,5,Gastodon Carapace,5
Diablos Nero Coil α,Black Diablos Carapace,4,Black Diablos Ridge+,3,Diablos Tailcase,2,Gastodon Horn,3
Diablos Nero Greaves α,Black Diablos Ridge+,6,Black Diablos Carapace,4,Black Spiral Horn+,1,Wyvern Gem,1
Diablos Nero Helm β,Black Diablos Ridge+,4,Majestic Horn,2,Black Spiral Horn+,1,Novacrystal,1
Diablos Nero Mail β,Black Diablos Carapace,4,Black Diablos Ridge+,3,Black Spiral Horn+,1,Blos Medulla,2
Diablos Nero Braces β,Black Diablos Ridge+,4,Black Diablos Carapace,6,Carbalite Ore,5,Gastodon Carapace,5
Diablos Nero Coil β,Black Diablos Carapace,4,Black Diablos Ridge+,3,Diablos Tailcase,2,Gastodon Horn,3
Diablos Nero Greaves β,Black Diablos Ridge+,6,Black Diablos Carapace,4,Black Spiral Horn+,1,Wyvern Gem,1
Uragaan Helm α,Uragaan Scale+,4,Uragaan Carapace,2,Lava Nugget,4,Firecell Stone,1
Uragaan Mail α,Uragaan Carapace,6,Uragaan Scute,3,Uragaan Jaw,2,Uragaan Ruby,1
Uragaan Vambraces α,Uragaan Carapace,4,Uragaan Scale+,4,Uragaan Marrow,1,Lava Nugget,4
Uragaan Coil α,Uragaan Scale+,4,Uragaan Carapace,2,Fucium Ore,5,Monster Hardbone,5
Uragaan Greaves α,Uragaan Carapace,4,Uragaan Scale+,4,Uragaan Scute,2,Gastodon Carapace,5
Uragaan Helm β,Uragaan Scale+,4,Uragaan Carapace,2,Lava Nugget,4,Firecell Stone,1
Uragaan Mail β,Uragaan Carapace,6,Uragaan Scute,3,Uragaan Jaw,2,Uragaan Ruby,1
Uragaan Vambraces β,Uragaan Carapace,4,Uragaan Scale+,4,Uragaan Marrow,1,Lava Nugget,4
Uragaan Coil β,Uragaan Scale+,4,Uragaan Carapace,2,Fucium Ore,5,Monster Hardbone,5
Uragaan Greaves β,Uragaan Carapace,4,Uragaan Scale+,4,Uragaan Scute,2,Gastodon Carapace,5
Bazel Helm α,Bazelgeuse Carapace,5,Bazelgeuse Talon,2,Bazelgeuse Wing,2,Bazelgeuse Gem,1
Bazel Mail α,Bazelgeuse Scale+,4,Bazelgeuse Carapace,4,Bazelgeuse Fuse,1,Uragaan Scute,2
Bazel Vambraces α,Bazelgeuse Carapace,4,Bazelgeuse Talon,2,Bazelgeuse Tail,2,Firecell Stone,1
Bazel Coil α,Bazelgeuse Carapace,4,Bazelgeuse Scale+,4,Bazelgeuse Fuse,2,Uragaan Marrow,1
Bazel Greaves α,Bazelgeuse Scale+,4,Bazelgeuse Carapace,4,Bazelgeuse Talon,2,Dodogama Hide+,4
Bazel Helm β,Bazelgeuse Carapace,5,Bazelgeuse Talon,2,Bazelgeuse Wing,2,Bazelgeuse Gem,1
Bazel Mail β,Bazelgeuse Scale+,4,Bazelgeuse Carapace,4,Bazelgeuse Fuse,1,Uragaan Scute,2
Bazel Vambraces β,Bazelgeuse Carapace,4,Bazelgeuse Talon,2,Bazelgeuse Tail,2,Firecell Stone,1
Bazel Coil β,Bazelgeuse Carapace,4,Bazelgeuse Scale+,4,Bazelgeuse Fuse,2,Uragaan Marrow,1
Bazel Greaves β,Bazelgeuse Scale+,4,Bazelgeuse Carapace,4,Bazelgeuse Talon,2,Dodogama Hide+,4
Damascus Helm α,Elder Dragon Blood,2,Fucium Ore,3,Great Girros Hood+,3,Novacrystal,1
Damascus Mail α,Elder Dragon Blood,2,Fucium Ore,3,Uragaan Scute,3,Firecell Stone,1
Damascus Vambraces α,Elder Dragon Blood,2,Fucium Ore,3,Black Diablos Ridge+,5,Novacrystal,1
Damascus Coil α,Elder Dragon Blood,2,Fucium Ore,3,Dodogama Jaw,3,Firecell Stone,1
Damascus Greaves α,Elder Dragon Blood,2,Fucium Ore,3,Lavasioth Carapace,5,Novacrystal,1
Damascus Helm β,Elder Dragon Blood,2,Fucium Ore,3,Great Girros Hood+,3,Novacrystal,1
Damascus Mail β,Elder Dragon Blood,2,Fucium Ore,3,Uragaan Scute,3,Firecell Stone,1
Damascus Vambraces β,Elder Dragon Blood,2,Fucium Ore,3,Black Diablos Ridge+,5,Novacrystal,1
Damascus Coil β,Elder Dragon Blood,2,Fucium Ore,3,Dodogama Jaw,3,Firecell Stone,1
Damascus Greaves β,Elder Dragon Blood,2,Fucium Ore,3,Lavasioth Carapace,5,Novacrystal,1
Dober Helm α,Elder Dragon Bone,3,Quality Bone,3,Bazelgeuse Fuse,1,Dragonbone Relic,1
Dober Mail α,Elder Dragon Bone,3,Quality Bone,3,Blos Medulla,1,Dragonbone Relic,1
Dober Vambraces α,Elder Dragon Bone,3,Quality Bone,3,Uragaan Marrow,1,Brutal Bone,3
Dober Coil α,Elder Dragon Bone,3,Quality Bone,3,Rathalos Medulla,1,Brutal Bone,3
Dober Greaves α,Elder Dragon Bone,3,Quality Bone,3,Radobaan Medulla,1,Dragonbone Relic,1
Dober Helm β,Elder Dragon Bone,3,Quality Bone,3,Bazelgeuse Fuse,1,Dragonbone Relic,1
Dober Mail β,Elder Dragon Bone,3,Quality Bone,3,Blos Medulla,1,Dragonbone Relic,1
Dober Vambraces β,Elder Dragon Bone,3,Quality Bone,3,Uragaan Marrow,1,Brutal Bone,3
Dober Coil β,Elder Dragon Bone,3,Quality Bone,3,Rathalos Medulla,1,Brutal Bone,3
Dober Greaves β,Elder Dragon Bone,3,Quality Bone,3,Radobaan Medulla,1,Dragonbone Relic,1
Death Stench Brain α,Sinister Cloth,2,Brutal Bone,1,Vaal Hazak Membrane,1,Piercing Claw,3
Death Stench Muscle α,Sinister Cloth,2,Dragonbone Relic,1,Vaal Hazak Membrane,1,Monster Broth,2
Death Stench Grip α,Sinister Cloth,2,Brutal Bone,2,Vaal Hazak Membrane,2,Novacrystal,1
Death Stench Bowels α,Sinister Cloth,2,Brutal Bone,1,Vaal Hazak Membrane,1,Monster Broth,2
Death Stench Heel α,Sinister Cloth,2,Dragonbone Relic,1,Vaal Hazak Membrane,2,Novacrystal,1
Death Stench Brain β,Sinister Cloth,2,Brutal Bone,1,Vaal Hazak Membrane,1,Piercing Claw,3
Death Stench Muscle β,Sinister Cloth,2,Dragonbone Relic,1,Vaal Hazak Membrane,1,Monster Broth,2
Death Stench Grip β,Sinister Cloth,2,Brutal Bone,2,Vaal Hazak Membrane,2,Novacrystal,1
Death Stench Bowels β,Sinister Cloth,2,Brutal Bone,1,Vaal Hazak Membrane,1,Monster Broth,2
Death Stench Heel β,Sinister Cloth,2,Dragonbone Relic,1,Vaal Hazak Membrane,2,Novacrystal,1
Skull Mask α,Unknown Skull,1,Brutal Bone,2,Warped Bone,3,Dragonbone Relic,1
Nergigante Helm α,Nergigante Horn+,2,Nergigante Carapace,6,Immortal Dragonscale,4,Nergigante Gem,1
Nergigante Mail α,Nergigante Carapace,4,Immortal Dragonscale,4,Nergigante Talon,2,Elder Dragon Bone,3
Nergigante Vambraces α,Nergigante Carapace,4,Nergigante Horn+,1,Nergigante Tail,2,Firecell Stone,1
Nergigante Coil α,Nergigante Carapace,4,Immortal Dragonscale,4,Nergigante Regrowth Plate,4,Novacrystal,1
Nergigante Greaves α,Nergigante Carapace,4,Immortal Dragonscale,4,Nergigante Regrowth Plate,2,Elder Dragon Blood,2
Nergigante Helm β,Nergigante Horn+,2,Nergigante Carapace,6,Immortal Dragonscale,4,Nergigante Gem,1
Nergigante Mail β,Nergigante Carapace,4,Immortal Dragonscale,4,Nergigante Talon,2,Elder Dragon Bone,3
Nergigante Vambraces β,Nergigante Carapace,4,Nergigante Horn+,1,Nergigante Tail,2,Firecell Stone,1
Nergigante Coil β,Nergigante Carapace,4,Immortal Dragonscale,4,Nergigante Regrowth Plate,4,Novacrystal,1
Nergigante Greaves β,Nergigante Carapace,4,Immortal Dragonscale,4,Nergigante Regrowth Plate,2,Elder Dragon Blood,2
Kaiser Crown α,Teostra Carapace,5,Teostra Horn+,2,Teostra Tail,2,Firecell Stone,1
Kaiser Mail α,Teostra Carapace,5,Teostra Webbing,4,Teostra Powder,4,Rathalos Plate,1
Kaiser Vambraces α,Fire Dragon Scale+,4,Teostra Carapace,4,Teostra Claw+,4,Elder Dragon Bone,4
Kaiser Coil α,Fire Dragon Scale+,4,Teostra Carapace,4,Teostra Mane,1,Elder Dragon Blood,3
Kaiser Greaves α,Teostra Horn+,3,Fire Dragon Scale+,6,Teostra Mane,2,Teostra Gem,1
Kaiser Crown β,Teostra Carapace,5,Teostra Horn+,2,Teostra Tail,2,Firecell Stone,1
Kaiser Mail β,Teostra Carapace,5,Teostra Webbing,4,Teostra Powder,4,Rathalos Plate,1
Kaiser Vambraces β,Fire Dragon Scale+,4,Teostra Carapace,4,Teostra Claw+,4,Elder Dragon Bone,4
Kaiser Coil β,Fire Dragon Scale+,4,Teostra Carapace,4,Teostra Mane,1,Elder Dragon Blood,3
Kaiser Greaves β,Teostra Horn+,3,Fire Dragon Scale+,6,Teostra Mane,2,Teostra Gem,1
Kushala Glare α,Daora Dragon Scale+,4,Daora Carapace,4,Daora Webbing,2,Elder Dragon Bone,4
Kushala Cista α,Daora Carapace,5,Daora Horn+,3,Daora Claw+,2,Daora Gem,1
Kushala Grip α,Daora Carapace,5,Daora Horn+,2,Daora Tail,2,Legiana Plate,1
Kushala Cocoon α,Daora Dragon Scale+,4,Daora Carapace,4,Daora Horn+,2,Carbalite Ore,5
Kushala Crus α,Daora Carapace,5,Daora Dragon Scale+,4,Daora Webbing,3,Elder Dragon Blood,3
Kushala Glare β,Daora Dragon Scale+,4,Daora Carapace,4,Daora Webbing,2,Elder Dragon Bone,4
Kushala Cista β,Daora Carapace,5,Daora Horn+,3,Daora Claw+,2,Daora Gem,1
Kushala Grip β,Daora Carapace,5,Daora Horn+,2,Daora Tail,2,Legiana Plate,1
Kushala Cocoon β,Daora Dragon Scale+,4,Daora Carapace,4,Daora Horn+,2,Carbalite Ore,5
Kushala Crus β,Daora Carapace,5,Daora Dragon Scale+,4,Daora Webbing,3,Elder Dragon Blood,3
Vaal Hazak Helm α,Deceased Scale,5,Vaal Hazak Carapace,4,Vaal Hazak Talon,4,Elder Dragon Bone,4
Vaal Hazak Mail α,Vaal Hazak Carapace,5,Vaal Hazak Fang+,3,Vaal Hazak Tail,2,Odogaron Plate,1
Vaal Hazak Braces α,Vaal Hazak Fang+,3,Deceased Scale,6,Vaal Hazak Membrane,2,Vaal Hazak Gem,1
Vaal Hazak Coil α,Vaal Hazak Carapace,5,Vaal Hazak Wing,4,Vaal Hazak Membrane,2,Elder Dragon Blood,3
Vaal Hazak Greaves α,Deceased Scale,5,Vaal Hazak Carapace,4,Vaal Hazak Membrane,2,Dragonvein Crystal,6
Vaal Hazak Helm β,Deceased Scale,5,Vaal Hazak Carapace,4,Vaal Hazak Talon,4,Elder Dragon Bone,4
Vaal Hazak Mail β,Vaal Hazak Carapace,5,Vaal Hazak Fang+,3,Vaal Hazak Tail,2,Odogaron Plate,1
Vaal Hazak Braces β,Vaal Hazak Fang+,3,Deceased Scale,6,Vaal Hazak Membrane,2,Vaal Hazak Gem,1
Vaal Hazak Coil β,Vaal Hazak Carapace,5,Vaal Hazak Wing,4,Vaal Hazak Membrane,2,Elder Dragon Blood,3
Vaal Hazak Greaves β,Deceased Scale,5,Vaal Hazak Carapace,4,Vaal Hazak Membrane,2,Dragonvein Crystal,6
Kirin Horn α,Kirin Hide+,3,Kirin Azure Horn,1,Shamos Scale+,2,Thunder Sac,4
Kirin Jacket α,Kirin Hide+,3,Kirin Azure Horn,1,Kirin Thundertail,2,Fucium Ore,4
Kirin Longarms α,Kirin Hide+,3,Kirin Mane,4,Paolumu Carapace+,3,Dragonvein Crystal,6
Kirin Hoop α,Kirin Hide+,4,Kirin Mane,4,Kirin Azure Horn,3,Novacrystal,1
Kirin Leg Guards α,Kirin Hide+,3,Kirin Thundertail,3,Paolumu Carapace+,3,Dragonbone Relic,1
Kirin Horn β,Kirin Hide+,3,Kirin Azure Horn,1,Shamos Scale+,2,Thunder Sac,4
Kirin Jacket β,Kirin Hide+,3,Kirin Azure Horn,1,Kirin Thundertail,2,Fucium Ore,4
Kirin Longarms β,Kirin Hide+,3,Kirin Mane,4,Paolumu Carapace+,3,Dragonvein Crystal,6
Kirin Hoop β,Kirin Hide+,4,Kirin Mane,4,Kirin Azure Horn,3,Novacrystal,1
Kirin Leg Guards β,Kirin Hide+,3,Kirin Thundertail,3,Paolumu Carapace+,3,Dragonbone Relic,1
Xeno'jiiva Headgear α,Xeno'jiiva Soulscale,5,Xeno'jiiva Shell,4,Xeno'jiiva Horn,2,Rathalos Plate,1
Xeno'jiiva Hide α,Xeno'jiiva Horn,3,Xeno'jiiva Soulscale,6,Xeno'jiiva Wing,3,Xeno'jiiva Gem,1
Xeno'jiiva Claws α,Xeno'jiiva Shell,4,Xeno'jiiva Claw,3,Xeno'jiiva Veil,2,Wyvern Gem,1
Xeno'jiiva Spine α,Xeno'jiiva Shell,4,Xeno'jiiva Wing,2,Xeno'jiiva Tail,2,Odogaron Plate,1
Xeno'jiiva Spurs α,Xeno'jiiva Soulscale,4,Xeno'jiiva Shell,4,Xeno'jiiva Veil,2,Legiana Plate,1
Xeno'jiiva Headgear β,Xeno'jiiva Soulscale,5,Xeno'jiiva Shell,4,Xeno'jiiva Horn,2,Rathalos Plate,1
Xeno'jiiva Hide β,Xeno'jiiva Horn,3,Xeno'jiiva Soulscale,6,Xeno'jiiva Wing,3,Xeno'jiiva Gem,1
Xeno'jiiva Claws β,Xeno'jiiva Shell,4,Xeno'jiiva Claw,3,Xeno'jiiva Veil,2,Wyvern Gem,1
Xeno'jiiva Spine β,Xeno'jiiva Shell,4,Xeno'jiiva Wing,2,Xeno'jiiva Tail,2,Odogaron Plate,1
Xeno'jiiva Spurs β,Xeno'jiiva Soulscale,4,Xeno'jiiva Shell,4,Xeno'jiiva Veil,2,Legiana Plate,1
Guild Cross Circlet α,Ace Hunter Coin,3,Flying Coin,2,Hunter King Coin,2,High Commendation,1
Guild Cross Suit α,Ace Hunter Coin,2,Brute Coin,3,Hunter King Coin,2,High Commendation,1
Guild Cross Vambraces α,Ace Hunter Coin,3,Brute Coin,3,Hunter King Coin,2,High Commendation,1
Guild Cross Coil α,Ace Hunter Coin,2,Flying Coin,2,Pinnacle Coin,3,High Commendation,1
Guild Cross Boots α,Ace Hunter Coin,2,Flying Coin,2,Pinnacle Coin,3,High Commendation,1
Guild Cross Circlet β,Ace Hunter Coin,3,Flying Coin,2,Hunter King Coin,2,High Commendation,1
Guild Cross Suit β,Ace Hunter Coin,2,Brute Coin,3,Hunter King Coin,2,High Commendation,1
Guild Cross Vambraces β,Ace Hunter Coin,3,Brute Coin,3,Hunter King Coin,2,High Commendation,1
Guild Cross Coil β,Ace Hunter Coin,2,Flying Coin,2,Pinnacle Coin,3,High Commendation,1
Guild Cross Boots β,Ace Hunter Coin,2,Flying Coin,2,Pinnacle Coin,3,High Commendation,1
Dragonking Eyepatch α,Dragonvein Crystal,2,High Commendation,1,Immortal Dragonscale,6,,
Commission Gorget α,Research Commission Ticket,1,Rathalos Scale+,8,Sinister Cloth,2,High Commendation,2
Commission Jacket α,Research Commission Ticket,1,Odogaron Scale+,8,Great Hornfly,3,High Commendation,2
Commission Vambraces α,Research Commission Ticket,1,Legiana Scale+,8,Sinister Cloth,2,High Commendation,1
Commission Belt α,Research Commission Ticket,1,Diablos Carapace,8,Great Hornfly,3,High Commendation,1
Commission Pants α,Research Commission Ticket,1,Immortal Dragonscale,5,Sinister Cloth,2,High Commendation,2
Commission Gorget β,Research Commission Ticket,1,Rathalos Scale+,8,Sinister Cloth,2,High Commendation,2
Commission Jacket β,Research Commission Ticket,1,Odogaron Scale+,8,Great Hornfly,3,High Commendation,2
Commission Vambraces β,Research Commission Ticket,1,Legiana Scale+,8,Sinister Cloth,2,High Commendation,1
Commission Belt β,Research Commission Ticket,1,Diablos Carapace,8,Great Hornfly,3,High Commendation,1
Commission Pants β,Research Commission Ticket,1,Immortal Dragonscale,5,Sinister Cloth,2,High Commendation,2
Vangis Helm α,Deviljho Hide,5,Deviljho Scalp,2,Deviljho Talon,2,Deviljho Gem,1
Vangis Mail α,Deviljho Scale,3,Deviljho Hide,4,Deviljho Saliva,2,Monster Hardbone,4
Vangis Vambraces α,Deviljho Hide,4,Deviljho Tallfang,2,Deviljho Tail,2,Dragonbone Relic,1
Vangis Coil α,Deviljho Scale,3,Deviljho Hide,4,Deviljho Saliva,2,Girros Scale+,3
Vangis Greaves α,Deviljho Scale,3,Deviljho Hide,4,Deviljho Talon,2,Girros Hide+,4
Vangis Helm β,Deviljho Hide,5,Deviljho Scalp,2,Deviljho Talon,2,Deviljho Gem,1
Vangis Mail β,Deviljho Scale,3,Deviljho Hide,4,Deviljho Saliva,2,Monster Hardbone,4
Vangis Vambraces β,Deviljho Hide,4,Deviljho Tallfang,2,Deviljho Tail,2,Dragonbone Relic,1
Vangis Coil β,Deviljho Scale,3,Deviljho Hide,4,Deviljho Saliva,2,Girros Scale+,3
Vangis Greaves β,Deviljho Scale,3,Deviljho Hide,4,Deviljho Talon,2,Girros Hide+,4
Kulve Taroth's Fury α,Kulve Taroth Golden Scale,12,Kulve Taroth Golden Shell,7,Kulve Taroth Golden Spiralhorn,6,Nergigante Gem,1
Kulve Taroth's Ire α,Kulve Taroth Golden Scale,12,Kulve Taroth Golden Nugget,18,Kulve Taroth Golden Tailshell,4,Xeno'jiiva Gem,1
Kulve Taroth's Rage α,Kulve Taroth Golden Scale,12,Kulve Taroth Golden Nugget,18,Kulve Taroth Golden Spiralhorn,6,Kulve Taroth Golden Glimstone,1
Kulve Taroth's Malice α,Kulve Taroth Golden Scale,12,Kulve Taroth Golden Shell,7,Kulve Taroth Golden Tailshell,4,Kulve Taroth Golden Glimstone,1
Kulve Taroth's Wrath α,Kulve Taroth Golden Scale,12,Kulve Taroth Golden Shell,7,Kulve Taroth Golden Tailshell,4,Vaal Hazak Gem,1
Kulve Taroth's Fury β,Kulve Taroth Golden Scale,12,Kulve Taroth Golden Shell,7,Kulve Taroth Golden Spiralhorn,6,Nergigante Gem,1
Kulve Taroth's Ire β,Kulve Taroth Golden Scale,12,Kulve Taroth Golden Nugget,18,Kulve Taroth Golden Tailshell,4,Xeno'jiiva Gem,1
Kulve Taroth's Rage β,Kulve Taroth Golden Scale,12,Kulve Taroth Golden Nugget,18,Kulve Taroth Golden Spiralhorn,6,Kulve Taroth Golden Glimstone,1
Kulve Taroth's Malice β,Kulve Taroth Golden Scale,12,Kulve Taroth Golden Shell,7,Kulve Taroth Golden Tailshell,4,Kulve Taroth Golden Glimstone,1
Kulve Taroth's Wrath β,Kulve Taroth Golden Scale,12,Kulve Taroth Golden Shell,7,Kulve Taroth Golden Tailshell,4,Vaal Hazak Gem,1
Empress Crown α,Lunastra Scale+,4,Lunastra Carapace,4,Lunastra Wing,2,Elder Dragon Bone,4
Empress Mail α,Lunastra Horn,2,Lunastra Scale+,4,Lunastra Mane,2,Lunastra Gem,1
Empress Vambraces α,Lunastra Carapace,4,Lunastra Horn,1,Lunastra Tail,2,Firecell Stone,1
Empress Coil α,Lunastra Scale+,4,Lunastra Carapace,4,Lunastra Mane,2,Novacrystal,1
Empress Greaves α,Teostra Carapace,4,Lunastra Wing,3,Lunastra Tail,1,Elder Dragon Blood,3
Empress Crown β,Lunastra Scale+,4,Lunastra Carapace,4,Lunastra Wing,2,Elder Dragon Bone,4
Empress Mail β,Lunastra Horn,2,Lunastra Scale+,4,Lunastra Mane,2,Lunastra Gem,1
Empress Vambraces β,Lunastra Carapace,4,Lunastra Horn,1,Lunastra Tail,2,Firecell Stone,1
Empress Coil β,Lunastra Scale+,4,Lunastra Carapace,4,Lunastra Mane,2,Novacrystal,1
Empress Greaves β,Teostra Carapace,4,Lunastra Wing,3,Lunastra Tail,1,Elder Dragon Blood,3
Blossom Headgear α,Spring Blossom Ticket,3,Carbalite Ore,1,,,,
Blossom Vest α,Spring Blossom Ticket,3,Carbalite Ore,3,,,,
Blossom Cuffs α,Spring Blossom Ticket,3,Carbalite Ore,1,,,,
Blossom Coat α,Spring Blossom Ticket,3,Carbalite Ore,1,,,,
Blossom Boots α,Spring Blossom Ticket,3,Carbalite Ore,2,,,,
Diver's Mask α,Summer Twilight Ticket,1,Carbalite Ore,2,Quality Bone,1,,
Diver's Suit α,Summer Twilight Ticket,1,Carbalite Ore,1,Quality Bone,1,,
Diver's Braces α,Summer Twilight Ticket,1,Carbalite Ore,2,Quality Bone,1,,
Diver's Belt α,Summer Twilight Ticket,1,Carbalite Ore,1,Quality Bone,1,,
Diver's Boots α,Summer Twilight Ticket,1,Carbalite Ore,1,Quality Bone,1,,
Harvest Flor α,Autumn Harvest Ticket,1,Monster Hardbone,2,Monster Keenbone,1,,
Harvest Tronco α,Autumn Harvest Ticket,1,Monster Hardbone,1,Monster Keenbone,1,,
Harvest Trama α,Autumn Harvest Ticket,1,Monster Hardbone,1,Monster Keenbone,1,,
Harvest Hoja α,Autumn Harvest Ticket,1,Monster Hardbone,2,Monster Keenbone,1,,
Harvest Raiz α,Autumn Harvest Ticket,1,Monster Hardbone,1,Monster Keenbone,1,,
Orion Cap α,Winter Star Ticket,1,Fucium Ore,1,Monster Hardbone,1,,
Orion Vest α,Winter Star Ticket,1,Fucium Ore,2,Monster Hardbone,1,,
Orion Vambraces α,Winter Star Ticket,1,Fucium Ore,1,Monster Hardbone,1,,
Orion Coat α,Winter Star Ticket,1,Fucium Ore,1,Monster Hardbone,1,,
Orion Boots α,Winter Star Ticket,1,Fucium Ore,2,Monster Hardbone,1,,
Gala Suit Top Hat α,Appreciation Ticket,3,Elder Dragon Bone,3,High Commendation,2,,
Gala Suit Jacket α,Appreciation Ticket,3,Elder Dragon Bone,2,High Commendation,2,,
Gala Suit Cuffs α,Appreciation Ticket,3,Elder Dragon Bone,1,High Commendation,2,,
Gala Suit Tail α,Appreciation Ticket,3,Elder Dragon Bone,1,High Commendation,2,,
Gala Suit Slacks α,Appreciation Ticket,3,Elder Dragon Bone,1,High Commendation,2,,
Butterfly Vertex α,Summer Insect Field Guide,1,Hornetaur Carapace,1,Carbalite Ore,2,Quality Bone,1
Butterfly Thorax α,Summer Insect Field Guide,1,Vespoid Carapace,1,Dragonvein Crystal,3,Quality Bone,1
Butterfly Brachia α,Summer Insect Field Guide,1,Hornetaur Carapace,1,Carbalite Ore,2,Quality Bone,1
Butterfly Elytra α,Summer Insect Field Guide,1,Vespoid Carapace,1,Dragonvein Crystal,3,Quality Bone,1
Butterfly Crura α,Summer Insect Field Guide,1,Hornetaur Carapace,1,Carbalite Ore,2,Quality Bone,1
Butterfly Vertex β,Summer Insect Field Guide,1,Hornetaur Carapace,1,Carbalite Ore,2,Quality Bone,1
Butterfly Thorax β,Summer Insect Field Guide,1,Vespoid Carapace,1,Dragonvein Crystal,3,Quality Bone,1
Butterfly Brachia β,Summer Insect Field Guide,1,Hornetaur Carapace,1,Carbalite Ore,2,Quality Bone,1
Butterfly Elytra β,Summer Insect Field Guide,1,Vespoid Carapace,1,Dragonvein Crystal,3,Quality Bone,1
Butterfly Crura β,Summer Insect Field Guide,1,Hornetaur Carapace,1,Carbalite Ore,2,Quality Bone,1
Vaal Hazak Helm γ,Vaal Hazak Ticket,1,Deceased Scale,5,Vaal Hazak Carapace,4,Vaal Hazak Talon,4
Vaal Hazak Mail γ,Vaal Hazak Ticket,1,Deceased Scale,5,Vaal Hazak Carapace,4,Vaal Hazak Membrane,3
Vaal Hazak Braces γ,Vaal Hazak Ticket,1,Vaal Hazak Fang+,3,Deceased Scale,6,Vaal Hazak Gem,1
Vaal Hazak Coil γ,Vaal Hazak Ticket,1,Vaal Hazak Carapace,5,Vaal Hazak Wing,4,Vaal Hazak Membrane,3
Vaal Hazak Greaves γ,Vaal Hazak Ticket,1,Vaal Hazak Carapace,5,Vaal Hazak Fang+,3,Vaal Hazak Tail,2
Kirin Horn γ,Kirin Ticket,1,Kirin Hide+,3,Kirin Azure Horn,1,Kirin Thundertail,2
Kirin Jacket γ,Kirin Ticket,1,Kirin Hide+,4,Kirin Azure Horn,3,Elder Dragon Blood,3
Kirin Longarms γ,Kirin Ticket,1,Kirin Hide+,3,Kirin Thundertail,3,Novacrystal,1
Kirin Hoop γ,Kirin Ticket,1,Kirin Hide+,3,Kirin Azure Horn,1,Elder Dragon Bone,3
Kirin Leg Guards γ,Kirin Ticket,1,Kirin Hide+,3,Kirin Mane,4,Novacrystal,1
Kaiser Crown γ,Teostra Ticket,1,Teostra Carapace,5,Teostra Webbing,4,Teostra Powder,4
Kaiser Mail γ,Teostra Ticket,1,Teostra Carapace,5,Teostra Horn+,2,Teostra Tail,2
Kaiser Vambraces γ,Teostra Ticket,1,Fire Dragon Scale+,4,Teostra Carapace,4,Teostra Mane,3
Kaiser Coil γ,Teostra Ticket,1,Teostra Horn+,3,Fire Dragon Scale+,6,Teostra Gem,1
Kaiser Greaves γ,Teostra Ticket,1,Fire Dragon Scale+,4,Teostra Carapace,4,Teostra Claw+,4
Kushala Glare γ,Kushala Daora Ticket,1,Daora Carapace,5,Daora Horn+,3,Daora Gem,1
Kushala Cista γ,Kushala Daora Ticket,1,Daora Dragon Scale+,4,Daora Carapace,4,Daora Webbing,2
Kushala Grip γ,Kushala Daora Ticket,1,Daora Dragon Scale+,4,Daora Carapace,4,Daora Claw+,2
Kushala Cocoon γ,Kushala Daora Ticket,1,Daora Carapace,5,Daora Dragon Scale+,4,Daora Webbing,3
Kushala Crus γ,Kushala Daora Ticket,1,Daora Carapace,5,Daora Horn+,2,Daora Tail,2
Nergigante Helm γ,Nergigante Ticket,1,Nergigante Carapace,4,Immortal Dragonscale,4,Nergigante Regrowth Plate,4
Nergigante Mail γ,Nergigante Ticket,1,Nergigante Horn+,2,Nergigante Carapace,6,Nergigante Gem,1
Nergigante Vambraces γ,Nergigante Ticket,1,Nergigante Carapace,4,Immortal Dragonscale,4,Nergigante Regrowth Plate,2
Nergigante Coil γ,Nergigante Ticket,1,Nergigante Carapace,4,Nergigante Horn+,1,Nergigante Tail,2
Nergigante Greaves γ,Nergigante Ticket,1,Nergigante Carapace,4,Immortal Dragonscale,4,Nergigante Talon,2
Zorah Headgear γ,Zorah Magdaros Ticket,1,Zorah Magdaros Heat Scale,5,Zorah Magdaros Pleura,2,Zorah Magdaros Magma,3
Zorah Hide γ,Zorah Magdaros Ticket,1,Zorah Magdaros Heat Scale,5,Zorah Magdaros Ridge,1,Zorah Magdaros Carapace,4
Zorah Claws γ,Zorah Magdaros Ticket,1,Zorah Magdaros Ridge,1,Zorah Magdaros Carapace,2,Zorah Magdaros Gem,1
Zorah Spine γ,Zorah Magdaros Ticket,1,Zorah Magdaros Carapace,4,Zorah Magdaros Pleura,2,Zorah Magdaros Ridge,1
Zorah Spurs γ,Zorah Magdaros Ticket,1,Zorah Magdaros Carapace,5,Zorah Magdaros Magma,2,Zorah Magdaros Ridge,1
Xeno'jiiva Headgear γ,Xeno'jiiva Ticket,1,Xeno'jiiva Shell,4,Xeno'jiiva Wing,3,Xeno'jiiva Tail,2
Xeno'jiiva Hide γ,Xeno'jiiva Ticket,1,Xeno'jiiva Soulscale,5,Xeno'jiiva Shell,4,Xeno'jiiva Horn,2
Xeno'jiiva Claws γ,Xeno'jiiva Ticket,1,Xeno'jiiva Soulscale,4,Xeno'jiiva Shell,4,Xeno'jiiva Veil,3
Xeno'jiiva Spine γ,Xeno'jiiva Ticket,1,Xeno'jiiva Horn,3,Xeno'jiiva Soulscale,6,Xeno'jiiva Gem,1
Xeno'jiiva Spurs γ,Xeno'jiiva Ticket,1,Xeno'jiiva Shell,4,Xeno'jiiva Claw,3,Xeno'jiiva Gem,1
Empress Crown γ,Lunastra Ticket,1,Lunastra Carapace,4,Lunastra Wing,3,Lunastra Mane,2
Empress Mail γ,Lunastra Ticket,1,Lunastra Carapace,4,Lunastra Horn,1,Lunastra Wing,2
Empress Vambraces γ,Lunastra Ticket,1,Lunastra Scale+,4,Lunastra Carapace,4,Lunastra Tail,2
Empress Coil γ,Lunastra Ticket,1,Lunastra Horn,2,Lunastra Scale+,4,Lunastra Mane,2
Empress Greaves γ,Lunastra Ticket,1,Lunastra Scale+,4,Lunastra Carapace,4,Lunastra Gem,1
Kulve Taroth's Fury γ,Kulve Taroth Emperor Nugget,7,Kulve Taroth Golden Scale,15,Kulve Taroth Golden Shell,12,Kulve Taroth Golden Spiralhorn,8
Kulve Taroth's Ire γ,Kulve Taroth Emperor Nugget,7,Kulve Taroth Golden Scale,15,Kulve Taroth Golden Shell,12,Kulve Taroth Golden Nugget,36
Kulve Taroth's Rage γ,Kulve Taroth Emperor Nugget,7,Kulve Taroth Golden Scale,15,Kulve Taroth Golden Spiralhorn,8,Kulve Taroth Golden Glimstone,1
Kulve Taroth's Malice γ,Kulve Taroth Emperor Nugget,7,Kulve Taroth Golden Scale,15,Kulve Taroth Golden Shell,12,Kulve Taroth Golden Tailshell,8
Kulve Taroth's Wrath γ,Kulve Taroth Emperor Nugget,7,Kulve Taroth Golden Scale,15,Kulve Taroth Golden Tailshell,8,Kulve Taroth Golden Glimstone,1
Azure Starlord Crown α,Azure Stargem,1,Dodogama Scale+,5,Dodogama Hide+,6,Dodogama Jaw,3
Azure Starlord Armor α,Azure Stargem,1,Azure Rathalos Scale+,6,Azure Rathalos Wing,4,Rathalos Medulla,2
Azure Starlord Gauntlets α,Azure Stargem,1,Dodogama Scale+,5,Dodogama Hide+,6,Dodogama Talon,4
Azure Starlord Tassets α,Azure Stargem,1,Azure Rathalos Scale+,6,Azure Rathalos Carapace,5,Azure Rathalos Tail,3
Azure Starlord Guards α,Azure Stargem,1,Dodogama Scale+,5,Azure Rathalos Carapace,5,Dodogama Tail,3
Dante's Hair α,Red Orb,1,Rathalos Scale+,5,Odogaron Scale+,5,Anjanath Scale+,5
Dante's Coat α,Red Orb,1,Odogaron Sinew+,6,Odogaron Claw+,4,Odogaron Plate,1
Dante's Gloves α,Red Orb,1,Anjanath Pelt+,6,Anjanath Fang+,4,Anjanath Plate,1
Dante's Belt α,Red Orb,1,Rathalos Carapace,6,Rathalos Wing,3,Rathalos Plate,1
Dante's Leather Boots α,Red Orb,1,Teostra Carapace,6,Teostra Webbing,3,Teostra Gem,1
Drachen Armet α,Behemoth Mane,2,Behemoth Bone,3,Behemoth Great Horn,1,Aetheryte Shard,3
Drachen Mail α,Behemoth Mane,2,Behemoth Bone,3,Behemoth Shearclaw,2,Dragonbone Relic,2
Drachen Vambraces α,Behemoth Mane,3,Behemoth Bone,3,Behemoth Great Horn,1,Behemoth Tail,1
Drachen Coil α,Behemoth Mane,1,Behemoth Bone,2,Behemoth Tail,1,Novacrystal,2
Drachen Greaves α,Behemoth Mane,1,Behemoth Bone,2,Behemoth Shearclaw,1,Firecell Stone,2
Sealed Eyepatch α,Black Bandage,2,Shamos Scale+,7,Shamos Hide+,5,Piercing Claw,4
Shadow Shades α,Black Crystal Ticket,3,Lightcrystal,3,Novacrystal,1,Dragonvein Crystal,5
Kulu-Ya-Ku Head α,Kulu-Ya-Ku Ticket,3,Kulu-Ya-Ku Beak+,1,Kulu-Ya-Ku Plume+,4,Kulu-Ya-Ku Hide+,5
Wiggler Head α,Wiggler Ticket,3,Shamos Hide+,4,Gajau Scale,4,Coral Bone,3
Bone Helm α+,Thick Bone,2,Monster Toughbone,1,Warped Bone,1,,
Bone Mail α+,Thick Bone,2,Monster Toughbone,2,Brutal Bone,1,,
Bone Vambraces α+,Thick Bone,2,Monster Toughbone,1,Coral Bone,1,,
Bone Coil α+,Thick Bone,1,Monster Toughbone,1,Ancient Bone,1,,
Bone Greaves α+,Thick Bone,1,Monster Toughbone,1,Boulder Bone,1,,
Bone Helm β+,Thick Bone,2,Monster Toughbone,1,Warped Bone,1,,
Bone Mail β+,Thick Bone,2,Monster Toughbone,2,Brutal Bone,1,,
Bone Vambraces β+,Thick Bone,2,Monster Toughbone,1,Coral Bone,1,,
Bone Coil β+,Thick Bone,1,Monster Toughbone,1,Ancient Bone,1,,
Bone Greaves β+,Thick Bone,1,Monster Toughbone,1,Boulder Bone,1,,
Alloy Helm α+,Eltalite Ore,1,Carbalite Ore,2,Spiritvein Crystal,1,Meldspar Ore,1
Alloy Mail α+,Eltalite Ore,1,Carbalite Ore,2,Dragonvein Crystal,2,,
Alloy Vambraces α+,Eltalite Ore,1,Carbalite Ore,2,Dragonvein Crystal,2,,
Alloy Coil α+,Eltalite Ore,1,Carbalite Ore,2,Spiritvein Crystal,1,,
Alloy Greaves α+,Eltalite Ore,1,Carbalite Ore,2,Spiritvein Crystal,1,,
Alloy Helm β+,Eltalite Ore,1,Carbalite Ore,2,Spiritvein Crystal,1,Meldspar Ore,1
Alloy Mail β+,Eltalite Ore,1,Carbalite Ore,2,Dragonvein Crystal,2,,
Alloy Vambraces β+,Eltalite Ore,1,Carbalite Ore,2,Dragonvein Crystal,2,,
Alloy Coil β+,Eltalite Ore,1,Carbalite Ore,2,Spiritvein Crystal,1,,
Alloy Greaves β+,Eltalite Ore,1,Carbalite Ore,2,Spiritvein Crystal,1,,
Vespoid Helm α+,Vespoid Razorwing,1,Monster Essence,1,Thick Bone,1,,
Vespoid Mail α+,Vespoid Razorwing,1,Monster Essence,1,Thick Bone,1,,
Vespoid Vambraces α+,Vespoid Razorwing,1,Monster Essence,2,Thick Bone,2,,
Vespoid Coil α+,Vespoid Razorwing,1,Monster Essence,2,Thick Bone,2,,
Vespoid Greaves α+,Vespoid Razorwing,1,Monster Essence,1,Thick Bone,1,,
Vespoid Helm β+,Vespoid Razorwing,1,Monster Essence,1,Thick Bone,1,,
Vespoid Mail β+,Vespoid Razorwing,1,Monster Essence,1,Thick Bone,1,,
Vespoid Vambraces β+,Vespoid Razorwing,1,Monster Essence,2,Thick Bone,2,,
Vespoid Coil β+,Vespoid Razorwing,1,Monster Essence,2,Thick Bone,2,,
Vespoid Greaves β+,Vespoid Razorwing,1,Monster Essence,1,Thick Bone,1,,
Hornetaur Helm α+,Hornetaur Razorwing,2,Monster Essence,1,Meldspar Ore,1,,
Hornetaur Mail α+,Hornetaur Razorwing,1,Monster Essence,1,Eltalite Ore,1,,
Hornetaur Vambraces α+,Hornetaur Razorwing,1,Monster Essence,1,Eltalite Ore,1,,
Hornetaur Coil α+,Hornetaur Razorwing,1,Monster Essence,2,Eltalite Ore,2,,
Hornetaur Greaves α+,Hornetaur Razorwing,1,Monster Essence,2,Eltalite Ore,2,,
Hornetaur Helm β+,Hornetaur Razorwing,2,Monster Essence,1,Meldspar Ore,1,,
Hornetaur Mail β+,Hornetaur Razorwing,1,Monster Essence,1,Eltalite Ore,1,,
Hornetaur Vambraces β+,Hornetaur Razorwing,1,Monster Essence,1,Eltalite Ore,1,,
Hornetaur Coil β+,Hornetaur Razorwing,1,Monster Essence,2,Eltalite Ore,2,,
Hornetaur Greaves β+,Hornetaur Razorwing,1,Monster Essence,2,Eltalite Ore,2,,
Kestodon Guards α+,Kestodon Husk,3,Thick Bone,2,,,,
Kestodon Guards β+,Kestodon Husk,3,Thick Bone,2,,,,
Gajau Boots α+,Gajau Thickhide,2,Steel Gajau Whisker,1,Eltalite Ore,2,,
Gajau Boots β+,Gajau Thickhide,2,Steel Gajau Whisker,1,Eltalite Ore,2,,
Shamos Goggles α+,Shamos Shard,2,Tough Claw,1,Spiritvein Crystal,2,,
Shamos Goggles β+,Shamos Shard,2,Tough Claw,1,Spiritvein Crystal,2,,
