id,name_en,rarity,type,gender,slot_1,slot_2,slot_3,defense_base,defense_max,defense_augment_max,defense_fire,defense_water,defense_thunder,defense_ice,defense_dragon
1,Leather Headgear,1,head,both,0,0,0,2,38,68,2,0,0,0,0
2,Leather Mail,1,chest,both,0,0,0,2,38,68,2,0,0,0,0
3,Leather Gloves,1,arms,both,0,0,0,2,38,68,2,0,0,0,0
4,Leather Belt,1,waist,both,0,0,0,2,38,68,2,0,0,0,0
5,Leather Trousers,1,legs,both,0,0,0,2,38,68,2,0,0,0,0
6,Chainmail Headgear,1,head,both,0,0,0,2,38,68,0,2,0,0,0
7,Chainmail Vest,1,chest,both,0,0,0,2,38,68,0,2,0,0,0
8,Chainmail Gloves,1,arms,both,0,0,0,2,38,68,0,2,0,0,0
9,Chainmail Belt,1,waist,both,0,0,0,2,38,68,0,2,0,0,0
10,Chainmail Trousers,1,legs,both,0,0,0,2,38,68,0,2,0,0,0
11,Hunter's Headgear,1,head,both,0,0,0,6,42,72,2,2,0,0,0
12,Hunter's Mail,1,chest,both,0,0,0,6,42,72,2,2,0,0,0
13,Hunter's Vambraces,1,arms,both,0,0,0,6,42,72,2,2,0,0,0
14,Hunter's Coil,1,waist,both,0,0,0,6,42,72,2,2,0,0,0
15,Hunter's Greaves,1,legs,both,0,0,0,6,42,72,2,2,0,0,0
16,Bone Helm,1,head,both,0,0,0,6,42,72,2,0,2,0,2
17,Bone Mail,1,chest,both,0,0,0,6,42,72,2,0,2,0,2
18,Bone Vambraces,1,arms,both,0,0,0,6,42,72,2,0,2,0,2
19,Bone Coil,1,waist,both,0,0,0,6,42,72,2,0,2,0,2
20,Bone Greaves,1,legs,both,0,0,0,6,42,72,2,0,2,0,2
21,Vespoid Helm,1,head,both,0,0,0,8,44,74,-2,1,1,1,2
22,Vespoid Mail,1,chest,both,0,0,0,8,44,74,-2,1,1,1,2
23,Vespoid Vambraces,1,arms,both,0,0,0,8,44,74,-2,1,1,1,2
24,Vespoid Coil,1,waist,both,0,0,0,8,44,74,-2,1,1,1,2
25,Vespoid Greaves,1,legs,both,0,0,0,8,44,74,-2,1,1,1,2
26,Kestodon Guards,1,arms,both,0,0,0,12,48,78,4,0,0,0,0
27,Gajau Boots,1,legs,both,0,0,0,12,48,78,0,5,0,0,0
28,Jagras Helm,1,head,both,0,0,0,8,44,74,-2,2,-1,-1,1
29,Jagras Mail,1,chest,both,0,0,0,8,44,74,-2,2,-1,-1,1
30,Jagras Vambraces,1,arms,both,0,0,0,8,44,74,-2,2,-1,-1,1
31,Jagras Coil,1,waist,both,0,0,0,8,44,74,-2,2,-1,-1,1
32,Jagras Greaves,1,legs,both,0,0,0,8,44,74,-2,2,-1,-1,1
33,Kulu Headpiece,1,head,both,0,0,0,10,46,76,0,-3,0,1,0
34,Kulu Mail,1,chest,both,0,0,0,10,46,76,0,-3,0,1,0
35,Kulu Vambraces,1,arms,both,0,0,0,10,46,76,0,-3,0,1,0
36,Kulu Coil,1,waist,both,0,0,0,10,46,76,0,-3,0,1,0
37,Kulu Greaves,1,legs,both,0,0,0,10,46,76,0,-3,0,1,0
38,Alloy Helm,2,head,both,0,0,0,8,40,66,-2,1,-2,-2,1
39,Alloy Mail,2,chest,both,0,0,0,8,40,66,-2,1,-2,-2,1
40,Alloy Vambraces,2,arms,both,0,0,0,8,40,66,-2,1,-2,-2,1
41,Alloy Coil,2,waist,both,0,0,0,8,40,66,-2,1,-2,-2,1
42,Alloy Greaves,2,legs,both,0,0,0,8,40,66,-2,1,-2,-2,1
43,Pukei Hood,2,head,both,0,0,0,12,44,70,0,3,-3,0,1
44,Pukei Mail,2,chest,both,0,0,0,12,44,70,0,3,-3,0,1
45,Pukei Vambraces,2,arms,both,0,0,0,12,44,70,0,3,-3,0,1
46,Pukei Coil,2,waist,both,0,0,0,12,44,70,0,3,-3,0,1
47,Pukei Greaves,2,legs,both,0,0,0,12,44,70,0,3,-3,0,1
48,Barroth Helm,2,head,both,0,0,0,14,46,72,-3,-1,3,-1,0
49,Barroth Mail,2,chest,both,0,0,0,14,46,72,-3,-1,3,-1,0
50,Barroth Vambraces,2,arms,both,0,0,0,14,46,72,-3,-1,3,-1,0
51,Barroth Coil,2,waist,both,0,0,0,14,46,72,-3,-1,3,-1,0
52,Barroth Greaves,2,legs,both,0,0,0,14,46,72,-3,-1,3,-1,0
53,Jyura Helm,2,head,both,0,0,0,14,46,72,-1,2,-3,0,0
54,Jyura Mail,2,chest,both,0,0,0,14,46,72,-1,2,-3,0,0
55,Jyura Vambraces,2,arms,both,0,0,0,14,46,72,-1,2,-3,0,0
56,Jyura Coil,2,waist,both,0,0,0,14,46,72,-1,2,-3,0,0
57,Jyura Greaves,2,legs,both,0,0,0,14,46,72,-1,2,-3,0,0
58,Kadachi Helm,2,head,both,0,0,0,16,48,74,0,-3,3,0,0
59,Kadachi Mail,2,chest,both,0,0,0,16,48,74,0,-3,3,0,0
60,Kadachi Vambraces,2,arms,both,0,0,0,16,48,74,0,-3,3,0,0
61,Kadachi Coil,2,waist,both,0,0,0,16,48,74,0,-3,3,0,0
62,Kadachi Greaves,2,legs,both,0,0,0,16,48,74,0,-3,3,0,0
63,High Metal Helm,3,head,both,0,0,0,18,46,70,0,-1,-2,3,0
64,High Metal Mail,3,chest,both,0,0,0,18,46,70,0,-1,-2,3,0
65,High Metal Braces,3,arms,both,0,0,0,18,46,70,0,-1,-2,3,0
66,High Metal Coil,3,waist,both,0,0,0,18,46,70,0,-1,-2,3,0
67,High Metal Greaves,3,legs,both,0,0,0,18,46,70,0,-1,-2,3,0
68,King Beetle Vertex,3,head,male,0,0,0,22,50,74,-1,-1,2,0,2
69,King Beetle Thorax,3,chest,male,0,0,0,22,50,74,-1,-1,2,0,2
70,King Beetle Brachia,3,arms,male,0,0,0,22,50,74,-1,-1,2,0,2
71,King Beetle Elytra,3,waist,male,0,0,0,22,50,74,-1,-1,2,0,2
72,King Beetle Crura,3,legs,male,0,0,0,22,50,74,-1,-1,2,0,2
78,Shamos Goggles,3,head,both,0,0,0,22,50,74,2,2,0,-3,0
79,Hornetaur Helm,3,head,both,0,0,0,18,46,70,-1,-1,0,0,2
80,Hornetaur Mail,3,chest,both,0,0,0,18,46,70,-1,-1,0,0,2
81,Hornetaur Vambraces,3,arms,both,0,0,0,18,46,70,-1,-1,0,0,2
82,Hornetaur Coil,3,waist,both,0,0,0,18,46,70,-1,-1,0,0,2
83,Hornetaur Greaves,3,legs,both,0,0,0,18,46,70,-1,-1,0,0,2
84,Anja Helm,3,head,both,0,0,0,20,48,72,3,-3,-1,-1,0
85,Anja Mail,3,chest,both,0,0,0,20,48,72,3,-3,-1,-1,0
86,Anja Vambraces,3,arms,both,0,0,0,20,48,72,3,-3,-1,-1,0
87,Anja Coil,3,waist,both,0,0,0,20,48,72,3,-3,-1,-1,0
88,Anja Greaves,3,legs,both,0,0,0,20,48,72,3,-3,-1,-1,0
89,Rathian Helm,3,head,both,0,0,0,22,50,74,2,0,-2,0,-3
90,Rathian Mail,3,chest,both,0,0,0,22,50,74,2,0,-2,0,-3
91,Rathian Vambraces,3,arms,both,0,0,0,22,50,74,2,0,-2,0,-3
92,Rathian Coil,3,waist,both,0,0,0,22,50,74,2,0,-2,0,-3
93,Rathian Greaves,3,legs,both,0,0,0,22,50,74,2,0,-2,0,-3
94,Tzitzi Headgear,3,head,both,0,0,0,18,46,70,0,0,-3,-2,0
95,Tzitzi Mail,3,chest,both,0,0,0,18,46,70,0,0,-3,-2,0
96,Tzitzi Vambraces,3,arms,both,0,0,0,18,46,70,0,0,-3,-2,0
97,Tzitzi Coil,3,waist,both,0,0,0,18,46,70,0,0,-3,-2,0
98,Tzitzi Greaves,3,legs,both,0,0,0,18,46,70,0,0,-3,-2,0
99,Lumu Hat,3,head,both,0,0,0,20,48,72,-3,2,0,1,0
100,Lumu Mail,3,chest,both,0,0,0,20,48,72,-3,2,0,1,0
101,Lumu Vambraces,3,arms,both,0,0,0,20,48,72,-3,2,0,1,0
102,Lumu Coil,3,waist,both,0,0,0,20,48,72,-3,2,0,1,0
103,Lumu Greaves,3,legs,both,0,0,0,20,48,72,-3,2,0,1,0
104,Girros Mask,3,head,both,0,0,0,20,48,72,0,-3,2,0,1
105,Girros Mail,3,chest,both,0,0,0,20,48,72,0,-3,2,0,1
106,Girros Vambraces,3,arms,both,0,0,0,20,48,72,0,-3,2,0,1
107,Girros Coil,3,waist,both,0,0,0,20,48,72,0,-3,2,0,1
108,Girros Greaves,3,legs,both,0,0,0,20,48,72,0,-3,2,0,1
109,Baan Helm,3,head,both,0,0,0,24,52,76,0,2,0,-1,-2
110,Baan Mail,3,chest,both,0,0,0,24,52,76,0,2,0,-1,-2
111,Baan Vambraces,3,arms,both,0,0,0,24,52,76,0,2,0,-1,-2
112,Baan Coil,3,waist,both,0,0,0,24,52,76,0,2,0,-1,-2
113,Baan Greaves,3,legs,both,0,0,0,24,52,76,0,2,0,-1,-2
114,Ingot Helm,4,head,both,0,0,0,28,52,72,-2,0,3,-1,0
115,Ingot Mail,4,chest,both,0,0,0,28,52,72,-2,0,3,-1,0
116,Ingot Vambraces,4,arms,both,0,0,0,28,52,72,-2,0,3,-1,0
117,Ingot Coil,4,waist,both,0,0,0,28,52,72,-2,0,3,-1,0
118,Ingot Greaves,4,legs,both,0,0,0,28,52,72,-2,0,3,-1,0
119,Death Stench Brain,4,head,both,0,0,0,32,56,76,3,2,-2,3,-4
120,Death Stench Muscle,4,chest,both,0,0,0,32,56,76,3,2,-2,3,-4
121,Death Stench Grip,4,arms,both,0,0,0,32,56,76,3,2,-2,3,-4
122,Death Stench Bowels,4,waist,both,0,0,0,32,56,76,3,2,-2,3,-4
123,Death Stench Heel,4,legs,both,0,0,0,32,56,76,3,2,-2,3,-4
124,Brigade Lobos,4,head,both,0,0,0,28,52,72,1,0,2,0,2
125,Brigade Suit,4,chest,both,0,0,0,28,52,72,1,0,2,0,2
126,Brigade Vambraces,4,arms,both,0,0,0,28,52,72,1,0,2,0,2
127,Brigade Coil,4,waist,both,0,0,0,28,52,72,1,0,2,0,2
128,Brigade Boots,4,legs,both,0,0,0,28,52,72,1,0,2,0,2
129,Legiana Helm,4,head,both,0,0,0,30,54,74,-1,2,-3,3,0
130,Legiana Mail,4,chest,both,0,0,0,30,54,74,-1,2,-3,3,0
131,Legiana Vambraces,4,arms,both,0,0,0,30,54,74,-1,2,-3,3,0
132,Legiana Coil,4,waist,both,0,0,0,30,54,74,-1,2,-3,3,0
133,Legiana Greaves,4,legs,both,0,0,0,30,54,74,-1,2,-3,3,0
134,Odogaron Helm,4,head,both,0,0,0,30,54,74,2,2,-2,-3,0
135,Odogaron Mail,4,chest,both,0,0,0,30,54,74,2,2,-2,-3,0
136,Odogaron Vambraces,4,arms,both,0,0,0,30,54,74,2,2,-2,-3,0
137,Odogaron Coil,4,waist,both,0,0,0,30,54,74,2,2,-2,-3,0
138,Odogaron Greaves,4,legs,both,0,0,0,30,54,74,2,2,-2,-3,0
139,Rathalos Helm,4,head,both,0,0,0,30,54,74,3,1,-2,1,-3
140,Rathalos Mail,4,chest,both,0,0,0,30,54,74,3,1,-2,1,-3
141,Rathalos Vambraces,4,arms,both,0,0,0,30,54,74,3,1,-2,1,-3
142,Rathalos Coil,4,waist,both,0,0,0,30,54,74,3,1,-2,1,-3
143,Rathalos Greaves,4,legs,both,0,0,0,30,54,74,3,1,-2,1,-3
144,Diablos Helm,4,head,both,0,0,0,32,56,76,3,-2,0,-3,2
145,Diablos Mail,4,chest,both,0,0,0,32,56,76,3,-2,0,-3,2
146,Diablos Vambraces,4,arms,both,0,0,0,32,56,76,3,-2,0,-3,2
147,Diablos Coil,4,waist,both,0,0,0,32,56,76,3,-2,0,-3,2
148,Diablos Greaves,4,legs,both,0,0,0,32,56,76,3,-2,0,-3,2
149,Kirin Horn,4,head,both,0,0,0,34,58,78,-3,-2,4,-2,2
150,Kirin Jacket,4,chest,both,0,0,0,34,58,78,-3,-2,4,-2,2
151,Kirin Longarms,4,arms,both,0,0,0,34,58,78,-3,-2,4,-2,2
152,Kirin Hoop,4,waist,both,0,0,0,34,58,78,-3,-2,4,-2,2
153,Kirin Leg Guards,4,legs,both,0,0,0,34,58,78,-3,-2,4,-2,2
154,Blossom Headgear,3,head,both,0,0,0,18,46,70,1,1,4,1,1
155,Blossom Vest,3,chest,both,0,0,0,18,46,70,1,1,4,1,1
156,Blossom Cuffs,3,arms,both,0,0,0,18,46,70,1,1,4,1,1
157,Blossom Coat,3,waist,both,0,0,0,18,46,70,1,1,4,1,1
158,Blossom Boots,3,legs,both,0,0,0,18,46,70,1,1,4,1,1
743,Diver's Mask,3,head,both,0,0,0,22,50,74,1,4,1,1,1
744,Diver's Suit,3,chest,both,0,0,0,22,50,74,1,4,1,1,1
745,Diver's Braces,3,arms,both,0,0,0,22,50,74,1,4,1,1,1
746,Diver's Belt,3,waist,both,0,0,0,22,50,74,1,4,1,1,1
747,Diver's Boots,3,legs,both,0,0,0,22,50,74,1,4,1,1,1
693,Harvest Flor,3,head,both,0,0,0,26,54,78,4,1,1,1,1
694,Harvest Tronco,3,chest,both,0,0,0,26,54,78,4,1,1,1,1
695,Harvest Trama,3,arms,both,0,0,0,26,54,78,4,1,1,1,1
696,Harvest Hoja,3,waist,both,0,0,0,26,54,78,4,1,1,1,1
697,Harvest Raiz,3,legs,both,0,0,0,26,54,78,4,1,1,1,1
698,Orion Cap,4,head,both,0,0,0,30,54,74,1,1,1,4,1
699,Orion Vest,4,chest,both,0,0,0,30,54,74,1,1,1,4,1
700,Orion Vambraces,4,arms,both,0,0,0,30,54,74,1,1,1,4,1
701,Orion Coat,4,waist,both,0,0,0,30,54,74,1,1,1,4,1
702,Orion Boots,4,legs,both,0,0,0,30,54,74,1,1,1,4,1
728,Gala Suit Top Hat,4,head,both,0,0,0,34,58,78,1,1,1,1,4
729,Gala Suit Jacket,4,chest,both,0,0,0,34,58,78,1,1,1,1,4
730,Gala Suit Cuffs,4,arms,both,0,0,0,34,58,78,1,1,1,1,4
731,Gala Suit Tail,4,waist,both,0,0,0,34,58,78,1,1,1,1,4
727,Gala Suit Slacks,4,legs,both,0,0,0,34,58,78,1,1,1,1,4
73,Butterfly Vertex,3,head,male,0,0,0,22,50,74,-1,-1,2,0,2
74,Butterfly Thorax,3,chest,male,0,0,0,22,50,74,-1,-1,2,0,2
75,Butterfly Brachia,3,arms,male,0,0,0,22,50,74,-1,-1,2,0,2
76,Butterfly Elytra,3,waist,male,0,0,0,22,50,74,-1,-1,2,0,2
77,Butterfly Crura,3,legs,male,0,0,0,22,50,74,-1,-1,2,0,2
159,Leather Headgear α,5,head,both,0,0,0,32,54,70,2,0,0,0,0
160,Leather Mail α,5,chest,both,0,0,0,32,54,70,2,0,0,0,0
161,Leather Gloves α,5,arms,both,0,0,0,32,54,70,2,0,0,0,0
162,Leather Belt α,5,waist,both,0,0,0,32,54,70,2,0,0,0,0
163,Leather Trousers α,5,legs,both,0,0,0,32,54,70,2,0,0,0,0
164,Leather Headgear β,5,head,both,1,0,0,32,54,70,2,0,0,0,0
165,Leather Mail β,5,chest,both,1,0,0,32,54,70,2,0,0,0,0
166,Leather Gloves β,5,arms,both,1,0,0,32,54,70,2,0,0,0,0
167,Leather Belt β,5,waist,both,1,0,0,32,54,70,2,0,0,0,0
168,Leather Trousers β,5,legs,both,1,0,0,32,54,70,2,0,0,0,0
169,Chainmail Headgear α,5,head,both,0,0,0,32,54,70,0,2,0,0,0
170,Chainmail Armor α,5,chest,both,0,0,0,32,54,70,0,2,0,0,0
171,Chainmail Gloves α,5,arms,both,0,0,0,32,54,70,0,2,0,0,0
172,Chainmail Belt α,5,waist,both,0,0,0,32,54,70,0,2,0,0,0
173,Chainmail Trousers α,5,legs,both,0,0,0,32,54,70,0,2,0,0,0
174,Chainmail Headgear β,5,head,both,1,0,0,32,54,70,0,2,0,0,0
175,Chainmail Armor β,5,chest,both,1,0,0,32,54,70,0,2,0,0,0
176,Chainmail Gloves β,5,arms,both,1,0,0,32,54,70,0,2,0,0,0
177,Chainmail Belt β,5,waist,both,1,0,0,32,54,70,0,2,0,0,0
178,Chainmail Trousers β,5,legs,both,1,0,0,32,54,70,0,2,0,0,0
179,Hunter's Headgear α,5,head,both,0,0,0,36,58,74,2,2,0,0,0
180,Hunter's Mail α,5,chest,both,0,0,0,36,58,74,2,2,0,0,0
181,Hunter's Vambraces α,5,arms,both,0,0,0,36,58,74,2,2,0,0,0
182,Hunter's Coil α,5,waist,both,0,0,0,36,58,74,2,2,0,0,0
183,Hunter's Greaves α,5,legs,both,0,0,0,36,58,74,2,2,0,0,0
184,Hunter's Headgear β,5,head,both,1,0,0,36,58,74,2,2,0,0,0
185,Hunter's Mail β,5,chest,both,1,0,0,36,58,74,2,2,0,0,0
186,Hunter's Vambraces β,5,arms,both,1,0,0,36,58,74,2,2,0,0,0
187,Hunter's Coil β,5,waist,both,1,0,0,36,58,74,2,2,0,0,0
188,Hunter's Greaves β,5,legs,both,1,0,0,36,58,74,2,2,0,0,0
189,Bone Helm α,5,head,both,0,0,0,36,58,74,2,0,2,0,2
190,Bone Mail α,5,chest,both,0,0,0,36,58,74,2,0,2,0,2
191,Bone Vambraces α,5,arms,both,0,0,0,36,58,74,2,0,2,0,2
192,Bone Coil α,5,waist,both,0,0,0,36,58,74,2,0,2,0,2
193,Bone Greaves α,5,legs,both,0,0,0,36,58,74,2,0,2,0,2
194,Bone Helm β,5,head,both,1,0,0,36,58,74,2,0,2,0,2
195,Bone Mail β,5,chest,both,1,0,0,36,58,74,2,0,2,0,2
196,Bone Vambraces β,5,arms,both,1,0,0,36,58,74,2,0,2,0,2
197,Bone Coil β,5,waist,both,1,0,0,36,58,74,2,0,2,0,2
198,Bone Greaves β,5,legs,both,1,0,0,36,58,74,2,0,2,0,2
199,Alloy Helm α,5,head,both,0,0,0,36,58,74,-2,0,-2,-2,0
200,Alloy Mail α,5,chest,both,0,0,0,36,58,74,-2,0,-2,-2,0
201,Alloy Vambraces α,5,arms,both,0,0,0,36,58,74,-2,0,-2,-2,0
202,Alloy Coil α,5,waist,both,0,0,0,36,58,74,-2,0,-2,-2,0
203,Alloy Greaves α,5,legs,both,0,0,0,36,58,74,-2,0,-2,-2,0
204,Alloy Helm β,5,head,both,1,0,0,36,58,74,-2,0,-2,-2,0
205,Alloy Mail β,5,chest,both,1,0,0,36,58,74,-2,0,-2,-2,0
206,Alloy Vambraces β,5,arms,both,1,0,0,36,58,74,-2,0,-2,-2,0
207,Alloy Coil β,5,waist,both,1,0,0,36,58,74,-2,0,-2,-2,0
208,Alloy Greaves β,5,legs,both,1,0,0,36,58,74,-2,0,-2,-2,0
209,King Beetle Vertex α,5,head,male,0,0,0,42,64,80,-1,-1,2,0,2
210,King Beetle Thorax α,5,chest,male,0,0,0,42,64,80,-1,-1,2,0,2
211,King Beetle Brachia α,5,arms,male,1,0,0,42,64,80,-1,-1,2,0,2
212,King Beetle Elytra α,5,waist,male,1,0,0,42,64,80,-1,-1,2,0,2
213,King Beetle Crura α,5,legs,male,1,0,0,42,64,80,-1,-1,2,0,2
214,King Beetle Vertex β,5,head,male,1,0,0,42,64,80,-1,-1,2,0,2
215,King Beetle Thorax β,5,chest,male,1,0,0,42,64,80,-1,-1,2,0,2
216,King Beetle Brachia β,5,arms,male,2,1,0,42,64,80,-1,-1,2,0,2
217,King Beetle Elytra β,5,waist,male,2,1,0,42,64,80,-1,-1,2,0,2
218,King Beetle Crura β,5,legs,male,2,1,0,42,64,80,-1,-1,2,0,2
229,Vespoid Helm α,5,head,both,0,0,0,38,60,76,-2,1,1,1,2
230,Vespoid Mail α,5,chest,both,0,0,0,38,60,76,-2,1,1,1,2
231,Vespoid Vambraces α,5,arms,both,0,0,0,38,60,76,-2,1,1,1,2
232,Vespoid Coil α,5,waist,both,0,0,0,38,60,76,-2,1,1,1,2
233,Vespoid Greaves α,5,legs,both,0,0,0,38,60,76,-2,1,1,1,2
234,Vespoid Helm β,5,head,both,1,0,0,38,60,76,-2,1,1,1,2
235,Vespoid Mail β,5,chest,both,1,0,0,38,60,76,-2,1,1,1,2
236,Vespoid Vambraces β,5,arms,both,1,0,0,38,60,76,-2,1,1,1,2
237,Vespoid Coil β,5,waist,both,1,0,0,38,60,76,-2,1,1,1,2
238,Vespoid Greaves β,5,legs,both,1,0,0,38,60,76,-2,1,1,1,2
239,Hornetaur Helm α,5,head,both,0,0,0,38,60,76,-1,-1,0,0,2
240,Hornetaur Mail α,5,chest,both,0,0,0,38,60,76,-1,-1,0,0,2
241,Hornetaur Vambraces α,5,arms,both,0,0,0,38,60,76,-1,-1,0,0,2
242,Hornetaur Coil α,5,waist,both,0,0,0,38,60,76,-1,-1,0,0,2
243,Hornetaur Greaves α,5,legs,both,0,0,0,38,60,76,-1,-1,0,0,2
244,Hornetaur Helm β,5,head,both,1,0,0,38,60,76,-1,-1,0,0,2
245,Hornetaur Mail β,5,chest,both,1,0,0,38,60,76,-1,-1,0,0,2
246,Hornetaur Vambraces β,5,arms,both,1,0,0,38,60,76,-1,-1,0,0,2
247,Hornetaur Coil β,5,waist,both,1,0,0,38,60,76,-1,-1,0,0,2
248,Hornetaur Greaves β,5,legs,both,1,0,0,38,60,76,-1,-1,0,0,2
249,Mosswine Mask α,5,head,both,0,0,0,40,62,78,2,2,2,2,2
250,Kestodon Guards α,5,arms,both,0,0,0,40,62,78,4,0,0,0,0
251,Kestodon Guards β,5,arms,both,1,0,0,40,62,78,4,0,0,0,0
252,Gajau Boots α,5,legs,both,0,0,0,40,62,78,0,5,0,0,0
253,Gajau Boots β,5,legs,both,1,0,0,40,62,78,0,5,0,0,0
254,Shamos Goggles α,5,head,both,0,0,0,40,62,78,2,2,0,-3,0
255,Shamos Goggles β,5,head,both,1,0,0,40,62,78,2,2,0,-3,0
256,Jagras Helm α,5,head,both,0,0,0,40,62,78,-2,2,-1,-1,1
257,Jagras Mail α,5,chest,both,0,0,0,40,62,78,-2,2,-1,-1,1
258,Jagras Vambraces α,5,arms,both,0,0,0,40,62,78,-2,2,-1,-1,1
259,Jagras Coil α,5,waist,both,0,0,0,40,62,78,-2,2,-1,-1,1
260,Jagras Greaves α,5,legs,both,0,0,0,40,62,78,-2,2,-1,-1,1
261,Jagras Helm β,5,head,both,1,0,0,40,62,78,-2,2,-1,-1,1
262,Jagras Mail β,5,chest,both,1,0,0,40,62,78,-2,2,-1,-1,1
263,Jagras Vambraces β,5,arms,both,1,0,0,40,62,78,-2,2,-1,-1,1
264,Jagras Coil β,5,waist,both,1,0,0,40,62,78,-2,2,-1,-1,1
265,Jagras Greaves β,5,legs,both,1,0,0,40,62,78,-2,2,-1,-1,1
266,Kulu Headpiece α,5,head,both,0,0,0,40,62,78,0,-3,0,1,0
267,Kulu Mail α,5,chest,both,0,0,0,40,62,78,0,-3,0,1,0
268,Kulu Vambraces α,5,arms,both,0,0,0,40,62,78,0,-3,0,1,0
269,Kulu Coil α,5,waist,both,0,0,0,40,62,78,0,-3,0,1,0
270,Kulu Greaves α,5,legs,both,0,0,0,40,62,78,0,-3,0,1,0
271,Kulu Headpiece β,5,head,both,1,1,0,40,62,78,0,-3,0,1,0
272,Kulu Mail β,5,chest,both,1,0,0,40,62,78,0,-3,0,1,0
273,Kulu Vambraces β,5,arms,both,2,0,0,40,62,78,0,-3,0,1,0
274,Kulu Coil β,5,waist,both,2,0,0,40,62,78,0,-3,0,1,0
275,Kulu Greaves β,5,legs,both,1,0,0,40,62,78,0,-3,0,1,0
276,Tzitzi Headgear α,5,head,both,0,0,0,40,62,78,0,0,-3,-2,0
277,Tzitzi Mail α,5,chest,both,0,0,0,40,62,78,0,0,-3,-2,0
278,Tzitzi Vambraces α,5,arms,both,0,0,0,40,62,78,0,0,-3,-2,0
279,Tzitzi Coil α,5,waist,both,0,0,0,40,62,78,0,0,-3,-2,0
280,Tzitzi Greaves α,5,legs,both,0,0,0,40,62,78,0,0,-3,-2,0
281,Tzitzi Headgear β,5,head,both,1,0,0,40,62,78,0,0,-3,-2,0
282,Tzitzi Mail β,5,chest,both,1,1,0,40,62,78,0,0,-3,-2,0
283,Tzitzi Vambraces β,5,arms,both,1,0,0,40,62,78,0,0,-3,-2,0
284,Tzitzi Coil β,5,waist,both,2,0,0,40,62,78,0,0,-3,-2,0
285,Tzitzi Greaves β,5,legs,both,1,0,0,40,62,78,0,0,-3,-2,0
286,Girros Mask α,5,head,both,0,0,0,40,62,78,0,-3,2,0,1
287,Girros Mail α,5,chest,both,0,0,0,40,62,78,0,-3,2,0,1
288,Girros Vambraces α,5,arms,both,0,0,0,40,62,78,0,-3,2,0,1
289,Girros Coil α,5,waist,both,0,0,0,40,62,78,0,-3,2,0,1
290,Girros Greaves α,5,legs,both,0,0,0,40,62,78,0,-3,2,0,1
291,Girros Mask β,5,head,both,1,0,0,40,62,78,0,-3,2,0,1
292,Girros Mail β,5,chest,both,1,0,0,40,62,78,0,-3,2,0,1
293,Girros Vambraces β,5,arms,both,1,0,0,40,62,78,0,-3,2,0,1
294,Girros Coil β,5,waist,both,1,0,0,40,62,78,0,-3,2,0,1
295,Girros Greaves β,5,legs,both,1,0,0,40,62,78,0,-3,2,0,1
296,Pukei Hood α,5,head,both,0,0,0,42,64,80,0,3,-3,0,1
297,Pukei Mail α,5,chest,both,0,0,0,42,64,80,0,3,-3,0,1
298,Pukei Vambraces α,5,arms,both,0,0,0,42,64,80,0,3,-3,0,1
299,Pukei Coil α,5,waist,both,0,0,0,42,64,80,0,3,-3,0,1
300,Pukei Greaves α,5,legs,both,0,0,0,42,64,80,0,3,-3,0,1
301,Pukei Hood β,5,head,both,1,1,0,42,64,80,0,3,-3,0,1
302,Pukei Mail β,5,chest,both,1,0,0,42,64,80,0,3,-3,0,1
303,Pukei Vambraces β,5,arms,both,1,1,0,42,64,80,0,3,-3,0,1
304,Pukei Coil β,5,waist,both,1,0,0,42,64,80,0,3,-3,0,1
305,Pukei Greaves β,5,legs,both,2,0,0,42,64,80,0,3,-3,0,1
306,Barroth Helm α,5,head,both,0,0,0,42,64,80,-3,-1,3,-1,0
307,Barroth Mail α,5,chest,both,0,0,0,42,64,80,-3,-1,3,-1,0
308,Barroth Vambraces α,5,arms,both,0,0,0,42,64,80,-3,-1,3,-1,0
309,Barroth Coil α,5,waist,both,0,0,0,42,64,80,-3,-1,3,-1,0
310,Barroth Greaves α,5,legs,both,0,0,0,42,64,80,-3,-1,3,-1,0
311,Barroth Helm β,5,head,both,1,0,0,42,64,80,-3,-1,3,-1,0
312,Barroth Mail β,5,chest,both,1,0,0,42,64,80,-3,-1,3,-1,0
313,Barroth Vambraces β,5,arms,both,1,0,0,42,64,80,-3,-1,3,-1,0
314,Barroth Coil β,5,waist,both,2,0,0,42,64,80,-3,-1,3,-1,0
315,Barroth Greaves β,5,legs,both,1,1,0,42,64,80,-3,-1,3,-1,0
316,Anja Helm α,5,head,both,0,0,0,44,66,82,3,-3,-1,-1,0
317,Anja Mail α,5,chest,both,0,0,0,44,66,82,3,-3,-1,-1,0
318,Anja Vambraces α,5,arms,both,0,0,0,44,66,82,3,-3,-1,-1,0
319,Anja Coil α,5,waist,both,0,0,0,44,66,82,3,-3,-1,-1,0
320,Anja Greaves α,5,legs,both,0,0,0,44,66,82,3,-3,-1,-1,0
321,Anja Helm β,5,head,both,2,0,0,44,66,82,3,-3,-1,-1,0
322,Anja Mail β,5,chest,both,1,1,0,44,66,82,3,-3,-1,-1,0
323,Anja Vambraces β,5,arms,both,1,0,0,44,66,82,3,-3,-1,-1,0
324,Anja Coil β,5,waist,both,2,0,0,44,66,82,3,-3,-1,-1,0
325,Anja Greaves β,5,legs,both,1,0,0,44,66,82,3,-3,-1,-1,0
326,Jyura Helm α,5,head,both,0,0,0,44,66,82,-1,2,-3,0,0
327,Jyura Mail α,5,chest,both,0,0,0,44,66,82,-1,2,-3,0,0
328,Jyura Vambraces α,5,arms,both,0,0,0,44,66,82,-1,2,-3,0,0
329,Jyura Coil α,5,waist,both,0,0,0,44,66,82,-1,2,-3,0,0
330,Jyura Greaves α,5,legs,both,0,0,0,44,66,82,-1,2,-3,0,0
331,Jyura Helm β,5,head,both,1,0,0,44,66,82,-1,2,-3,0,0
332,Jyura Mail β,5,chest,both,1,0,0,44,66,82,-1,2,-3,0,0
333,Jyura Vambraces β,5,arms,both,1,0,0,44,66,82,-1,2,-3,0,0
334,Jyura Coil β,5,waist,both,1,0,0,44,66,82,-1,2,-3,0,0
335,Jyura Greaves β,5,legs,both,2,0,0,44,66,82,-1,2,-3,0,0
336,Kadachi Helm α,5,head,both,0,0,0,44,66,82,0,-3,3,0,0
337,Kadachi Mail α,5,chest,both,0,0,0,44,66,82,0,-3,3,0,0
338,Kadachi Vambraces α,5,arms,both,0,0,0,44,66,82,0,-3,3,0,0
339,Kadachi Coil α,5,waist,both,0,0,0,44,66,82,0,-3,3,0,0
340,Kadachi Greaves α,5,legs,both,0,0,0,44,66,82,0,-3,3,0,0
341,Kadachi Helm β,5,head,both,2,0,0,44,66,82,0,-3,3,0,0
342,Kadachi Mail β,5,chest,both,2,0,0,44,66,82,0,-3,3,0,0
343,Kadachi Vambraces β,5,arms,both,2,0,0,44,66,82,0,-3,3,0,0
344,Kadachi Coil β,5,waist,both,1,1,0,44,66,82,0,-3,3,0,0
345,Kadachi Greaves β,5,legs,both,1,1,0,44,66,82,0,-3,3,0,0
346,Lumu Hat α,5,head,both,0,0,0,44,66,82,-3,2,0,1,0
347,Lumu Mail α,5,chest,both,0,0,0,44,66,82,-3,2,0,1,0
348,Lumu Vambraces α,5,arms,both,0,0,0,44,66,82,-3,2,0,1,0
349,Lumu Coil α,5,waist,both,0,0,0,44,66,82,-3,2,0,1,0
350,Lumu Greaves α,5,legs,both,0,0,0,44,66,82,-3,2,0,1,0
351,Lumu Hat β,5,head,both,2,0,0,44,66,82,-3,2,0,1,0
352,Lumu Mail β,5,chest,both,1,0,0,44,66,82,-3,2,0,1,0
353,Lumu Vambraces β,5,arms,both,1,0,0,44,66,82,-3,2,0,1,0
354,Lumu Coil β,5,waist,both,1,0,0,44,66,82,-3,2,0,1,0
355,Lumu Greaves β,5,legs,both,1,1,0,44,66,82,-3,2,0,1,0
356,Rathian Helm α,5,head,both,0,0,0,46,68,84,2,0,-2,0,-3
357,Rathian Mail α,5,chest,both,0,0,0,46,68,84,2,0,-2,0,-3
358,Rathian Vambraces α,5,arms,both,0,0,0,46,68,84,2,0,-2,0,-3
359,Rathian Coil α,5,waist,both,0,0,0,46,68,84,2,0,-2,0,-3
360,Rathian Greaves α,5,legs,both,0,0,0,46,68,84,2,0,-2,0,-3
361,Rathian Helm β,5,head,both,1,0,0,46,68,84,2,0,-2,0,-3
362,Rathian Mail β,5,chest,both,1,0,0,46,68,84,2,0,-2,0,-3
363,Rathian Vambraces β,5,arms,both,1,0,0,46,68,84,2,0,-2,0,-3
364,Rathian Coil β,5,waist,both,1,0,0,46,68,84,2,0,-2,0,-3
365,Rathian Greaves β,5,legs,both,1,0,0,46,68,84,2,0,-2,0,-3
366,Rath Heart Helm α,6,head,both,0,0,0,52,72,84,3,0,-3,0,-4
367,Rath Heart Mail α,6,chest,both,0,0,0,52,72,84,3,0,-3,0,-4
368,Rath Heart Braces α,6,arms,both,0,0,0,52,72,84,3,0,-3,0,-4
369,Rath Heart Coil α,6,waist,both,0,0,0,52,72,84,3,0,-3,0,-4
370,Rath Heart Greaves α,6,legs,both,0,0,0,52,72,84,3,0,-3,0,-4
371,Rath Heart Helm β,6,head,both,2,0,0,52,72,84,3,0,-3,0,-4
372,Rath Heart Mail β,6,chest,both,1,1,0,52,72,84,3,0,-3,0,-4
373,Rath Heart Braces β,6,arms,both,2,0,0,52,72,84,3,0,-3,0,-4
374,Rath Heart Coil β,6,waist,both,1,0,0,52,72,84,3,0,-3,0,-4
375,Rath Heart Greaves β,6,legs,both,2,0,0,52,72,84,3,0,-3,0,-4
376,Baan Helm α,6,head,both,0,0,0,46,66,78,0,2,0,-1,-2
377,Baan Mail α,6,chest,both,0,0,0,46,66,78,0,2,0,-1,-2
378,Baan Vambraces α,6,arms,both,0,0,0,46,66,78,0,2,0,-1,-2
379,Baan Coil α,6,waist,both,0,0,0,46,66,78,0,2,0,-1,-2
380,Baan Greaves α,6,legs,both,0,0,0,46,66,78,0,2,0,-1,-2
381,Baan Helm β,6,head,both,2,0,0,46,66,78,0,2,0,-1,-2
382,Baan Mail β,6,chest,both,1,0,0,46,66,78,0,2,0,-1,-2
383,Baan Vambraces β,6,arms,both,1,0,0,46,66,78,0,2,0,-1,-2
384,Baan Coil β,6,waist,both,2,0,0,46,66,78,0,2,0,-1,-2
385,Baan Greaves β,6,legs,both,1,0,0,46,66,78,0,2,0,-1,-2
386,Gastodon Horn α,5,head,both,0,0,0,48,70,86,3,0,0,0,0
387,Gastodon Horn β,5,head,both,1,0,0,48,70,86,3,0,0,0,0
388,Barnos Jacket α,5,chest,both,0,0,0,48,70,86,1,1,0,1,-2
389,Barnos Jacket β,5,chest,both,1,0,0,48,70,86,1,1,0,1,-2
390,Dodogama Helm α,5,head,both,0,0,0,48,70,86,2,0,-3,0,2
391,Dodogama Mail α,5,chest,both,0,0,0,48,70,86,2,0,-3,0,2
392,Dodogama Vambraces α,5,arms,both,0,0,0,48,70,86,2,0,-3,0,2
393,Dodogama Coil α,5,waist,both,0,0,0,48,70,86,2,0,-3,0,2
394,Dodogama Greaves α,5,legs,both,0,0,0,48,70,86,2,0,-3,0,2
395,Dodogama Helm β,5,head,both,1,0,0,48,70,86,2,0,-3,0,2
396,Dodogama Mail β,5,chest,both,1,0,0,48,70,86,2,0,-3,0,2
397,Dodogama Vambraces β,5,arms,both,1,0,0,48,70,86,2,0,-3,0,2
398,Dodogama Coil β,5,waist,both,1,0,0,48,70,86,2,0,-3,0,2
399,Dodogama Greaves β,5,legs,both,1,0,0,48,70,86,2,0,-3,0,2
400,Zorah Headgear α,6,head,both,0,0,0,44,64,76,4,-3,-1,-2,-3
401,Zorah Hide α,6,chest,both,0,0,0,44,64,76,4,-3,-1,-2,-3
402,Zorah Claws α,6,arms,both,0,0,0,44,64,76,4,-3,-1,-2,-3
403,Zorah Spine α,6,waist,both,0,0,0,44,64,76,4,-3,-1,-2,-3
404,Zorah Spurs α,6,legs,both,0,0,0,44,64,76,4,-3,-1,-2,-3
405,Zorah Headgear β,6,head,both,1,0,0,44,64,76,4,-3,-1,-2,-3
406,Zorah Hide β,6,chest,both,2,0,0,44,64,76,4,-3,-1,-2,-3
407,Zorah Claws β,6,arms,both,1,0,0,44,64,76,4,-3,-1,-2,-3
408,Zorah Spine β,6,waist,both,2,0,0,44,64,76,4,-3,-1,-2,-3
409,Zorah Spurs β,6,legs,both,2,0,0,44,64,76,4,-3,-1,-2,-3
410,High Metal Helm α,6,head,both,0,0,0,50,70,82,0,-1,-2,3,0
411,High Metal Mail α,6,chest,both,0,0,0,50,70,82,0,-1,-2,3,0
412,High Metal Braces α,6,arms,both,0,0,0,50,70,82,0,-1,-2,3,0
413,High Metal Coil α,6,waist,both,0,0,0,50,70,82,0,-1,-2,3,0
414,High Metal Greaves α,6,legs,both,0,0,0,50,70,82,0,-1,-2,3,0
415,High Metal Helm β,6,head,both,2,0,0,50,70,82,0,-1,-2,3,0
416,High Metal Mail β,6,chest,both,2,0,0,50,70,82,0,-1,-2,3,0
417,High Metal Braces β,6,arms,both,1,0,0,50,70,82,0,-1,-2,3,0
418,High Metal Coil β,6,waist,both,1,0,0,50,70,82,0,-1,-2,3,0
419,High Metal Greaves β,6,legs,both,1,0,0,50,70,82,0,-1,-2,3,0
420,Ingot Helm α,6,head,both,0,0,0,50,70,82,-2,0,3,-1,0
421,Ingot Mail α,6,chest,both,0,0,0,50,70,82,-2,0,3,-1,0
422,Ingot Vambraces α,6,arms,both,0,0,0,50,70,82,-2,0,3,-1,0
423,Ingot Coil α,6,waist,both,0,0,0,50,70,82,-2,0,3,-1,0
424,Ingot Greaves α,6,legs,both,0,0,0,50,70,82,-2,0,3,-1,0
425,Ingot Helm β,6,head,both,1,0,0,50,70,82,-2,0,3,-1,0
426,Ingot Mail β,6,chest,both,1,0,0,50,70,82,-2,0,3,-1,0
427,Ingot Vambraces β,6,arms,both,1,0,0,50,70,82,-2,0,3,-1,0
428,Ingot Coil β,6,waist,both,3,0,0,50,70,82,-2,0,3,-1,0
429,Ingot Greaves β,6,legs,both,2,0,0,50,70,82,-2,0,3,-1,0
430,Brigade Lobos α,6,head,both,0,0,0,52,72,84,1,0,2,0,2
431,Brigade Suit α,6,chest,both,2,0,0,52,72,84,1,0,2,0,2
432,Brigade Vambraces α,6,arms,both,0,0,0,52,72,84,1,0,2,0,2
433,Brigade Coil α,6,waist,both,0,0,0,52,72,84,1,0,2,0,2
434,Brigade Boots α,6,legs,both,1,0,0,52,72,84,1,0,2,0,2
435,Brigade Lobos β,6,head,both,1,0,0,52,72,84,1,0,2,0,2
436,Brigade Suit β,6,chest,both,2,2,0,52,72,84,1,0,2,0,2
437,Brigade Vambraces β,6,arms,both,1,0,0,52,72,84,1,0,2,0,2
438,Brigade Coil β,6,waist,both,1,0,0,52,72,84,1,0,2,0,2
439,Brigade Boots β,6,legs,both,3,0,0,52,72,84,1,0,2,0,2
440,Faux Felyne α,6,head,both,0,0,0,56,76,88,2,2,2,2,2
441,Strategist Spectacles α,6,head,both,1,0,0,56,76,88,2,2,2,2,2
442,Lavasioth Helm α,6,head,both,0,0,0,56,76,88,3,-3,1,-2,2
443,Lavasioth Mail α,6,chest,both,0,0,0,56,76,88,3,-3,1,-2,2
444,Lavasioth Vambraces α,6,arms,both,2,0,0,56,76,88,3,-3,1,-2,2
445,Lavasioth Coil α,6,waist,both,0,0,0,56,76,88,3,-3,1,-2,2
446,Lavasioth Greaves α,6,legs,both,1,0,0,56,76,88,3,-3,1,-2,2
447,Lavasioth Helm β,6,head,both,1,1,0,56,76,88,3,-3,1,-2,2
448,Lavasioth Mail β,6,chest,both,1,1,0,56,76,88,3,-3,1,-2,2
449,Lavasioth Vambraces β,6,arms,both,3,0,0,56,76,88,3,-3,1,-2,2
450,Lavasioth Coil β,6,waist,both,1,0,0,56,76,88,3,-3,1,-2,2
451,Lavasioth Greaves β,6,legs,both,2,0,0,56,76,88,3,-3,1,-2,2
452,Legiana Helm α,6,head,both,0,0,0,54,74,86,-1,2,-3,3,0
453,Legiana Mail α,6,chest,both,0,0,0,54,74,86,-1,2,-3,3,0
454,Legiana Vambraces α,6,arms,both,0,0,0,54,74,86,-1,2,-3,3,0
455,Legiana Coil α,6,waist,both,0,0,0,54,74,86,-1,2,-3,3,0
456,Legiana Greaves α,6,legs,both,0,0,0,54,74,86,-1,2,-3,3,0
457,Legiana Helm β,6,head,both,1,0,0,54,74,86,-1,2,-3,3,0
458,Legiana Mail β,6,chest,both,1,0,0,54,74,86,-1,2,-3,3,0
459,Legiana Vambraces β,6,arms,both,3,0,0,54,74,86,-1,2,-3,3,0
460,Legiana Coil β,6,waist,both,2,0,0,54,74,86,-1,2,-3,3,0
461,Legiana Greaves β,6,legs,both,3,0,0,54,74,86,-1,2,-3,3,0
462,Odogaron Helm α,6,head,both,0,0,0,54,74,86,2,2,-2,-3,0
463,Odogaron Mail α,6,chest,both,0,0,0,54,74,86,2,2,-2,-3,0
464,Odogaron Vambraces α,6,arms,both,0,0,0,54,74,86,2,2,-2,-3,0
465,Odogaron Coil α,6,waist,both,0,0,0,54,74,86,2,2,-2,-3,0
466,Odogaron Greaves α,6,legs,both,0,0,0,54,74,86,2,2,-2,-3,0
467,Odogaron Helm β,6,head,both,2,0,0,54,74,86,2,2,-2,-3,0
468,Odogaron Mail β,6,chest,both,1,0,0,54,74,86,2,2,-2,-3,0
469,Odogaron Vambraces β,6,arms,both,1,0,0,54,74,86,2,2,-2,-3,0
470,Odogaron Coil β,6,waist,both,2,0,0,54,74,86,2,2,-2,-3,0
471,Odogaron Greaves β,6,legs,both,1,0,0,54,74,86,2,2,-2,-3,0
472,Rathalos Helm α,6,head,both,0,0,0,54,74,86,3,1,-2,1,-3
473,Rathalos Mail α,6,chest,both,0,0,0,54,74,86,3,1,-2,1,-3
474,Rathalos Vambraces α,6,arms,both,0,0,0,54,74,86,3,1,-2,1,-3
475,Rathalos Coil α,6,waist,both,0,0,0,54,74,86,3,1,-2,1,-3
476,Rathalos Greaves α,6,legs,both,0,0,0,54,74,86,3,1,-2,1,-3
477,Rathalos Helm β,6,head,both,1,0,0,54,74,86,3,1,-2,1,-3
478,Rathalos Mail β,6,chest,both,1,0,0,54,74,86,3,1,-2,1,-3
479,Rathalos Vambraces β,6,arms,both,1,0,0,54,74,86,3,1,-2,1,-3
480,Rathalos Coil β,6,waist,both,2,0,0,54,74,86,3,1,-2,1,-3
481,Rathalos Greaves β,6,legs,both,3,0,0,54,74,86,3,1,-2,1,-3
482,Rath Soul Helm α,7,head,both,0,0,0,56,68,82,3,2,2,-3,-4
483,Rath Soul Mail α,7,chest,both,1,0,0,56,68,82,3,2,2,-3,-4
484,Rath Soul Braces α,7,arms,both,1,0,0,56,68,82,3,2,2,-3,-4
485,Rath Soul Coil α,7,waist,both,0,0,0,56,68,82,3,2,2,-3,-4
486,Rath Soul Greaves α,7,legs,both,0,0,0,56,68,82,3,2,2,-3,-4
487,Rath Soul Helm β,7,head,both,1,1,0,56,68,82,3,2,2,-3,-4
488,Rath Soul Mail β,7,chest,both,2,0,0,56,68,82,3,2,2,-3,-4
489,Rath Soul Braces β,7,arms,both,2,0,0,56,68,82,3,2,2,-3,-4
490,Rath Soul Coil β,7,waist,both,3,0,0,56,68,82,3,2,2,-3,-4
491,Rath Soul Greaves β,7,legs,both,1,0,0,56,68,82,3,2,2,-3,-4
492,Diablos Helm α,6,head,both,0,0,0,54,74,86,3,-2,0,-3,2
493,Diablos Mail α,6,chest,both,0,0,0,54,74,86,3,-2,0,-3,2
494,Diablos Vambraces α,6,arms,both,0,0,0,54,74,86,3,-2,0,-3,2
495,Diablos Coil α,6,waist,both,0,0,0,54,74,86,3,-2,0,-3,2
496,Diablos Greaves α,6,legs,both,0,0,0,54,74,86,3,-2,0,-3,2
497,Diablos Helm β,6,head,both,2,0,0,54,74,86,3,-2,0,-3,2
498,Diablos Mail β,6,chest,both,2,0,0,54,74,86,3,-2,0,-3,2
499,Diablos Vambraces β,6,arms,both,2,0,0,54,74,86,3,-2,0,-3,2
500,Diablos Coil β,6,waist,both,2,0,0,54,74,86,3,-2,0,-3,2
501,Diablos Greaves β,6,legs,both,1,1,0,54,74,86,3,-2,0,-3,2
502,Diablos Nero Helm α,7,head,both,1,0,0,56,68,82,2,-3,0,-4,2
503,Diablos Nero Mail α,7,chest,both,1,0,0,56,68,82,2,-3,0,-4,2
504,Diablos Nero Braces α,7,arms,both,0,0,0,56,68,82,2,-3,0,-4,2
505,Diablos Nero Coil α,7,waist,both,0,0,0,56,68,82,2,-3,0,-4,2
506,Diablos Nero Greaves α,7,legs,both,1,0,0,56,68,82,2,-3,0,-4,2
507,Diablos Nero Helm β,7,head,both,3,0,0,56,68,82,2,-3,0,-4,2
508,Diablos Nero Mail β,7,chest,both,2,1,0,56,68,82,2,-3,0,-4,2
509,Diablos Nero Braces β,7,arms,both,2,1,0,56,68,82,2,-3,0,-4,2
510,Diablos Nero Coil β,7,waist,both,2,0,0,56,68,82,2,-3,0,-4,2
511,Diablos Nero Greaves β,7,legs,both,2,0,0,56,68,82,2,-3,0,-4,2
512,Uragaan Helm α,7,head,both,3,0,0,60,72,86,4,-3,1,-2,-2
513,Uragaan Mail α,7,chest,both,1,0,0,60,72,86,4,-3,1,-2,-2
514,Uragaan Vambraces α,7,arms,both,1,0,0,60,72,86,4,-3,1,-2,-2
515,Uragaan Coil α,7,waist,both,1,1,0,60,72,86,4,-3,1,-2,-2
516,Uragaan Greaves α,7,legs,both,1,0,0,60,72,86,4,-3,1,-2,-2
517,Uragaan Helm β,7,head,both,3,1,0,60,72,86,4,-3,1,-2,-2
518,Uragaan Mail β,7,chest,both,3,0,0,60,72,86,4,-3,1,-2,-2
519,Uragaan Vambraces β,7,arms,both,2,0,0,60,72,86,4,-3,1,-2,-2
520,Uragaan Coil β,7,waist,both,2,1,0,60,72,86,4,-3,1,-2,-2
521,Uragaan Greaves β,7,legs,both,3,0,0,60,72,86,4,-3,1,-2,-2
522,Bazel Helm α,7,head,both,2,0,0,58,70,84,3,1,-4,-2,-2
523,Bazel Mail α,7,chest,both,0,0,0,58,70,84,3,1,-4,-2,-2
524,Bazel Vambraces α,7,arms,both,0,0,0,58,70,84,3,1,-4,-2,-2
525,Bazel Coil α,7,waist,both,1,0,0,58,70,84,3,1,-4,-2,-2
526,Bazel Greaves α,7,legs,both,1,0,0,58,70,84,3,1,-4,-2,-2
527,Bazel Helm β,7,head,both,3,1,0,58,70,84,3,1,-4,-2,-2
528,Bazel Mail β,7,chest,both,1,1,0,58,70,84,3,1,-4,-2,-2
529,Bazel Vambraces β,7,arms,both,3,0,0,58,70,84,3,1,-4,-2,-2
530,Bazel Coil β,7,waist,both,3,0,0,58,70,84,3,1,-4,-2,-2
531,Bazel Greaves β,7,legs,both,3,0,0,58,70,84,3,1,-4,-2,-2
532,Damascus Helm α,7,head,both,1,0,0,60,72,86,4,-2,0,0,0
533,Damascus Mail α,7,chest,both,1,0,0,60,72,86,4,-2,0,0,0
534,Damascus Vambraces α,7,arms,both,0,0,0,60,72,86,4,-2,0,0,0
535,Damascus Coil α,7,waist,both,1,0,0,60,72,86,4,-2,0,0,0
536,Damascus Greaves α,7,legs,both,1,0,0,60,72,86,4,-2,0,0,0
537,Damascus Helm β,7,head,both,3,0,0,60,72,86,4,-2,0,0,0
538,Damascus Mail β,7,chest,both,1,1,1,60,72,86,4,-2,0,0,0
539,Damascus Vambraces β,7,arms,both,1,0,0,60,72,86,4,-2,0,0,0
540,Damascus Coil β,7,waist,both,1,1,1,60,72,86,4,-2,0,0,0
541,Damascus Greaves β,7,legs,both,3,0,0,60,72,86,4,-2,0,0,0
542,Dober Helm α,7,head,both,0,0,0,60,72,86,-2,0,-1,-1,4
543,Dober Mail α,7,chest,both,1,0,0,60,72,86,-2,0,-1,-1,4
544,Dober Vambraces α,7,arms,both,0,0,0,60,72,86,-2,0,-1,-1,4
545,Dober Coil α,7,waist,both,2,0,0,60,72,86,-2,0,-1,-1,4
546,Dober Greaves α,7,legs,both,0,0,0,60,72,86,-2,0,-1,-1,4
547,Dober Helm β,7,head,both,1,0,0,60,72,86,-2,0,-1,-1,4
548,Dober Mail β,7,chest,both,3,0,0,60,72,86,-2,0,-1,-1,4
549,Dober Vambraces β,7,arms,both,1,1,0,60,72,86,-2,0,-1,-1,4
550,Dober Coil β,7,waist,both,3,0,0,60,72,86,-2,0,-1,-1,4
551,Dober Greaves β,7,legs,both,1,0,0,60,72,86,-2,0,-1,-1,4
552,Death Stench Brain α,7,head,both,2,0,0,62,74,88,3,2,-2,3,-4
553,Death Stench Muscle α,7,chest,both,0,0,0,62,74,88,3,2,-2,3,-4
554,Death Stench Grip α,7,arms,both,1,0,0,62,74,88,3,2,-2,3,-4
555,Death Stench Bowels α,7,waist,both,0,0,0,62,74,88,3,2,-2,3,-4
556,Death Stench Heel α,7,legs,both,0,0,0,62,74,88,3,2,-2,3,-4
557,Death Stench Brain β,7,head,both,3,0,0,62,74,88,3,2,-2,3,-4
558,Death Stench Muscle β,7,chest,both,3,0,0,62,74,88,3,2,-2,3,-4
559,Death Stench Grip β,7,arms,both,1,1,0,62,74,88,3,2,-2,3,-4
560,Death Stench Bowels β,7,waist,both,1,1,0,62,74,88,3,2,-2,3,-4
561,Death Stench Heel β,7,legs,both,1,1,0,62,74,88,3,2,-2,3,-4
562,Skull Mask α,7,head,both,2,0,0,64,76,90,-3,-1,-1,-1,2
563,Nergigante Helm α,8,head,both,1,0,0,64,70,84,1,1,-3,1,-3
564,Nergigante Mail α,8,chest,both,1,0,0,64,70,84,1,1,-3,1,-3
565,Nergigante Vambraces α,8,arms,both,0,0,0,64,70,84,1,1,-3,1,-3
566,Nergigante Coil α,8,waist,both,0,0,0,64,70,84,1,1,-3,1,-3
567,Nergigante Greaves α,8,legs,both,1,0,0,64,70,84,1,1,-3,1,-3
568,Nergigante Helm β,8,head,both,1,1,0,64,70,84,1,1,-3,1,-3
569,Nergigante Mail β,8,chest,both,2,1,0,64,70,84,1,1,-3,1,-3
570,Nergigante Vambraces β,8,arms,both,1,0,0,64,70,84,1,1,-3,1,-3
571,Nergigante Coil β,8,waist,both,2,0,0,64,70,84,1,1,-3,1,-3
572,Nergigante Greaves β,8,legs,both,2,0,0,64,70,84,1,1,-3,1,-3
573,Kaiser Crown α,8,head,both,0,0,0,64,70,84,3,-3,1,-3,1
574,Kaiser Mail α,8,chest,both,0,0,0,64,70,84,3,-3,1,-3,1
575,Kaiser Vambraces α,8,arms,both,1,0,0,64,70,84,3,-3,1,-3,1
576,Kaiser Coil α,8,waist,both,0,0,0,64,70,84,3,-3,1,-3,1
577,Kaiser Greaves α,8,legs,both,0,0,0,64,70,84,3,-3,1,-3,1
578,Kaiser Crown β,8,head,both,2,0,0,64,70,84,3,-3,1,-3,1
579,Kaiser Mail β,8,chest,both,1,1,0,64,70,84,3,-3,1,-3,1
580,Kaiser Vambraces β,8,arms,both,3,0,0,64,70,84,3,-3,1,-3,1
581,Kaiser Coil β,8,waist,both,2,0,0,64,70,84,3,-3,1,-3,1
582,Kaiser Greaves β,8,legs,both,1,0,0,64,70,84,3,-3,1,-3,1
583,Kushala Glare α,8,head,both,0,0,0,64,70,84,0,2,-3,4,-2
584,Kushala Cista α,8,chest,both,0,0,0,64,70,84,0,2,-3,4,-2
585,Kushala Grip α,8,arms,both,0,0,0,64,70,84,0,2,-3,4,-2
586,Kushala Cocoon α,8,waist,both,0,0,0,64,70,84,0,2,-3,4,-2
587,Kushala Crus α,8,legs,both,0,0,0,64,70,84,0,2,-3,4,-2
588,Kushala Glare β,8,head,both,1,1,1,64,70,84,0,2,-3,4,-2
589,Kushala Cista β,8,chest,both,2,0,0,64,70,84,0,2,-3,4,-2
590,Kushala Grip β,8,arms,both,3,0,0,64,70,84,0,2,-3,4,-2
591,Kushala Cocoon β,8,waist,both,1,1,0,64,70,84,0,2,-3,4,-2
592,Kushala Crus β,8,legs,both,3,0,0,64,70,84,0,2,-3,4,-2
593,Vaal Hazak Helm α,8,head,both,0,0,0,64,70,84,-4,4,1,-1,-3
594,Vaal Hazak Mail α,8,chest,both,1,0,0,64,70,84,-4,4,1,-1,-3
595,Vaal Hazak Braces α,8,arms,both,1,0,0,64,70,84,-4,4,1,-1,-3
596,Vaal Hazak Coil α,8,waist,both,1,0,0,64,70,84,-4,4,1,-1,-3
597,Vaal Hazak Greaves α,8,legs,both,1,0,0,64,70,84,-4,4,1,-1,-3
598,Vaal Hazak Helm β,8,head,both,1,0,0,64,70,84,-4,4,1,-1,-3
599,Vaal Hazak Mail β,8,chest,both,1,1,0,64,70,84,-4,4,1,-1,-3
600,Vaal Hazak Braces β,8,arms,both,1,1,1,64,70,84,-4,4,1,-1,-3
601,Vaal Hazak Coil β,8,waist,both,1,1,0,64,70,84,-4,4,1,-1,-3
602,Vaal Hazak Greaves β,8,legs,both,1,1,0,64,70,84,-4,4,1,-1,-3
603,Kirin Horn α,8,head,both,0,0,0,64,70,84,-3,-2,4,-2,2
604,Kirin Jacket α,8,chest,both,0,0,0,64,70,84,-3,-2,4,-2,2
605,Kirin Longarms α,8,arms,both,0,0,0,64,70,84,-3,-2,4,-2,2
606,Kirin Hoop α,8,waist,both,0,0,0,64,70,84,-3,-2,4,-2,2
607,Kirin Leg Guards α,8,legs,both,0,0,0,64,70,84,-3,-2,4,-2,2
608,Kirin Horn β,8,head,both,1,0,0,64,70,84,-3,-2,4,-2,2
609,Kirin Jacket β,8,chest,both,1,0,0,64,70,84,-3,-2,4,-2,2
610,Kirin Longarms β,8,arms,both,1,1,0,64,70,84,-3,-2,4,-2,2
611,Kirin Hoop β,8,waist,both,1,1,1,64,70,84,-3,-2,4,-2,2
612,Kirin Leg Guards β,8,legs,both,1,1,0,64,70,84,-3,-2,4,-2,2
613,Xeno'jiiva Headgear α,8,head,both,1,0,0,72,78,92,-3,2,2,2,-4
614,Xeno'jiiva Hide α,8,chest,both,1,0,0,72,78,92,-3,2,2,2,-4
615,Xeno'jiiva Claws α,8,arms,both,1,0,0,72,78,92,-3,2,2,2,-4
616,Xeno'jiiva Spine α,8,waist,both,2,0,0,72,78,92,-3,2,2,2,-4
617,Xeno'jiiva Spurs α,8,legs,both,1,0,0,72,78,92,-3,2,2,2,-4
618,Xeno'jiiva Headgear β,8,head,both,2,0,0,72,78,92,-3,2,2,2,-4
619,Xeno'jiiva Hide β,8,chest,both,1,1,0,72,78,92,-3,2,2,2,-4
620,Xeno'jiiva Claws β,8,arms,both,3,0,0,72,78,92,-3,2,2,2,-4
621,Xeno'jiiva Spine β,8,waist,both,2,1,0,72,78,92,-3,2,2,2,-4
622,Xeno'jiiva Spurs β,8,legs,both,1,1,0,72,78,92,-3,2,2,2,-4
623,Guild Cross Circlet α,8,head,both,1,0,0,62,68,82,0,0,0,0,0
624,Guild Cross Suit α,8,chest,both,1,0,0,62,68,82,0,0,0,0,0
625,Guild Cross Vambraces α,8,arms,both,1,0,0,62,68,82,0,0,0,0,0
626,Guild Cross Coil α,8,waist,both,1,0,0,62,68,82,0,0,0,0,0
627,Guild Cross Boots α,8,legs,both,1,0,0,62,68,82,0,0,0,0,0
628,Guild Cross Circlet β,8,head,both,1,1,1,62,68,82,0,0,0,0,0
629,Guild Cross Suit β,8,chest,both,3,0,0,62,68,82,0,0,0,0,0
630,Guild Cross Vambraces β,8,arms,both,3,0,0,62,68,82,0,0,0,0,0
631,Guild Cross Coil β,8,waist,both,1,1,1,62,68,82,0,0,0,0,0
632,Guild Cross Boots β,8,legs,both,3,0,0,62,68,82,0,0,0,0,0
633,Dragonking Eyepatch α,8,head,both,3,0,0,70,76,90,0,0,0,0,0
634,Commission Gorget α,8,head,both,1,0,0,70,76,90,2,2,2,2,2
635,Commission Jacket α,8,chest,both,0,0,0,70,76,90,2,2,2,2,2
636,Commission Vambraces α,8,arms,both,1,0,0,70,76,90,2,2,2,2,2
637,Commission Belt α,8,waist,both,1,0,0,70,76,90,2,2,2,2,2
638,Commission Pants α,8,legs,both,0,0,0,70,76,90,2,2,2,2,2
639,Commission Gorget β,8,head,both,2,0,0,70,76,90,2,2,2,2,2
640,Commission Jacket β,8,chest,both,1,0,0,70,76,90,2,2,2,2,2
641,Commission Vambraces β,8,arms,both,2,0,0,70,76,90,2,2,2,2,2
642,Commission Belt β,8,waist,both,2,0,0,70,76,90,2,2,2,2,2
643,Commission Pants β,8,legs,both,2,0,0,70,76,90,2,2,2,2,2
644,Vangis Helm α,7,head,both,1,0,0,58,70,84,1,1,-3,2,-3
645,Vangis Mail α,7,chest,both,2,0,0,58,70,84,1,1,-3,2,-3
646,Vangis Vambraces α,7,arms,both,0,0,0,58,70,84,1,1,-3,2,-3
647,Vangis Coil α,7,waist,both,1,0,0,58,70,84,1,1,-3,2,-3
648,Vangis Greaves α,7,legs,both,0,0,0,58,70,84,1,1,-3,2,-3
649,Vangis Helm β,7,head,both,3,1,0,58,70,84,1,1,-3,2,-3
650,Vangis Mail β,7,chest,both,3,0,0,58,70,84,1,1,-3,2,-3
651,Vangis Vambraces β,7,arms,both,2,0,0,58,70,84,1,1,-3,2,-3
652,Vangis Coil β,7,waist,both,3,1,0,58,70,84,1,1,-3,2,-3
653,Vangis Greaves β,7,legs,both,1,1,0,58,70,84,1,1,-3,2,-3
654,Kulve Taroth's Fury α,8,head,both,1,0,0,72,78,92,4,-2,3,-4,-2
655,Kulve Taroth's Ire α,8,chest,both,1,0,0,72,78,92,4,-2,3,-4,-2
656,Kulve Taroth's Rage α,8,arms,both,1,0,0,72,78,92,4,-2,3,-4,-2
657,Kulve Taroth's Malice α,8,waist,both,1,0,0,72,78,92,4,-2,3,-4,-2
658,Kulve Taroth's Wrath α,8,legs,both,1,0,0,72,78,92,4,-2,3,-4,-2
659,Kulve Taroth's Fury β,8,head,both,2,1,0,72,78,92,4,-2,3,-4,-2
660,Kulve Taroth's Ire β,8,chest,both,3,1,0,72,78,92,4,-2,3,-4,-2
661,Kulve Taroth's Rage β,8,arms,both,3,1,0,72,78,92,4,-2,3,-4,-2
662,Kulve Taroth's Malice β,8,waist,both,3,1,0,72,78,92,4,-2,3,-4,-2
663,Kulve Taroth's Wrath β,8,legs,both,2,1,0,72,78,92,4,-2,3,-4,-2
679,Empress Crown α,8,head,both,3,1,0,70,76,90,3,1,1,-3,-2
680,Empress Mail α,8,chest,both,1,1,0,70,76,90,3,1,1,-3,-2
681,Empress Vambraces α,8,arms,both,3,0,0,70,76,90,3,1,1,-3,-2
682,Empress Coil α,8,waist,both,2,1,0,70,76,90,3,1,1,-3,-2
683,Empress Greaves α,8,legs,both,2,1,0,70,76,90,3,1,1,-3,-2
684,Empress Crown β,8,head,both,3,2,0,70,76,90,3,1,1,-3,-2
685,Empress Mail β,8,chest,both,1,1,1,70,76,90,3,1,1,-3,-2
686,Empress Vambraces β,8,arms,both,3,2,0,70,76,90,3,1,1,-3,-2
687,Empress Coil β,8,waist,both,2,2,0,70,76,90,3,1,1,-3,-2
688,Empress Greaves β,8,legs,both,2,2,0,70,76,90,3,1,1,-3,-2
664,Blossom Headgear α,5,head,both,1,1,0,40,62,78,1,1,4,1,1
665,Blossom Vest α,5,chest,both,1,1,0,40,62,78,1,1,4,1,1
666,Blossom Cuffs α,5,arms,both,1,1,0,40,62,78,1,1,4,1,1
667,Blossom Coat α,5,waist,both,1,1,0,40,62,78,1,1,4,1,1
668,Blossom Boots α,5,legs,both,1,1,0,40,62,78,1,1,4,1,1
748,Diver's Mask α,5,head,both,2,0,0,46,68,84,1,4,1,1,1
749,Diver's Suit α,5,chest,both,2,0,0,46,68,84,1,4,1,1,1
750,Diver's Braces α,5,arms,both,2,0,0,46,68,84,1,4,1,1,1
751,Diver's Belt α,5,waist,both,2,0,0,46,68,84,1,4,1,1,1
752,Diver's Boots α,5,legs,both,2,0,0,46,68,84,1,4,1,1,1
703,Harvest Flor α,6,head,both,2,1,0,52,72,84,4,1,1,1,1
704,Harvest Tronco α,6,chest,both,2,1,0,52,72,84,4,1,1,1,1
705,Harvest Trama α,6,arms,both,2,1,0,52,72,84,4,1,1,1,1
706,Harvest Hoja α,6,waist,both,2,1,0,52,72,84,4,1,1,1,1
707,Harvest Raiz α,6,legs,both,2,1,0,52,72,84,4,1,1,1,1
708,Orion Cap α,6,head,both,3,1,0,58,78,90,1,1,1,4,1
709,Orion Vest α,6,chest,both,3,0,0,58,78,90,1,1,1,4,1
710,Orion Vambraces α,6,arms,both,3,1,0,58,78,90,1,1,1,4,1
711,Orion Coat α,6,waist,both,3,1,0,58,78,90,1,1,1,4,1
712,Orion Boots α,6,legs,both,3,1,0,58,78,90,1,1,1,4,1
723,Gala Suit Top Hat α,7,head,both,2,1,1,64,76,90,1,1,1,1,4
724,Gala Suit Jacket α,7,chest,both,2,1,1,64,76,90,1,1,1,1,4
725,Gala Suit Cuffs α,7,arms,both,2,1,1,64,76,90,1,1,1,1,4
726,Gala Suit Tail α,7,waist,both,3,1,1,64,76,90,1,1,1,1,4
732,Gala Suit Slacks α,7,legs,both,3,1,1,64,76,90,1,1,1,1,4
219,Butterfly Vertex α,5,head,male,1,0,0,42,64,80,-1,-1,2,0,2
220,Butterfly Thorax α,5,chest,male,0,0,0,42,64,80,-1,-1,2,0,2
221,Butterfly Brachia α,5,arms,male,0,0,0,42,64,80,-1,-1,2,0,2
222,Butterfly Elytra α,5,waist,male,1,0,0,42,64,80,-1,-1,2,0,2
223,Butterfly Crura α,5,legs,male,0,0,0,42,64,80,-1,-1,2,0,2
224,Butterfly Vertex β,5,head,male,2,0,0,42,64,80,-1,-1,2,0,2
225,Butterfly Thorax β,5,chest,male,1,0,0,42,64,80,-1,-1,2,0,2
226,Butterfly Brachia β,5,arms,male,1,0,0,42,64,80,-1,-1,2,0,2
227,Butterfly Elytra β,5,waist,male,3,0,0,42,64,80,-1,-1,2,0,2
228,Butterfly Crura β,5,legs,male,1,0,0,42,64,80,-1,-1,2,0,2
713,Vaal Hazak Helm γ,8,head,both,3,0,0,72,78,92,-4,4,1,-1,-3
714,Vaal Hazak Mail γ,8,chest,both,3,0,0,72,78,92,-4,4,1,-1,-3
715,Vaal Hazak Braces γ,8,arms,both,3,2,0,72,78,92,-4,4,1,-1,-3
716,Vaal Hazak Coil γ,8,waist,both,2,1,1,72,78,92,-4,4,1,-1,-3
717,Vaal Hazak Greaves γ,8,legs,both,3,1,0,72,78,92,-4,4,1,-1,-3
669,Kirin Horn γ,8,head,both,2,0,0,72,78,92,-3,-2,4,-2,2
670,Kirin Jacket γ,8,chest,both,1,1,0,72,78,92,-3,-2,4,-2,2
671,Kirin Longarms γ,8,arms,both,2,2,0,72,78,92,-3,-2,4,-2,2
672,Kirin Hoop γ,8,waist,both,1,1,0,72,78,92,-3,-2,4,-2,2
673,Kirin Leg Guards γ,8,legs,both,3,0,0,72,78,92,-3,-2,4,-2,2
733,Kaiser Crown γ,8,head,both,2,2,0,72,78,92,3,-3,1,-3,1
734,Kaiser Mail γ,8,chest,both,2,0,0,72,78,92,3,-3,1,-3,1
735,Kaiser Vambraces γ,8,arms,both,3,0,0,72,78,92,3,-3,1,-3,1
736,Kaiser Coil γ,8,waist,both,1,1,0,72,78,92,3,-3,1,-3,1
737,Kaiser Greaves γ,8,legs,both,3,1,0,72,78,92,3,-3,1,-3,1
753,Kushala Glare γ,8,head,both,2,0,0,72,78,92,0,2,-3,4,-2
754,Kushala Cista γ,8,chest,both,2,0,0,72,78,92,0,2,-3,4,-2
755,Kushala Grip γ,8,arms,both,1,1,1,72,78,92,0,2,-3,4,-2
756,Kushala Cocoon γ,8,waist,both,1,1,0,72,78,92,0,2,-3,4,-2
757,Kushala Crus γ,8,legs,both,3,0,0,72,78,92,0,2,-3,4,-2
778,Nergigante Helm γ,8,head,both,2,2,0,72,78,92,1,1,-3,1,-3
779,Nergigante Mail γ,8,chest,both,3,2,1,72,78,92,1,1,-3,1,-3
780,Nergigante Vambraces γ,8,arms,both,2,1,1,72,78,92,1,1,-3,1,-3
781,Nergigante Coil γ,8,waist,both,3,1,0,72,78,92,1,1,-3,1,-3
782,Nergigante Greaves γ,8,legs,both,2,2,0,72,78,92,1,1,-3,1,-3
763,Zorah Headgear γ,8,head,both,2,0,0,72,78,92,4,-3,-1,-2,-3
764,Zorah Hide γ,8,chest,both,1,1,1,72,78,92,4,-3,-1,-2,-3
765,Zorah Claws γ,8,arms,both,3,1,0,72,78,92,4,-3,-1,-2,-3
766,Zorah Spine γ,8,waist,both,3,2,0,72,78,92,4,-3,-1,-2,-3
767,Zorah Spurs γ,8,legs,both,3,2,0,72,78,92,4,-3,-1,-2,-3
768,Xeno'jiiva Headgear γ,8,head,both,2,1,1,72,78,92,-3,2,2,2,-4
769,Xeno'jiiva Hide γ,8,chest,both,1,1,0,72,78,92,-3,2,2,2,-4
770,Xeno'jiiva Claws γ,8,arms,both,2,2,1,72,78,92,-3,2,2,2,-4
771,Xeno'jiiva Spine γ,8,waist,both,3,1,0,72,78,92,-3,2,2,2,-4
772,Xeno'jiiva Spurs γ,8,legs,both,2,1,1,72,78,92,-3,2,2,2,-4
758,Empress Crown γ,8,head,both,1,1,1,70,76,90,3,1,1,-3,-2
759,Empress Mail γ,8,chest,both,3,0,0,70,76,90,3,1,1,-3,-2
760,Empress Vambraces γ,8,arms,both,3,1,0,70,76,90,3,1,1,-3,-2
761,Empress Coil γ,8,waist,both,3,0,0,70,76,90,3,1,1,-3,-2
762,Empress Greaves γ,8,legs,both,3,0,0,70,76,90,3,1,1,-3,-2
773,Kulve Taroth's Fury γ,8,head,both,3,1,1,72,78,92,4,-2,3,-4,-2
774,Kulve Taroth's Ire γ,8,chest,both,1,0,0,72,78,92,4,-2,3,-4,-2
775,Kulve Taroth's Rage γ,8,arms,both,1,0,0,72,78,92,4,-2,3,-4,-2
776,Kulve Taroth's Malice γ,8,waist,both,3,0,0,72,78,92,4,-2,3,-4,-2
777,Kulve Taroth's Wrath γ,8,legs,both,3,1,0,72,78,92,4,-2,3,-4,-2
738,Azure Starlord Crown α,7,head,both,3,0,0,56,68,82,2,2,0,0,3
739,Azure Starlord Armor α,7,chest,both,2,0,0,56,68,82,2,2,0,0,3
740,Azure Starlord Gauntlets α,7,arms,both,3,0,0,56,68,82,2,2,0,0,3
741,Azure Starlord Tassets α,7,waist,both,2,0,0,56,68,82,2,2,0,0,3
742,Azure Starlord Guards α,7,legs,both,3,0,0,56,68,82,2,2,0,0,3
674,Dante's Hair α,8,head,both,1,0,0,64,70,84,3,-3,3,-3,3
675,Dante's Coat α,8,chest,both,3,0,0,64,70,84,3,-3,3,-3,3
676,Dante's Gloves α,8,arms,both,3,0,0,64,70,84,3,-3,3,-3,3
677,Dante's Belt α,8,waist,both,3,0,0,64,70,84,3,-3,3,-3,3
678,Dante's Leather Boots α,8,legs,both,1,1,0,64,70,84,3,-3,3,-3,3
718,Drachen Armet α,8,head,both,3,1,0,72,78,92,-2,-2,3,-2,4
719,Drachen Mail α,8,chest,both,3,0,0,72,78,92,-2,-2,3,-2,4
720,Drachen Vambraces α,8,arms,both,2,2,0,72,78,92,-2,-2,3,-2,4
721,Drachen Coil α,8,waist,both,3,0,0,72,78,92,-2,-2,3,-2,4
722,Drachen Greaves α,8,legs,both,2,0,0,72,78,92,-2,-2,3,-2,4
689,Sealed Eyepatch α,5,head,both,2,1,0,46,68,84,3,2,0,2,0
690,Shadow Shades α,5,head,both,1,1,1,46,68,84,4,0,4,2,0
691,Kulu-Ya-Ku Head α,5,head,both,3,1,0,46,68,84,2,0,2,3,2
692,Wiggler Head α,5,head,both,1,1,0,46,68,84,0,4,0,0,4
783,Bone Helm α+,9,head,both,3,0,0,114,152,172,2,0,2,0,2
784,Bone Mail α+,9,chest,both,2,0,0,114,152,172,2,0,2,0,2
785,Bone Vambraces α+,9,arms,both,2,0,0,114,152,172,2,0,2,0,2
786,Bone Coil α+,9,waist,both,3,0,0,114,152,172,2,0,2,0,2
787,Bone Greaves α+,9,legs,both,3,0,0,114,152,172,2,0,2,0,2
788,Bone Helm β+,9,head,both,4,0,0,114,152,172,2,0,2,0,2
789,Bone Mail β+,9,chest,both,4,1,0,114,152,172,2,0,2,0,2
790,Bone Vambraces β+,9,arms,both,4,1,0,114,152,172,2,0,2,0,2
791,Bone Coil β+,9,waist,both,4,1,0,114,152,172,2,0,2,0,2
792,Bone Greaves β+,9,legs,both,4,0,0,114,152,172,2,0,2,0,2
793,Alloy Helm α+,9,head,both,2,0,0,114,152,172,-2,0,-2,-2,0
794,Alloy Mail α+,9,chest,both,3,0,0,114,152,172,-2,0,-2,-2,0
795,Alloy Vambraces α+,9,arms,both,3,0,0,114,152,172,-2,0,-2,-2,0
796,Alloy Coil α+,9,waist,both,3,0,0,114,152,172,-2,0,-2,-2,0
797,Alloy Greaves α+,9,legs,both,3,0,0,114,152,172,-2,0,-2,-2,0
798,Alloy Helm β+,9,head,both,4,1,0,114,152,172,-2,0,-2,-2,0
799,Alloy Mail β+,9,chest,both,4,1,0,114,152,172,-2,0,-2,-2,0
800,Alloy Vambraces β+,9,arms,both,4,1,0,114,152,172,-2,0,-2,-2,0
801,Alloy Coil β+,9,waist,both,4,0,0,114,152,172,-2,0,-2,-2,0
802,Alloy Greaves β+,9,legs,both,4,0,0,114,152,172,-2,0,-2,-2,0
803,Vespoid Helm α+,9,head,both,3,0,0,116,154,174,-2,1,1,1,2
804,Vespoid Mail α+,9,chest,both,2,1,0,116,154,174,-2,1,1,1,2
805,Vespoid Vambraces α+,9,arms,both,3,0,0,116,154,174,-2,1,1,1,2
806,Vespoid Coil α+,9,waist,both,3,0,0,116,154,174,-2,1,1,1,2
807,Vespoid Greaves α+,9,legs,both,3,0,0,116,154,174,-2,1,1,1,2
808,Vespoid Helm β+,9,head,both,4,1,0,116,154,174,-2,1,1,1,2
809,Vespoid Mail β+,9,chest,both,4,1,0,116,154,174,-2,1,1,1,2
810,Vespoid Vambraces β+,9,arms,both,4,1,0,116,154,174,-2,1,1,1,2
811,Vespoid Coil β+,9,waist,both,4,1,0,116,154,174,-2,1,1,1,2
812,Vespoid Greaves β+,9,legs,both,4,1,0,116,154,174,-2,1,1,1,2
813,Hornetaur Helm α+,9,head,both,2,0,0,116,154,174,-1,-1,0,0,2
814,Hornetaur Mail α+,9,chest,both,2,1,0,116,154,174,-1,-1,0,0,2
815,Hornetaur Vambraces α+,9,arms,both,3,0,0,116,154,174,-1,-1,0,0,2
816,Hornetaur Coil α+,9,waist,both,2,0,0,116,154,174,-1,-1,0,0,2
817,Hornetaur Greaves α+,9,legs,both,2,1,0,116,154,174,-1,-1,0,0,2
818,Hornetaur Helm β+,9,head,both,4,0,0,116,154,174,-1,-1,0,0,2
819,Hornetaur Mail β+,9,chest,both,4,2,1,116,154,174,-1,-1,0,0,2
820,Hornetaur Vambraces β+,9,arms,both,4,2,0,116,154,174,-1,-1,0,0,2
821,Hornetaur Coil β+,9,waist,both,4,1,0,116,154,174,-1,-1,0,0,2
822,Hornetaur Greaves β+,9,legs,both,4,1,0,116,154,174,-1,-1,0,0,2
823,Kestodon Guards α+,9,arms,both,1,1,0,116,154,174,4,0,0,0,0
824,Kestodon Guards β+,9,arms,both,4,1,0,116,154,174,4,0,0,0,0
825,Gajau Boots α+,9,legs,both,2,1,0,116,154,174,0,5,0,0,0
826,Gajau Boots β+,9,legs,both,4,1,0,116,154,174,0,5,0,0,0
827,Shamos Goggles α+,9,head,both,2,1,0,116,154,174,2,2,0,-3,0
828,Shamos Goggles β+,9,head,both,4,2,0,116,154,174,2,2,0,-3,0
829,Gastodon Horn α+,9,head,both,1,0,0,116,154,174,3,0,0,0,0
830,Gastodon Horn β+,9,head,both,4,1,0,116,154,174,3,0,0,0,0
831,Barnos Jacket α+,9,chest,both,2,2,0,116,154,174,1,1,0,1,-2
832,Barnos Jacket β+,9,chest,both,4,2,0,116,154,174,1,1,0,1,-2
833,Wulg Scarf α+,9,head,both,2,1,0,116,154,174,-3,2,-2,3,2
834,Wulg Scarf β+,9,head,both,4,1,0,116,154,174,-3,2,-2,3,2
835,Cortos Cape α+,9,chest,both,1,1,0,116,154,174,-3,2,0,2,0
836,Cortos Cape β+,9,chest,both,4,0,0,116,154,174,-3,2,0,2,0
837,Jagras Helm α+,9,head,both,2,0,0,116,154,174,-2,2,-1,-1,1
838,Jagras Mail α+,9,chest,both,3,0,0,116,154,174,-2,2,-1,-1,1
839,Jagras Vambraces α+,9,arms,both,2,0,0,116,154,174,-2,2,-1,-1,1
840,Jagras Coil α+,9,waist,both,2,1,0,116,154,174,-2,2,-1,-1,1
841,Jagras Greaves α+,9,legs,both,2,1,0,116,154,174,-2,2,-1,-1,1
842,Jagras Helm β+,9,head,both,4,1,0,116,154,174,-2,2,-1,-1,1
843,Jagras Mail β+,9,chest,both,4,0,0,116,154,174,-2,2,-1,-1,1
844,Jagras Vambraces β+,9,arms,both,4,0,0,116,154,174,-2,2,-1,-1,1
845,Jagras Coil β+,9,waist,both,4,1,0,116,154,174,-2,2,-1,-1,1
846,Jagras Greaves β+,9,legs,both,4,1,0,116,154,174,-2,2,-1,-1,1
847,Tzitzi Headgear α+,9,head,both,2,1,0,116,154,174,0,0,-3,-2,0
848,Tzitzi Mail α+,9,chest,both,1,1,0,116,154,174,0,0,-3,-2,0
849,Tzitzi Vambraces α+,9,arms,both,2,0,0,116,154,174,0,0,-3,-2,0
850,Tzitzi Coil α+,9,waist,both,2,0,0,116,154,174,0,0,-3,-2,0
851,Tzitzi Greaves α+,9,legs,both,3,0,0,116,154,174,0,0,-3,-2,0
852,Tzitzi Headgear β+,9,head,both,4,1,0,116,154,174,0,0,-3,-2,0
853,Tzitzi Mail β+,9,chest,both,4,1,0,116,154,174,0,0,-3,-2,0
854,Tzitzi Vambraces β+,9,arms,both,4,0,0,116,154,174,0,0,-3,-2,0
855,Tzitzi Coil β+,9,waist,both,4,1,0,116,154,174,0,0,-3,-2,0
856,Tzitzi Greaves β+,9,legs,both,4,0,0,116,154,174,0,0,-3,-2,0
857,Girros Headgear α+,9,head,both,2,0,0,116,154,174,0,-3,2,0,1
858,Girros Mail α+,9,chest,both,2,0,0,116,154,174,0,-3,2,0,1
859,Girros Vambraces α+,9,arms,both,1,0,0,116,154,174,0,-3,2,0,1
860,Girros Coil α+,9,waist,both,3,0,0,116,154,174,0,-3,2,0,1
861,Girros Greaves α+,9,legs,both,1,0,0,116,154,174,0,-3,2,0,1
862,Girros Headgear β+,9,head,both,4,0,0,116,154,174,0,-3,2,0,1
863,Girros Mail β+,9,chest,both,4,2,0,116,154,174,0,-3,2,0,1
864,Girros Vambraces β+,9,arms,both,4,0,0,116,154,174,0,-3,2,0,1
865,Girros Coil β+,9,waist,both,4,2,0,116,154,174,0,-3,2,0,1
866,Girros Greaves β+,9,legs,both,4,0,0,116,154,174,0,-3,2,0,1
867,Dodogama Helm α+,9,head,both,3,0,0,120,158,178,2,0,-3,0,2
868,Dodogama Mail α+,9,chest,both,2,0,0,120,158,178,2,0,-3,0,2
869,Dodogama Vambraces α+,9,arms,both,2,0,0,120,158,178,2,0,-3,0,2
870,Dodogama Coil α+,9,waist,both,2,1,0,120,158,178,2,0,-3,0,2
871,Dodogama Greaves α+,9,legs,both,2,1,0,120,158,178,2,0,-3,0,2
872,Dodogama Helm β+,9,head,both,4,0,0,120,158,178,2,0,-3,0,2
873,Dodogama Mail β+,9,chest,both,4,0,0,120,158,178,2,0,-3,0,2
874,Dodogama Vambraces β+,9,arms,both,4,0,0,120,158,178,2,0,-3,0,2
875,Dodogama Coil β+,9,waist,both,4,1,0,120,158,178,2,0,-3,0,2
876,Dodogama Greaves β+,9,legs,both,4,1,0,120,158,178,2,0,-3,0,2
877,Kulu Headpiece α+,9,head,both,1,0,0,116,154,174,0,-3,0,1,0
878,Kulu Mail α+,9,chest,both,2,0,0,116,154,174,0,-3,0,1,0
879,Kulu Vambraces α+,9,arms,both,1,1,0,116,154,174,0,-3,0,1,0
880,Kulu Coil α+,9,waist,both,3,0,0,116,154,174,0,-3,0,1,0
881,Kulu Greaves α+,9,legs,both,2,0,0,116,154,174,0,-3,0,1,0
882,Kulu Headpiece β+,9,head,both,4,0,0,116,154,174,0,-3,0,1,0
883,Kulu Mail β+,9,chest,both,4,0,0,116,154,174,0,-3,0,1,0
884,Kulu Vambraces β+,9,arms,both,4,0,0,116,154,174,0,-3,0,1,0
885,Kulu Coil β+,9,waist,both,4,1,0,116,154,174,0,-3,0,1,0
886,Kulu Greaves β+,9,legs,both,4,0,0,116,154,174,0,-3,0,1,0
887,Pukei Hat α+,9,head,both,2,2,0,118,156,176,0,3,-3,0,1
888,Pukei Mail α+,9,chest,both,2,0,0,118,156,176,0,3,-3,0,1
889,Pukei Vambraces α+,9,arms,both,1,0,0,118,156,176,0,3,-3,0,1
890,Pukei Coil α+,9,waist,both,3,0,0,118,156,176,0,3,-3,0,1
891,Pukei Greaves α+,9,legs,both,3,0,0,118,156,176,0,3,-3,0,1
892,Pukei Hat β+,9,head,both,4,1,1,118,156,176,0,3,-3,0,1
893,Pukei Mail β+,9,chest,both,4,0,0,118,156,176,0,3,-3,0,1
894,Pukei Vambraces β+,9,arms,both,4,0,0,118,156,176,0,3,-3,0,1
895,Pukei Coil β+,9,waist,both,4,1,0,118,156,176,0,3,-3,0,1
896,Pukei Greaves β+,9,legs,both,4,2,0,118,156,176,0,3,-3,0,1
897,Pukei Lagoon Hat α+,9,head,both,1,0,0,132,170,190,0,3,-2,-3,0
898,Pukei Lagoon Mail α+,9,chest,both,2,0,0,132,170,190,0,3,-2,-3,0
899,Pukei Lagoon Braces α+,9,arms,both,1,0,0,132,170,190,0,3,-2,-3,0
900,Pukei Lagoon Coil α+,9,waist,both,2,0,0,132,170,190,0,3,-2,-3,0
901,Pukei Lagoon Greaves α+,9,legs,both,1,0,0,132,170,190,0,3,-2,-3,0
902,Pukei Lagoon Hat β+,9,head,both,4,0,0,132,170,190,0,3,-2,-3,0
903,Pukei Lagoon Mail β+,9,chest,both,4,1,0,132,170,190,0,3,-2,-3,0
904,Pukei Lagoon Braces β+,9,arms,both,4,1,0,132,170,190,0,3,-2,-3,0
905,Pukei Lagoon Coil β+,9,waist,both,4,0,0,132,170,190,0,3,-2,-3,0
906,Pukei Lagoon Greaves β+,9,legs,both,4,1,0,132,170,190,0,3,-2,-3,0
907,Barroth Helm α+,9,head,both,2,0,0,118,156,176,-3,-1,3,-1,0
908,Barroth Mail α+,9,chest,both,1,1,0,118,156,176,-3,-1,3,-1,0
909,Barroth Vambraces α+,9,arms,both,3,1,0,118,156,176,-3,-1,3,-1,0
910,Barroth Coil α+,9,waist,both,1,0,0,118,156,176,-3,-1,3,-1,0
911,Barroth Greaves α+,9,legs,both,3,1,0,118,156,176,-3,-1,3,-1,0
912,Barroth Helm β+,9,head,both,4,1,0,118,156,176,-3,-1,3,-1,0
913,Barroth Mail β+,9,chest,both,4,1,0,118,156,176,-3,-1,3,-1,0
914,Barroth Vambraces β+,9,arms,both,4,2,0,118,156,176,-3,-1,3,-1,0
915,Barroth Coil β+,9,waist,both,4,0,0,118,156,176,-3,-1,3,-1,0
916,Barroth Greaves β+,9,legs,both,4,2,1,118,156,176,-3,-1,3,-1,0
917,Jyura Helm α+,9,head,both,1,1,0,118,156,176,-1,2,-3,0,0
918,Jyura Mail α+,9,chest,both,2,0,0,118,156,176,-1,2,-3,0,0
919,Jyura Vambraces α+,9,arms,both,2,1,0,118,156,176,-1,2,-3,0,0
920,Jyura Coil α+,9,waist,both,3,0,0,118,156,176,-1,2,-3,0,0
921,Jyura Greaves α+,9,legs,both,2,0,0,118,156,176,-1,2,-3,0,0
922,Jyura Helm β+,9,head,both,4,1,0,118,156,176,-1,2,-3,0,0
923,Jyura Mail β+,9,chest,both,4,0,0,118,156,176,-1,2,-3,0,0
924,Jyura Vambraces β+,9,arms,both,4,2,0,118,156,176,-1,2,-3,0,0
925,Jyura Coil β+,9,waist,both,4,1,0,118,156,176,-1,2,-3,0,0
926,Jyura Greaves β+,9,legs,both,4,1,0,118,156,176,-1,2,-3,0,0
927,Beo Helm α+,9,head,both,2,0,0,118,156,176,-3,0,-2,3,2
928,Beo Mail α+,9,chest,both,3,0,0,118,156,176,-3,0,-2,3,2
929,Beo Vambraces α+,9,arms,both,3,0,0,118,156,176,-3,0,-2,3,2
930,Beo Coil α+,9,waist,both,2,0,0,118,156,176,-3,0,-2,3,2
931,Beo Greaves α+,9,legs,both,2,0,0,118,156,176,-3,0,-2,3,2
932,Beo Helm β+,9,head,both,4,1,0,118,156,176,-3,0,-2,3,2
933,Beo Mail β+,9,chest,both,4,2,0,118,156,176,-3,0,-2,3,2
934,Beo Vambraces β+,9,arms,both,4,0,0,118,156,176,-3,0,-2,3,2
935,Beo Coil β+,9,waist,both,4,1,0,118,156,176,-3,0,-2,3,2
936,Beo Greaves β+,9,legs,both,4,0,0,118,156,176,-3,0,-2,3,2
937,Kadachi Hat α+,9,head,both,2,0,0,120,158,178,0,-3,3,0,0
938,Kadachi Mail α+,9,chest,both,2,1,0,120,158,178,0,-3,3,0,0
939,Kadachi Vambraces α+,9,arms,both,2,0,0,120,158,178,0,-3,3,0,0
940,Kadachi Coil α+,9,waist,both,3,1,0,120,158,178,0,-3,3,0,0
941,Kadachi Greaves α+,9,legs,both,3,1,0,120,158,178,0,-3,3,0,0
942,Kadachi Hat β+,9,head,both,4,1,0,120,158,178,0,-3,3,0,0
943,Kadachi Mail β+,9,chest,both,4,2,0,120,158,178,0,-3,3,0,0
944,Kadachi Vambraces β+,9,arms,both,4,2,0,120,158,178,0,-3,3,0,0
945,Kadachi Coil β+,9,waist,both,4,1,0,120,158,178,0,-3,3,0,0
946,Kadachi Greaves β+,9,legs,both,4,1,1,120,158,178,0,-3,3,0,0
947,Viper Kadachi Hat α+,9,head,both,1,0,0,132,170,190,1,3,-3,-2,1
948,Viper Kadachi Mail α+,9,chest,both,1,1,0,132,170,190,1,3,-3,-2,1
949,Viper Kadachi Braces α+,9,arms,both,2,0,0,132,170,190,1,3,-3,-2,1
950,Viper Kadachi Coil α+,9,waist,both,2,0,0,132,170,190,1,3,-3,-2,1
951,Viper Kadachi Greaves α+,9,legs,both,2,0,0,132,170,190,1,3,-3,-2,1
952,Viper Kadachi Hat β+,9,head,both,4,0,0,132,170,190,1,3,-3,-2,1
953,Viper Kadachi Mail β+,9,chest,both,4,1,0,132,170,190,1,3,-3,-2,1
954,Viper Kadachi Braces β+,9,arms,both,4,0,0,132,170,190,1,3,-3,-2,1
955,Viper Kadachi Coil β+,9,waist,both,4,1,0,132,170,190,1,3,-3,-2,1
956,Viper Kadachi Greaves β+,9,legs,both,4,1,0,132,170,190,1,3,-3,-2,1
957,High Metal Helm α+,9,head,both,2,0,0,128,166,186,0,-1,-2,3,0
958,High Metal Mail α+,9,chest,both,2,0,0,128,166,186,0,-1,-2,3,0
959,High Metal Braces α+,9,arms,both,2,1,0,128,166,186,0,-1,-2,3,0
960,High Metal Coil α+,9,waist,both,2,2,0,128,166,186,0,-1,-2,3,0
961,High Metal Greaves α+,9,legs,both,2,2,1,128,166,186,0,-1,-2,3,0
962,High Metal Helm β+,9,head,both,4,1,0,128,166,186,0,-1,-2,3,0
963,High Metal Mail β+,9,chest,both,4,1,0,128,166,186,0,-1,-2,3,0
964,High Metal Braces β+,9,arms,both,4,1,0,128,166,186,0,-1,-2,3,0
965,High Metal Coil β+,9,waist,both,4,2,0,128,166,186,0,-1,-2,3,0
966,High Metal Greaves β+,9,legs,both,4,3,0,128,166,186,0,-1,-2,3,0
967,Banbaro Helm α+,9,head,both,2,0,0,130,168,188,-2,2,-1,3,-3
968,Banbaro Mail α+,9,chest,both,3,0,0,130,168,188,-2,2,-1,3,-3
969,Banbaro Vambraces α+,9,arms,both,2,0,0,130,168,188,-2,2,-1,3,-3
970,Banbaro Coil α+,9,waist,both,3,0,0,130,168,188,-2,2,-1,3,-3
971,Banbaro Greaves α+,9,legs,both,3,0,0,130,168,188,-2,2,-1,3,-3
972,Banbaro Helm β+,9,head,both,4,1,0,130,168,188,-2,2,-1,3,-3
973,Banbaro Mail β+,9,chest,both,4,1,0,130,168,188,-2,2,-1,3,-3
974,Banbaro Vambraces β+,9,arms,both,4,0,0,130,168,188,-2,2,-1,3,-3
975,Banbaro Coil β+,9,waist,both,4,1,0,130,168,188,-2,2,-1,3,-3
976,Banbaro Greaves β+,9,legs,both,4,1,0,130,168,188,-2,2,-1,3,-3
977,Anja Helm α+,9,head,both,3,0,0,132,170,190,3,-3,-1,-1,0
978,Anja Mail α+,9,chest,both,1,1,0,132,170,190,3,-3,-1,-1,0
979,Anja Vambraces α+,9,arms,both,2,0,0,132,170,190,3,-3,-1,-1,0
980,Anja Coil α+,9,waist,both,3,1,0,132,170,190,3,-3,-1,-1,0
981,Anja Greaves α+,9,legs,both,2,0,0,132,170,190,3,-3,-1,-1,0
982,Anja Helm β+,9,head,both,4,0,0,132,170,190,3,-3,-1,-1,0
983,Anja Mail β+,9,chest,both,4,1,0,132,170,190,3,-3,-1,-1,0
984,Anja Vambraces β+,9,arms,both,4,0,0,132,170,190,3,-3,-1,-1,0
985,Anja Coil β+,9,waist,both,4,2,0,132,170,190,3,-3,-1,-1,0
986,Anja Greaves β+,9,legs,both,4,1,0,132,170,190,3,-3,-1,-1,0
987,Fulgur Helm α+,11,head,both,2,1,0,146,170,190,-1,-1,2,-3,0
988,Fulgur Mail α+,11,chest,both,3,0,0,146,170,190,-1,-1,2,-3,0
989,Fulgur Vambraces α+,11,arms,both,2,0,0,146,170,190,-1,-1,2,-3,0
990,Fulgur Coil α+,11,waist,both,1,0,0,146,170,190,-1,-1,2,-3,0
991,Fulgur Greaves α+,11,legs,both,2,1,0,146,170,190,-1,-1,2,-3,0
992,Fulgur Helm β+,11,head,both,4,2,0,146,170,190,-1,-1,2,-3,0
993,Fulgur Mail β+,11,chest,both,4,0,0,146,170,190,-1,-1,2,-3,0
994,Fulgur Vambraces β+,11,arms,both,4,2,0,146,170,190,-1,-1,2,-3,0
995,Fulgur Coil β+,11,waist,both,4,1,0,146,170,190,-1,-1,2,-3,0
996,Fulgur Greaves β+,11,legs,both,4,1,0,146,170,190,-1,-1,2,-3,0
997,Rathian Helm α+,9,head,both,3,0,0,130,168,188,2,0,-2,0,-3
998,Rathian Mail α+,9,chest,both,2,2,0,130,168,188,2,0,-2,0,-3
999,Rathian Vambraces α+,9,arms,both,3,0,0,130,168,188,2,0,-2,0,-3
1000,Rathian Coil α+,9,waist,both,3,2,0,130,168,188,2,0,-2,0,-3
1001,Rathian Greaves α+,9,legs,both,3,0,0,130,168,188,2,0,-2,0,-3
1002,Rathian Helm β+,9,head,both,4,0,0,130,168,188,2,0,-2,0,-3
1003,Rathian Mail β+,9,chest,both,4,2,0,130,168,188,2,0,-2,0,-3
1004,Rathian Vambraces β+,9,arms,both,4,0,0,130,168,188,2,0,-2,0,-3
1005,Rathian Coil β+,9,waist,both,4,2,0,130,168,188,2,0,-2,0,-3
1006,Rathian Greaves β+,9,legs,both,4,0,0,130,168,188,2,0,-2,0,-3
1007,Rath Heart Helm α+,9,head,both,3,0,0,132,170,190,3,0,-3,0,-4
1008,Rath Heart Mail α+,9,chest,both,2,0,0,132,170,190,3,0,-3,0,-4
1009,Rath Heart Braces α+,9,arms,both,2,0,0,132,170,190,3,0,-3,0,-4
1010,Rath Heart Coil α+,9,waist,both,3,0,0,132,170,190,3,0,-3,0,-4
1011,Rath Heart Greaves α+,9,legs,both,2,1,0,132,170,190,3,0,-3,0,-4
1012,Rath Heart Helm β+,9,head,both,4,1,0,132,170,190,3,0,-3,0,-4
1013,Rath Heart Mail β+,9,chest,both,4,1,1,132,170,190,3,0,-3,0,-4
1014,Rath Heart Braces β+,9,arms,both,4,2,0,132,170,190,3,0,-3,0,-4
1015,Rath Heart Coil β+,9,waist,both,4,0,0,132,170,190,3,0,-3,0,-4
1016,Rath Heart Greaves β+,9,legs,both,4,2,0,132,170,190,3,0,-3,0,-4
1017,Lumu Hat α+,9,head,both,3,0,0,130,168,188,-3,2,0,1,0
1018,Lumu Mail α+,9,chest,both,3,1,0,130,168,188,-3,2,0,1,0
1019,Lumu Vambraces α+,9,arms,both,2,2,0,130,168,188,-3,2,0,1,0
1020,Lumu Coil α+,9,waist,both,2,2,0,130,168,188,-3,2,0,1,0
1021,Lumu Greaves α+,9,legs,both,3,0,0,130,168,188,-3,2,0,1,0
1022,Lumu Hat β+,9,head,both,4,1,0,130,168,188,-3,2,0,1,0
1023,Lumu Mail β+,9,chest,both,4,1,0,130,168,188,-3,2,0,1,0
1024,Lumu Vambraces β+,9,arms,both,4,1,0,130,168,188,-3,2,0,1,0
1025,Lumu Coil β+,9,waist,both,4,1,0,130,168,188,-3,2,0,1,0
1026,Lumu Greaves β+,9,legs,both,4,1,0,130,168,188,-3,2,0,1,0
1027,Lumu Phantasm Hood α+,9,head,both,1,1,0,132,170,190,-3,-3,2,1,1
1028,Lumu Phantasm Mail α+,9,chest,both,2,0,0,132,170,190,-3,-3,2,1,1
1029,Lumu Phantasm Braces α+,9,arms,both,2,0,0,132,170,190,-3,-3,2,1,1
1030,Lumu Phantasm Coil α+,9,waist,both,2,0,0,132,170,190,-3,-3,2,1,1
1031,Lumu Phantasm Greaves α+,9,legs,both,3,0,0,132,170,190,-3,-3,2,1,1
1032,Lumu Phantasm Hood β+,9,head,both,4,0,0,132,170,190,-3,-3,2,1,1
1033,Lumu Phantasm Mail β+,9,chest,both,4,1,0,132,170,190,-3,-3,2,1,1
1034,Lumu Phantasm Braces β+,9,arms,both,4,0,0,132,170,190,-3,-3,2,1,1
1035,Lumu Phantasm Coil β+,9,waist,both,4,0,0,132,170,190,-3,-3,2,1,1
1036,Lumu Phantasm Greaves β+,9,legs,both,4,1,0,132,170,190,-3,-3,2,1,1
1037,Baan Helm α+,9,head,both,1,1,0,134,172,192,0,2,0,-1,-2
1038,Baan Mail α+,9,chest,both,3,0,0,134,172,192,0,2,0,-1,-2
1039,Baan Vambraces α+,9,arms,both,2,0,0,134,172,192,0,2,0,-1,-2
1040,Baan Coil α+,9,waist,both,1,0,0,134,172,192,0,2,0,-1,-2
1041,Baan Greaves α+,9,legs,both,2,0,0,134,172,192,0,2,0,-1,-2
1042,Baan Helm β+,9,head,both,4,0,0,134,172,192,0,2,0,-1,-2
1043,Baan Mail β+,9,chest,both,4,0,0,134,172,192,0,2,0,-1,-2
1044,Baan Vambraces β+,9,arms,both,4,0,0,134,172,192,0,2,0,-1,-2
1045,Baan Coil β+,9,waist,both,4,0,0,134,172,192,0,2,0,-1,-2
1046,Baan Greaves β+,9,legs,both,4,1,0,134,172,192,0,2,0,-1,-2
1047,Artian Helm α+,10,head,both,2,0,0,142,174,194,1,-2,-2,2,3
1048,Artian Mail α+,10,chest,both,1,0,0,142,174,194,1,-2,-2,2,3
1049,Artian Vambraces α+,10,arms,both,1,1,0,142,174,194,1,-2,-2,2,3
1050,Artian Coil α+,10,waist,both,1,1,0,142,174,194,1,-2,-2,2,3
1051,Artian Greaves α+,10,legs,both,1,1,0,142,174,194,1,-2,-2,2,3
1052,Artian Helm β+,10,head,both,4,1,0,142,174,194,1,-2,-2,2,3
1053,Artian Mail β+,10,chest,both,4,0,0,142,174,194,1,-2,-2,2,3
1054,Artian Vambraces β+,10,arms,both,4,0,0,142,174,194,1,-2,-2,2,3
1055,Artian Coil β+,10,waist,both,4,1,0,142,174,194,1,-2,-2,2,3
1056,Artian Greaves β+,10,legs,both,4,0,0,142,174,194,1,-2,-2,2,3
1057,Clockwork Helm α+,10,head,both,1,1,0,142,174,194,2,2,2,-1,-1
1058,Clockwork Mail α+,10,chest,both,1,1,0,142,174,194,2,2,2,-1,-1
1059,Clockwork Braces α+,10,arms,both,2,0,0,142,174,194,2,2,2,-1,-1
1060,Clockwork Coil α+,10,waist,both,2,0,0,142,174,194,2,2,2,-1,-1
1061,Clockwork Greaves α+,10,legs,both,1,1,0,142,174,194,2,2,2,-1,-1
1062,Clockwork Helm β+,10,head,both,4,1,0,142,174,194,2,2,2,-1,-1
1063,Clockwork Mail β+,10,chest,both,4,1,0,142,174,194,2,2,2,-1,-1
1064,Clockwork Braces β+,10,arms,both,4,0,0,142,174,194,2,2,2,-1,-1
1065,Clockwork Coil β+,10,waist,both,4,1,0,142,174,194,2,2,2,-1,-1
1066,Clockwork Greaves β+,10,legs,both,4,0,0,142,174,194,2,2,2,-1,-1
1067,Ingot Helm α+,10,head,both,2,0,0,136,168,188,-2,0,3,-1,0
1068,Ingot Mail α+,10,chest,both,3,0,0,136,168,188,-2,0,3,-1,0
1069,Ingot Vambraces α+,10,arms,both,2,1,0,136,168,188,-2,0,3,-1,0
1070,Ingot Coil α+,10,waist,both,2,0,0,136,168,188,-2,0,3,-1,0
1071,Ingot Greaves α+,10,legs,both,2,0,0,136,168,188,-2,0,3,-1,0
1072,Ingot Helm β+,10,head,both,4,2,0,136,168,188,-2,0,3,-1,0
1073,Ingot Mail β+,10,chest,both,4,0,0,136,168,188,-2,0,3,-1,0
1074,Ingot Vambraces β+,10,arms,both,4,0,0,136,168,188,-2,0,3,-1,0
1075,Ingot Coil β+,10,waist,both,4,1,0,136,168,188,-2,0,3,-1,0
1076,Ingot Greaves β+,10,legs,both,4,0,0,136,168,188,-2,0,3,-1,0
1077,Barioth Helm α+,10,head,both,1,1,0,138,170,190,-3,2,-2,3,0
1078,Barioth Mail α+,10,chest,both,3,0,0,138,170,190,-3,2,-2,3,0
1079,Barioth Vambraces α+,10,arms,both,2,0,0,138,170,190,-3,2,-2,3,0
1080,Barioth Faulds α+,10,waist,both,3,0,0,138,170,190,-3,2,-2,3,0
1081,Barioth Greaves α+,10,legs,both,1,1,0,138,170,190,-3,2,-2,3,0
1082,Barioth Helm β+,10,head,both,4,1,0,138,170,190,-3,2,-2,3,0
1083,Barioth Mail β+,10,chest,both,4,1,0,138,170,190,-3,2,-2,3,0
1084,Barioth Vambraces β+,10,arms,both,4,0,0,138,170,190,-3,2,-2,3,0
1085,Barioth Faulds β+,10,waist,both,4,0,0,138,170,190,-3,2,-2,3,0
1086,Barioth Greaves β+,10,legs,both,4,1,0,138,170,190,-3,2,-2,3,0
1087,Rathalos Helm α+,10,head,both,2,0,0,140,172,192,3,1,-2,1,-3
1088,Rathalos Mail α+,10,chest,both,1,1,0,140,172,192,3,1,-2,1,-3
1089,Rathalos Vambraces α+,10,arms,both,3,0,0,140,172,192,3,1,-2,1,-3
1090,Rathalos Coil α+,10,waist,both,2,0,0,140,172,192,3,1,-2,1,-3
1091,Rathalos Greaves α+,10,legs,both,3,0,0,140,172,192,3,1,-2,1,-3
1092,Rathalos Helm β+,10,head,both,4,1,0,140,172,192,3,1,-2,1,-3
1093,Rathalos Mail β+,10,chest,both,4,0,0,140,172,192,3,1,-2,1,-3
1094,Rathalos Vambraces β+,10,arms,both,4,3,0,140,172,192,3,1,-2,1,-3
1095,Rathalos Coil β+,10,waist,both,4,2,0,140,172,192,3,1,-2,1,-3
1096,Rathalos Greaves β+,10,legs,both,4,0,0,140,172,192,3,1,-2,1,-3
1097,Rath Soul Helm α+,11,head,both,1,1,0,148,172,192,3,2,2,-3,-4
1098,Rath Soul Mail α+,11,chest,both,2,0,0,148,172,192,3,2,2,-3,-4
1099,Rath Soul Braces α+,11,arms,both,2,0,0,148,172,192,3,2,2,-3,-4
1100,Rath Soul Coil α+,11,waist,both,3,0,0,148,172,192,3,2,2,-3,-4
1101,Rath Soul Greaves α+,11,legs,both,1,0,0,148,172,192,3,2,2,-3,-4
1102,Rath Soul Helm β+,11,head,both,4,0,0,148,172,192,3,2,2,-3,-4
1103,Rath Soul Mail β+,11,chest,both,4,1,0,148,172,192,3,2,2,-3,-4
1104,Rath Soul Braces β+,11,arms,both,4,1,0,148,172,192,3,2,2,-3,-4
1105,Rath Soul Coil β+,11,waist,both,4,2,0,148,172,192,3,2,2,-3,-4
1106,Rath Soul Greaves β+,11,legs,both,4,0,0,148,172,192,3,2,2,-3,-4
1107,Diablos Helm α+,10,head,both,2,0,0,140,172,192,3,-2,0,-3,2
1108,Diablos Mail α+,10,chest,both,2,0,0,140,172,192,3,-2,0,-3,2
1109,Diablos Vambraces α+,10,arms,both,2,0,0,140,172,192,3,-2,0,-3,2
1110,Diablos Coil α+,10,waist,both,2,0,0,140,172,192,3,-2,0,-3,2
1111,Diablos Greaves α+,10,legs,both,1,1,0,140,172,192,3,-2,0,-3,2
1112,Diablos Helm β+,10,head,both,4,0,0,140,172,192,3,-2,0,-3,2
1113,Diablos Mail β+,10,chest,both,4,1,0,140,172,192,3,-2,0,-3,2
1114,Diablos Vambraces β+,10,arms,both,4,1,0,140,172,192,3,-2,0,-3,2
1115,Diablos Coil β+,10,waist,both,4,1,0,140,172,192,3,-2,0,-3,2
1116,Diablos Greaves β+,10,legs,both,4,1,0,140,172,192,3,-2,0,-3,2
1117,Diablos Nero Helm α+,11,head,both,1,1,0,148,172,192,2,-3,0,-4,2
1118,Diablos Nero Mail α+,11,chest,both,2,0,0,148,172,192,2,-3,0,-4,2
1119,Diablos Nero Braces α+,11,arms,both,1,1,0,148,172,192,2,-3,0,-4,2
1120,Diablos Nero Coil α+,11,waist,both,2,0,0,148,172,192,2,-3,0,-4,2
1121,Diablos Nero Greaves α+,11,legs,both,1,0,0,148,172,192,2,-3,0,-4,2
1122,Diablos Nero Helm β+,11,head,both,4,1,0,148,172,192,2,-3,0,-4,2
1123,Diablos Nero Mail β+,11,chest,both,4,1,0,148,172,192,2,-3,0,-4,2
1124,Diablos Nero Braces β+,11,arms,both,4,2,0,148,172,192,2,-3,0,-4,2
1125,Diablos Nero Coil β+,11,waist,both,4,1,0,148,172,192,2,-3,0,-4,2
1126,Diablos Nero Greaves β+,11,legs,both,4,0,0,148,172,192,2,-3,0,-4,2
1127,Legiana Helm α+,10,head,both,2,0,0,140,172,192,-1,2,-3,3,0
1128,Legiana Mail α+,10,chest,both,1,0,0,140,172,192,-1,2,-3,3,0
1129,Legiana Vambraces α+,10,arms,both,3,0,0,140,172,192,-1,2,-3,3,0
1130,Legiana Coil α+,10,waist,both,2,0,0,140,172,192,-1,2,-3,3,0
1131,Legiana Greaves α+,10,legs,both,3,0,0,140,172,192,-1,2,-3,3,0
1132,Legiana Helm β+,10,head,both,4,1,0,140,172,192,-1,2,-3,3,0
1133,Legiana Mail β+,10,chest,both,4,0,0,140,172,192,-1,2,-3,3,0
1134,Legiana Vambraces β+,10,arms,both,4,2,0,140,172,192,-1,2,-3,3,0
1135,Legiana Coil β+,10,waist,both,4,1,0,140,172,192,-1,2,-3,3,0
1136,Legiana Greaves β+,10,legs,both,4,2,0,140,172,192,-1,2,-3,3,0
1137,Hoarcry Helm α+,11,head,both,1,1,1,146,170,190,-3,2,-1,3,0
1138,Hoarcry Mail α+,11,chest,both,1,1,0,146,170,190,-3,2,-1,3,0
1139,Hoarcry Vambraces α+,11,arms,both,1,1,0,146,170,190,-3,2,-1,3,0
1140,Hoarcry Coil α+,11,waist,both,1,1,0,146,170,190,-3,2,-1,3,0
1141,Hoarcry Greaves α+,11,legs,both,1,1,0,146,170,190,-3,2,-1,3,0
1142,Hoarcry Helm β+,11,head,both,4,1,0,146,170,190,-3,2,-1,3,0
1143,Hoarcry Mail β+,11,chest,both,4,0,0,146,170,190,-3,2,-1,3,0
1144,Hoarcry Vambraces β+,11,arms,both,4,0,0,146,170,190,-3,2,-1,3,0
1145,Hoarcry Coil β+,11,waist,both,4,0,0,146,170,190,-3,2,-1,3,0
1146,Hoarcry Greaves β+,11,legs,both,4,2,0,146,170,190,-3,2,-1,3,0
1147,Odogaron Helm α+,10,head,both,2,0,0,140,172,192,2,2,-2,-3,0
1148,Odogaron Mail α+,10,chest,both,3,0,0,140,172,192,2,2,-2,-3,0
1149,Odogaron Vambraces α+,10,arms,both,1,0,0,140,172,192,2,2,-2,-3,0
1150,Odogaron Coil α+,10,waist,both,2,0,0,140,172,192,2,2,-2,-3,0
1151,Odogaron Greaves α+,10,legs,both,1,0,0,140,172,192,2,2,-2,-3,0
1152,Odogaron Helm β+,10,head,both,4,0,0,140,172,192,2,2,-2,-3,0
1153,Odogaron Mail β+,10,chest,both,4,1,0,140,172,192,2,2,-2,-3,0
1154,Odogaron Vambraces β+,10,arms,both,4,0,0,140,172,192,2,2,-2,-3,0
1155,Odogaron Coil β+,10,waist,both,4,2,0,140,172,192,2,2,-2,-3,0
1156,Odogaron Greaves β+,10,legs,both,4,0,0,140,172,192,2,2,-2,-3,0
1157,Death Garon Helm α+,11,head,both,3,0,0,148,172,192,-2,-3,-2,-2,4
1158,Death Garon Mail α+,11,chest,both,2,0,0,148,172,192,-2,-3,-2,-2,4
1159,Death Garon Braces α+,11,arms,both,2,1,0,148,172,192,-2,-3,-2,-2,4
1160,Death Garon Coil α+,11,waist,both,2,1,0,148,172,192,-2,-3,-2,-2,4
1161,Death Garon Greaves α+,11,legs,both,1,1,0,148,172,192,-2,-3,-2,-2,4
1162,Death Garon Helm β+,11,head,both,4,2,0,148,172,192,-2,-3,-2,-2,4
1163,Death Garon Mail β+,11,chest,both,4,1,0,148,172,192,-2,-3,-2,-2,4
1164,Death Garon Braces β+,11,arms,both,4,1,0,148,172,192,-2,-3,-2,-2,4
1165,Death Garon Coil β+,11,waist,both,4,2,0,148,172,192,-2,-3,-2,-2,4
1166,Death Garon Greaves β+,11,legs,both,4,1,1,148,172,192,-2,-3,-2,-2,4
1167,Lavasioth Helm α+,10,head,both,1,1,0,140,172,192,3,-3,1,-2,2
1168,Lavasioth Mail α+,10,chest,both,1,1,0,140,172,192,3,-3,1,-2,2
1169,Lavasioth Vambraces α+,10,arms,both,1,0,0,140,172,192,3,-3,1,-2,2
1170,Lavasioth Coil α+,10,waist,both,1,0,0,140,172,192,3,-3,1,-2,2
1171,Lavasioth Greaves α+,10,legs,both,2,0,0,140,172,192,3,-3,1,-2,2
1172,Lavasioth Helm β+,10,head,both,4,1,0,140,172,192,3,-3,1,-2,2
1173,Lavasioth Mail β+,10,chest,both,4,1,0,140,172,192,3,-3,1,-2,2
1174,Lavasioth Vambraces β+,10,arms,both,4,0,0,140,172,192,3,-3,1,-2,2
1175,Lavasioth Coil β+,10,waist,both,4,0,0,140,172,192,3,-3,1,-2,2
1176,Lavasioth Greaves β+,10,legs,both,4,1,0,140,172,192,3,-3,1,-2,2
1177,Uragaan Helm α+,10,head,both,2,1,0,144,176,196,4,-3,1,-2,-2
1178,Uragaan Mail α+,10,chest,both,3,0,0,144,176,196,4,-3,1,-2,-2
1179,Uragaan Vambraces α+,10,arms,both,2,0,0,144,176,196,4,-3,1,-2,-2
1180,Uragaan Coil α+,10,waist,both,2,1,0,144,176,196,4,-3,1,-2,-2
1181,Uragaan Greaves α+,10,legs,both,1,0,0,144,176,196,4,-3,1,-2,-2
1182,Uragaan Helm β+,10,head,both,4,3,0,144,176,196,4,-3,1,-2,-2
1183,Uragaan Mail β+,10,chest,both,4,0,0,144,176,196,4,-3,1,-2,-2
1184,Uragaan Vambraces β+,10,arms,both,4,0,0,144,176,196,4,-3,1,-2,-2
1185,Uragaan Coil β+,10,waist,both,4,2,0,144,176,196,4,-3,1,-2,-2
1186,Uragaan Greaves β+,10,legs,both,4,1,0,144,176,196,4,-3,1,-2,-2
1187,Nargacuga Helm α+,10,head,both,1,1,0,140,172,192,-2,2,-3,0,0
1188,Nargacuga Mail α+,10,chest,both,2,0,0,140,172,192,-2,2,-3,0,0
1189,Nargacuga Braces α+,10,arms,both,1,0,0,140,172,192,-2,2,-3,0,0
1190,Nargacuga Faulds α+,10,waist,both,1,0,0,140,172,192,-2,2,-3,0,0
1191,Nargacuga Greaves α+,10,legs,both,1,1,0,140,172,192,-2,2,-3,0,0
1192,Nargacuga Helm β+,10,head,both,4,1,0,140,172,192,-2,2,-3,0,0
1193,Nargacuga Mail β+,10,chest,both,4,0,0,140,172,192,-2,2,-3,0,0
1194,Nargacuga Braces β+,10,arms,both,4,0,0,140,172,192,-2,2,-3,0,0
1195,Nargacuga Faulds β+,10,waist,both,4,0,0,140,172,192,-2,2,-3,0,0
1196,Nargacuga Greaves β+,10,legs,both,4,1,0,140,172,192,-2,2,-3,0,0
1197,Glavenus Helm α+,10,head,both,1,0,0,142,174,194,3,-3,1,-1,-1
1198,Glavenus Mail α+,10,chest,both,1,0,0,142,174,194,3,-3,1,-1,-1
1199,Glavenus Braces α+,10,arms,both,1,0,0,142,174,194,3,-3,1,-1,-1
1200,Glavenus Faulds α+,10,waist,both,1,1,0,142,174,194,3,-3,1,-1,-1
1201,Glavenus Greaves α+,10,legs,both,2,0,0,142,174,194,3,-3,1,-1,-1
1202,Glavenus Helm β+,10,head,both,4,0,0,142,174,194,3,-3,1,-1,-1
1203,Glavenus Mail β+,10,chest,both,4,0,0,142,174,194,3,-3,1,-1,-1
1204,Glavenus Braces β+,10,arms,both,4,0,0,142,174,194,3,-3,1,-1,-1
1205,Glavenus Faulds β+,10,waist,both,4,0,0,142,174,194,3,-3,1,-1,-1
1206,Glavenus Greaves β+,10,legs,both,4,0,0,142,174,194,3,-3,1,-1,-1
1207,Acidic Glavenus Helm α+,11,head,both,1,0,0,150,174,194,-3,2,-1,2,-1
1208,Acidic Glavenus Mail α+,11,chest,both,1,0,0,150,174,194,-3,2,-1,2,-1
1209,Acidic Glavenus Braces α+,11,arms,both,2,1,0,150,174,194,-3,2,-1,2,-1
1210,Acidic Glavenus Coil α+,11,waist,both,2,0,0,150,174,194,-3,2,-1,2,-1
1211,Acidic Glavenus Greaves α+,11,legs,both,1,0,0,150,174,194,-3,2,-1,2,-1
1212,Acidic Glavenus Helm β+,11,head,both,4,0,0,150,174,194,-3,2,-1,2,-1
1213,Acidic Glavenus Mail β+,11,chest,both,4,1,0,150,174,194,-3,2,-1,2,-1
1214,Acidic Glavenus Braces β+,11,arms,both,4,2,1,150,174,194,-3,2,-1,2,-1
1215,Acidic Glavenus Coil β+,11,waist,both,4,0,0,150,174,194,-3,2,-1,2,-1
1216,Acidic Glavenus Greaves β+,11,legs,both,4,2,0,150,174,194,-3,2,-1,2,-1
1217,Brachydios Helm α+,10,head,both,3,0,0,142,174,194,3,-2,1,-3,1
1218,Brachydios Mail α+,10,chest,both,1,0,0,142,174,194,3,-2,1,-3,1
1219,Brachydios Braces α+,10,arms,both,2,0,0,142,174,194,3,-2,1,-3,1
1220,Brachydios Faulds α+,10,waist,both,3,0,0,142,174,194,3,-2,1,-3,1
1221,Brachydios Greaves α+,10,legs,both,2,0,0,142,174,194,3,-2,1,-3,1
1222,Brachydios Helm β+,10,head,both,4,1,0,142,174,194,3,-2,1,-3,1
1223,Brachydios Mail β+,10,chest,both,4,0,0,142,174,194,3,-2,1,-3,1
1224,Brachydios Braces β+,10,arms,both,4,0,0,142,174,194,3,-2,1,-3,1
1225,Brachydios Faulds β+,10,waist,both,4,2,0,142,174,194,3,-2,1,-3,1
1226,Brachydios Greaves β+,10,legs,both,4,0,0,142,174,194,3,-2,1,-3,1
1227,Tigrex Helm α+,10,head,both,1,0,0,142,174,194,2,0,-3,0,-2
1228,Tigrex Mail α+,10,chest,both,2,0,0,142,174,194,2,0,-3,0,-2
1229,Tigrex Braces α+,10,arms,both,1,0,0,142,174,194,2,0,-3,0,-2
1230,Tigrex Tassets α+,10,waist,both,3,1,0,142,174,194,2,0,-3,0,-2
1231,Tigrex Greaves α+,10,legs,both,3,1,0,142,174,194,2,0,-3,0,-2
1232,Tigrex Helm β+,10,head,both,4,0,0,142,174,194,2,0,-3,0,-2
1233,Tigrex Mail β+,10,chest,both,4,1,0,142,174,194,2,0,-3,0,-2
1234,Tigrex Braces β+,10,arms,both,4,0,0,142,174,194,2,0,-3,0,-2
1235,Tigrex Tassets β+,10,waist,both,4,2,1,142,174,194,2,0,-3,0,-2
1236,Tigrex Greaves β+,10,legs,both,4,2,0,142,174,194,2,0,-3,0,-2
1237,Rex Roar Helm α+,11,head,both,3,0,0,158,182,202,3,-4,-2,0,0
1238,Rex Roar Mail α+,11,chest,both,3,0,0,158,182,202,3,-4,-2,0,0
1239,Rex Roar Braces α+,11,arms,both,3,0,0,158,182,202,3,-4,-2,0,0
1240,Rex Roar Coil α+,11,waist,both,2,0,0,158,182,202,3,-4,-2,0,0
1241,Rex Roar Greaves α+,11,legs,both,1,0,0,158,182,202,3,-4,-2,0,0
1242,Rex Roar Helm β+,11,head,both,4,0,0,158,182,202,3,-4,-2,0,0
1243,Rex Roar Mail β+,11,chest,both,4,1,0,158,182,202,3,-4,-2,0,0
1244,Rex Roar Braces β+,11,arms,both,4,0,0,158,182,202,3,-4,-2,0,0
1245,Rex Roar Coil β+,11,waist,both,4,0,0,158,182,202,3,-4,-2,0,0
1246,Rex Roar Greaves β+,11,legs,both,4,0,0,158,182,202,3,-4,-2,0,0
1247,Black Belt Helm α+,11,head,both,3,0,0,150,174,194,1,1,1,1,2
1248,Black Belt Mail α+,11,chest,both,1,1,1,150,174,194,1,1,1,1,2
1249,Black Belt Braces α+,11,arms,both,3,0,0,150,174,194,1,1,1,1,2
1250,Black Belt Tassets α+,11,waist,both,3,0,0,150,174,194,1,1,1,1,2
1251,Black Belt Greaves α+,11,legs,both,2,2,0,150,174,194,1,1,1,1,2
1252,Black Belt Helm β+,11,head,both,4,2,0,150,174,194,1,1,1,1,2
1253,Black Belt Mail β+,11,chest,both,4,1,1,150,174,194,1,1,1,1,2
1254,Black Belt Braces β+,11,arms,both,4,1,0,150,174,194,1,1,1,1,2
1255,Black Belt Tassets β+,11,waist,both,4,1,0,150,174,194,1,1,1,1,2
1256,Black Belt Greaves β+,11,legs,both,4,2,0,150,174,194,1,1,1,1,2
1257,Dober Helm α+,11,head,both,1,0,0,152,176,196,-2,0,-1,-1,4
1258,Dober Mail α+,11,chest,both,1,1,1,152,176,196,-2,0,-1,-1,4
1259,Dober Vambraces α+,11,arms,both,2,1,0,152,176,196,-2,0,-1,-1,4
1260,Dober Coil α+,11,waist,both,2,1,0,152,176,196,-2,0,-1,-1,4
1261,Dober Greaves α+,11,legs,both,2,0,0,152,176,196,-2,0,-1,-1,4
1262,Dober Helm β+,11,head,both,4,0,0,152,176,196,-2,0,-1,-1,4
1263,Dober Mail β+,11,chest,both,4,1,1,152,176,196,-2,0,-1,-1,4
1264,Dober Vambraces β+,11,arms,both,4,1,0,152,176,196,-2,0,-1,-1,4
1265,Dober Coil β+,11,waist,both,4,2,0,152,176,196,-2,0,-1,-1,4
1266,Dober Greaves β+,11,legs,both,4,2,0,152,176,196,-2,0,-1,-1,4
1267,Damascus Helm α+,11,head,both,3,0,0,152,176,196,4,-2,0,0,0
1268,Damascus Mail α+,11,chest,both,3,1,0,152,176,196,4,-2,0,0,0
1269,Damascus Vambraces α+,11,arms,both,2,1,0,152,176,196,4,-2,0,0,0
1270,Damascus Coil α+,11,waist,both,3,2,0,152,176,196,4,-2,0,0,0
1271,Damascus Greaves α+,11,legs,both,2,1,0,152,176,196,4,-2,0,0,0
1272,Damascus Helm β+,11,head,both,4,1,1,152,176,196,4,-2,0,0,0
1273,Damascus Mail β+,11,chest,both,4,2,1,152,176,196,4,-2,0,0,0
1274,Damascus Vambraces β+,11,arms,both,4,1,0,152,176,196,4,-2,0,0,0
1275,Damascus Coil β+,11,waist,both,4,3,1,152,176,196,4,-2,0,0,0
1276,Damascus Greaves β+,11,legs,both,4,2,0,152,176,196,4,-2,0,0,0
1277,Pride Helm α+,11,head,both,2,1,0,154,178,198,3,1,-2,-4,-2
1278,Pride Mail α+,11,chest,both,1,1,0,154,178,198,3,1,-2,-4,-2
1279,Pride Vambraces α+,11,arms,both,3,0,0,154,178,198,3,1,-2,-4,-2
1280,Pride Coil α+,11,waist,both,3,0,0,154,178,198,3,1,-2,-4,-2
1281,Pride Greaves α+,11,legs,both,3,0,0,154,178,198,3,1,-2,-4,-2
1282,Pride Helm β+,11,head,both,4,1,0,154,178,198,3,1,-2,-4,-2
1283,Pride Mail β+,11,chest,both,4,1,1,154,178,198,3,1,-2,-4,-2
1284,Pride Vambraces β+,11,arms,both,4,3,0,154,178,198,3,1,-2,-4,-2
1285,Pride Coil β+,11,waist,both,4,2,0,154,178,198,3,1,-2,-4,-2
1286,Pride Greaves β+,11,legs,both,4,2,0,154,178,198,3,1,-2,-4,-2
1287,Esurient Helm α+,11,head,both,1,0,0,156,180,200,2,1,-3,1,-3
1288,Esurient Mail α+,11,chest,both,2,0,0,156,180,200,2,1,-3,1,-3
1289,Esurient Vambraces α+,11,arms,both,2,0,0,156,180,200,2,1,-3,1,-3
1290,Esurient Faulds α+,11,waist,both,1,0,0,156,180,200,2,1,-3,1,-3
1291,Esurient Greaves α+,11,legs,both,2,2,0,156,180,200,2,1,-3,1,-3
1292,Esurient Helm β+,11,head,both,4,3,0,156,180,200,2,1,-3,1,-3
1293,Esurient Mail β+,11,chest,both,4,2,2,156,180,200,2,1,-3,1,-3
1294,Esurient Vambraces β+,11,arms,both,4,0,0,156,180,200,2,1,-3,1,-3
1295,Esurient Faulds β+,11,waist,both,4,1,0,156,180,200,2,1,-3,1,-3
1296,Esurient Greaves β+,11,legs,both,4,2,0,156,180,200,2,1,-3,1,-3
1297,Rimeguard Helm α+,12,head,both,3,2,0,154,172,192,-3,2,-1,4,-1
1298,Rimeguard Mail α+,12,chest,both,1,0,0,154,172,192,-3,2,-1,4,-1
1299,Rimeguard Vambraces α+,12,arms,both,1,0,0,154,172,192,-3,2,-1,4,-1
1300,Rimeguard Coil α+,12,waist,both,2,1,0,154,172,192,-3,2,-1,4,-1
1301,Rimeguard Greaves α+,12,legs,both,1,1,0,154,172,192,-3,2,-1,4,-1
1302,Rimeguard Helm β+,12,head,both,4,2,0,154,172,192,-3,2,-1,4,-1
1303,Rimeguard Mail β+,12,chest,both,4,1,0,154,172,192,-3,2,-1,4,-1
1304,Rimeguard Vambraces β+,12,arms,both,4,0,0,154,172,192,-3,2,-1,4,-1
1305,Rimeguard Coil β+,12,waist,both,4,1,0,154,172,192,-3,2,-1,4,-1
1306,Rimeguard Greaves β+,12,legs,both,4,1,0,154,172,192,-3,2,-1,4,-1
1307,Fellshroud Helm α+,12,head,both,1,0,0,156,174,194,-2,4,1,1,-3
1308,Fellshroud Mail α+,12,chest,both,3,1,0,156,174,194,-2,4,1,1,-3
1309,Fellshroud Braces α+,12,arms,both,2,1,1,156,174,194,-2,4,1,1,-3
1310,Fellshroud Coil α+,12,waist,both,2,1,0,156,174,194,-2,4,1,1,-3
1311,Fellshroud Greaves α+,12,legs,both,3,2,0,156,174,194,-2,4,1,1,-3
1312,Fellshroud Helm β+,12,head,both,4,1,0,156,174,194,-2,4,1,1,-3
1313,Fellshroud Mail β+,12,chest,both,4,2,0,156,174,194,-2,4,1,1,-3
1314,Fellshroud Braces β+,12,arms,both,4,1,1,156,174,194,-2,4,1,1,-3
1315,Fellshroud Coil β+,12,waist,both,4,2,0,156,174,194,-2,4,1,1,-3
1316,Fellshroud Greaves β+,12,legs,both,4,3,0,156,174,194,-2,4,1,1,-3
1317,Kaiser Crown α+,12,head,both,1,0,0,156,174,194,3,-3,1,-3,1
1318,Kaiser Mail α+,12,chest,both,2,1,0,156,174,194,3,-3,1,-3,1
1319,Kaiser Vambraces α+,12,arms,both,2,0,0,156,174,194,3,-3,1,-3,1
1320,Kaiser Coil α+,12,waist,both,3,0,0,156,174,194,3,-3,1,-3,1
1321,Kaiser Greaves α+,12,legs,both,2,0,0,156,174,194,3,-3,1,-3,1
1322,Kaiser Crown β+,12,head,both,4,0,0,156,174,194,3,-3,1,-3,1
1323,Kaiser Mail β+,12,chest,both,4,1,1,156,174,194,3,-3,1,-3,1
1324,Kaiser Vambraces β+,12,arms,both,4,3,0,156,174,194,3,-3,1,-3,1
1325,Kaiser Coil β+,12,waist,both,4,2,1,156,174,194,3,-3,1,-3,1
1326,Kaiser Greaves β+,12,legs,both,4,0,0,156,174,194,3,-3,1,-3,1
1327,Kushala Glare α+,12,head,both,2,0,0,156,174,194,0,2,-3,4,-2
1328,Kushala Cista α+,12,chest,both,1,0,0,156,174,194,0,2,-3,4,-2
1329,Kushala Grip α+,12,arms,both,1,0,0,156,174,194,0,2,-3,4,-2
1330,Kushala Cocoon α+,12,waist,both,2,0,0,156,174,194,0,2,-3,4,-2
1331,Kushala Crus α+,12,legs,both,1,0,0,156,174,194,0,2,-3,4,-2
1332,Kushala Glare β+,12,head,both,4,1,0,156,174,194,0,2,-3,4,-2
1333,Kushala Cista β+,12,chest,both,4,2,0,156,174,194,0,2,-3,4,-2
1334,Kushala Grip β+,12,arms,both,4,2,0,156,174,194,0,2,-3,4,-2
1335,Kushala Cocoon β+,12,waist,both,4,1,0,156,174,194,0,2,-3,4,-2
1336,Kushala Crus β+,12,legs,both,4,3,0,156,174,194,0,2,-3,4,-2
1337,Kirin Horn α+,12,head,both,3,1,0,154,172,192,-3,-2,4,-2,2
1338,Kirin Jacket α+,12,chest,both,3,2,0,154,172,192,-3,-2,4,-2,2
1339,Kirin Longarms α+,12,arms,both,3,2,0,154,172,192,-3,-2,4,-2,2
1340,Kirin Hoop α+,12,waist,both,2,0,0,154,172,192,-3,-2,4,-2,2
1341,Kirin Leg Guards α+,12,legs,both,1,0,0,154,172,192,-3,-2,4,-2,2
1342,Kirin Horn β+,12,head,both,4,1,1,154,172,192,-3,-2,4,-2,2
1343,Kirin Jacket β+,12,chest,both,4,2,0,154,172,192,-3,-2,4,-2,2
1344,Kirin Longarms β+,12,arms,both,4,2,2,154,172,192,-3,-2,4,-2,2
1345,Kirin Hoop β+,12,waist,both,4,1,1,154,172,192,-3,-2,4,-2,2
1346,Kirin Leg Guards β+,12,legs,both,4,0,0,154,172,192,-3,-2,4,-2,2
1347,Tentacle Cowl α+,12,head,both,1,0,0,158,176,196,-3,4,3,0,-2
1348,Tentacle Cloak α+,12,chest,both,2,2,0,158,176,196,-3,4,3,0,-2
1349,Tentacle Gloves α+,12,arms,both,1,0,0,158,176,196,-3,4,3,0,-2
1350,Tentacle Coil α+,12,waist,both,1,1,1,158,176,196,-3,4,3,0,-2
1351,Tentacle Greaves α+,12,legs,both,2,1,0,158,176,196,-3,4,3,0,-2
1352,Tentacle Cowl β+,12,head,both,4,0,0,158,176,196,-3,4,3,0,-2
1353,Tentacle Cloak β+,12,chest,both,4,2,0,158,176,196,-3,4,3,0,-2
1354,Tentacle Gloves β+,12,arms,both,4,0,0,158,176,196,-3,4,3,0,-2
1355,Tentacle Coil β+,12,waist,both,4,1,1,158,176,196,-3,4,3,0,-2
1356,Tentacle Greaves β+,12,legs,both,4,2,0,158,176,196,-3,4,3,0,-2
1357,Guild Palace Helm α+,11,head,both,3,0,0,154,178,198,1,2,2,1,1
1358,Guild Palace Mail α+,11,chest,both,1,1,0,154,178,198,1,2,2,1,1
1359,Guild Palace Braces α+,11,arms,both,3,0,0,154,178,198,1,2,2,1,1
1360,Guild Palace Coil α+,11,waist,both,1,1,0,154,178,198,1,2,2,1,1
1361,Guild Palace Greaves α+,11,legs,both,2,0,0,154,178,198,1,2,2,1,1
1362,Guild Palace Helm β+,11,head,both,4,2,0,154,178,198,1,2,2,1,1
1363,Guild Palace Mail β+,11,chest,both,4,2,0,154,178,198,1,2,2,1,1
1364,Guild Palace Braces β+,11,arms,both,4,1,0,154,178,198,1,2,2,1,1
1365,Guild Palace Coil β+,11,waist,both,4,1,0,154,178,198,1,2,2,1,1
1366,Guild Palace Greaves β+,11,legs,both,4,1,0,154,178,198,1,2,2,1,1
1367,Shara Ishvalda Helm α+,12,head,both,3,1,0,162,180,200,0,-2,3,-3,0
1368,Shara Ishvalda Mail α+,12,chest,both,3,2,0,162,180,200,0,-2,3,-3,0
1369,Shara Ishvalda Braces α+,12,arms,both,1,0,0,162,180,200,0,-2,3,-3,0
1370,Shara Ishvalda Coil α+,12,waist,both,3,2,0,162,180,200,0,-2,3,-3,0
1371,Shara Ishvalda Greaves α+,12,legs,both,1,1,1,162,180,200,0,-2,3,-3,0
1372,Shara Ishvalda Helm β+,12,head,both,4,2,0,162,180,200,0,-2,3,-3,0
1373,Shara Ishvalda Mail β+,12,chest,both,4,2,0,162,180,200,0,-2,3,-3,0
1374,Shara Ishvalda Braces β+,12,arms,both,4,0,0,162,180,200,0,-2,3,-3,0
1375,Shara Ishvalda Coil β+,12,waist,both,4,3,0,162,180,200,0,-2,3,-3,0
1376,Shara Ishvalda Greaves β+,12,legs,both,4,2,1,162,180,200,0,-2,3,-3,0
1377,Zorah Headgear α+,12,head,both,2,2,0,160,178,198,4,-3,-1,-2,-3
1378,Zorah Hide α+,12,chest,both,3,1,0,160,178,198,4,-3,-1,-2,-3
1379,Zorah Claws α+,12,arms,both,1,1,0,160,178,198,4,-3,-1,-2,-3
1380,Zorah Spine α+,12,waist,both,3,2,0,160,178,198,4,-3,-1,-2,-3
1381,Zorah Spurs α+,12,legs,both,3,1,0,160,178,198,4,-3,-1,-2,-3
1382,Zorah Headgear β+,12,head,both,4,2,1,160,178,198,4,-3,-1,-2,-3
1383,Zorah Hide β+,12,chest,both,4,2,0,160,178,198,4,-3,-1,-2,-3
1384,Zorah Claws β+,12,arms,both,4,1,0,160,178,198,4,-3,-1,-2,-3
1385,Zorah Spine β+,12,waist,both,4,3,0,160,178,198,4,-3,-1,-2,-3
1386,Zorah Spurs β+,12,legs,both,4,3,0,160,178,198,4,-3,-1,-2,-3
1387,Garuga Helm α+,11,head,both,3,0,0,154,178,198,2,-3,2,-2,-2
1388,Garuga Mail α+,11,chest,both,1,0,0,154,178,198,2,-3,2,-2,-2
1389,Garuga Vambraces α+,11,arms,both,1,0,0,154,178,198,2,-3,2,-2,-2
1390,Garuga Tassets α+,11,waist,both,1,1,0,154,178,198,2,-3,2,-2,-2
1391,Garuga Greaves α+,11,legs,both,3,3,0,154,178,198,2,-3,2,-2,-2
1392,Garuga Helm β+,11,head,both,4,2,0,154,178,198,2,-3,2,-2,-2
1393,Garuga Mail β+,11,chest,both,4,0,0,154,178,198,2,-3,2,-2,-2
1394,Garuga Vambraces β+,11,arms,both,4,0,0,154,178,198,2,-3,2,-2,-2
1395,Garuga Tassets β+,11,waist,both,4,3,0,154,178,198,2,-3,2,-2,-2
1396,Garuga Greaves β+,11,legs,both,4,2,2,154,178,198,2,-3,2,-2,-2
1397,Zinogre Helm α+,11,head,both,1,0,0,158,182,202,-1,-1,4,-4,1
1398,Zinogre Mail α+,11,chest,both,3,0,0,158,182,202,-1,-1,4,-4,1
1399,Zinogre Braces α+,11,arms,both,2,1,0,158,182,202,-1,-1,4,-4,1
1400,Zinogre Coil α+,11,waist,both,2,0,0,158,182,202,-1,-1,4,-4,1
1401,Zinogre Greaves α+,11,legs,both,1,0,0,158,182,202,-1,-1,4,-4,1
1402,Zinogre Helm β+,11,head,both,4,0,0,158,182,202,-1,-1,4,-4,1
1403,Zinogre Mail β+,11,chest,both,4,0,0,158,182,202,-1,-1,4,-4,1
1404,Zinogre Braces β+,11,arms,both,4,2,0,158,182,202,-1,-1,4,-4,1
1405,Zinogre Coil β+,11,waist,both,4,2,0,158,182,202,-1,-1,4,-4,1
1406,Zinogre Greaves β+,11,legs,both,4,1,0,158,182,202,-1,-1,4,-4,1
1407,Golden Lunehelm α+,12,head,both,2,2,0,162,180,200,3,-2,-4,0,4
1408,Golden Lunemail α+,12,chest,both,3,1,0,162,180,200,3,-2,-4,0,4
1409,Golden Lunebraces α+,12,arms,both,2,0,0,162,180,200,3,-2,-4,0,4
1410,Golden Lunecoil α+,12,waist,both,2,2,0,162,180,200,3,-2,-4,0,4
1411,Golden Lunegreaves α+,12,legs,both,1,0,0,162,180,200,3,-2,-4,0,4
1412,Golden Lunehelm β+,12,head,both,4,2,0,162,180,200,3,-2,-4,0,4
1413,Golden Lunemail β+,12,chest,both,4,2,1,162,180,200,3,-2,-4,0,4
1414,Golden Lunebraces β+,12,arms,both,4,2,0,162,180,200,3,-2,-4,0,4
1415,Golden Lunecoil β+,12,waist,both,4,2,0,162,180,200,3,-2,-4,0,4
1416,Golden Lunegreaves β+,12,legs,both,4,0,0,162,180,200,3,-2,-4,0,4
1417,Silver Solhelm α+,12,head,both,2,2,0,164,182,202,4,-3,-2,-2,3
1418,Silver Solmail α+,12,chest,both,1,0,0,164,182,202,4,-3,-2,-2,3
1419,Silver Solbraces α+,12,arms,both,2,2,0,164,182,202,4,-3,-2,-2,3
1420,Silver Solcoil α+,12,waist,both,1,1,0,164,182,202,4,-3,-2,-2,3
1421,Silver Solgreaves α+,12,legs,both,3,2,0,164,182,202,4,-3,-2,-2,3
1422,Silver Solhelm β+,12,head,both,4,3,0,164,182,202,4,-3,-2,-2,3
1423,Silver Solmail β+,12,chest,both,4,0,0,164,182,202,4,-3,-2,-2,3
1424,Silver Solbraces β+,12,arms,both,4,2,0,164,182,202,4,-3,-2,-2,3
1425,Silver Solcoil β+,12,waist,both,4,1,0,164,182,202,4,-3,-2,-2,3
1426,Silver Solgreaves β+,12,legs,both,4,2,1,164,182,202,4,-3,-2,-2,3
1427,Empress Crown α+,12,head,both,3,0,0,164,182,202,3,1,1,-3,-2
1428,Empress Mail α+,12,chest,both,2,0,0,164,182,202,3,1,1,-3,-2
1429,Empress Vambraces α+,12,arms,both,2,1,0,164,182,202,3,1,1,-3,-2
1430,Empress Coil α+,12,waist,both,2,2,0,164,182,202,3,1,1,-3,-2
1431,Empress Greaves α+,12,legs,both,3,1,0,164,182,202,3,1,1,-3,-2
1432,Empress Crown β+,12,head,both,4,2,0,164,182,202,3,1,1,-3,-2
1433,Empress Mail β+,12,chest,both,4,1,0,164,182,202,3,1,1,-3,-2
1434,Empress Vambraces β+,12,arms,both,4,1,0,164,182,202,3,1,1,-3,-2
1435,Empress Coil β+,12,waist,both,4,2,0,164,182,202,3,1,1,-3,-2
1436,Empress Greaves β+,12,legs,both,4,2,0,164,182,202,3,1,1,-3,-2
1437,Ruinous Helm α+,12,head,both,3,1,0,166,184,204,1,1,-3,1,-3
1438,Ruinous Mail α+,12,chest,both,2,2,0,166,184,204,1,1,-3,1,-3
1439,Ruinous Vambraces α+,12,arms,both,3,0,0,166,184,204,1,1,-3,1,-3
1440,Ruinous Coil α+,12,waist,both,2,1,0,166,184,204,1,1,-3,1,-3
1441,Ruinous Greaves α+,12,legs,both,2,0,0,166,184,204,1,1,-3,1,-3
1442,Ruinous Helm β+,12,head,both,4,2,0,166,184,204,1,1,-3,1,-3
1443,Ruinous Mail β+,12,chest,both,4,2,0,166,184,204,1,1,-3,1,-3
1444,Ruinous Vambraces β+,12,arms,both,4,1,0,166,184,204,1,1,-3,1,-3
1445,Ruinous Coil β+,12,waist,both,4,1,0,166,184,204,1,1,-3,1,-3
1446,Ruinous Greaves β+,12,legs,both,4,1,0,166,184,204,1,1,-3,1,-3
1447,Guildwork Head α+,12,head,both,3,2,0,162,180,200,2,1,1,2,2
1448,Guildwork Body α+,12,chest,both,3,1,1,162,180,200,2,1,1,2,2
1449,Guildwork Braces α+,12,arms,both,3,2,0,162,180,200,2,1,1,2,2
1450,Guildwork Waist α+,12,waist,both,3,2,0,162,180,200,2,1,1,2,2
1451,Guildwork Feet α+,12,legs,both,2,1,0,162,180,200,2,1,1,2,2
1452,Guildwork Head β+,12,head,both,4,3,0,162,180,200,2,1,1,2,2
1453,Guildwork Body β+,12,chest,both,4,2,2,162,180,200,2,1,1,2,2
1454,Guildwork Braces β+,12,arms,both,4,3,0,162,180,200,2,1,1,2,2
1455,Guildwork Waist β+,12,waist,both,4,3,0,162,180,200,2,1,1,2,2
1456,Guildwork Feet β+,12,legs,both,4,1,0,162,180,200,2,1,1,2,2
1471,Golden Headdress α+,11,head,both,0,0,0,158,182,202,2,0,3,-5,2
1472,Golden Haori α+,11,chest,both,3,1,0,158,182,202,2,0,3,-5,2
1473,Golden Kote α+,11,arms,both,2,0,0,158,182,202,2,0,3,-5,2
1474,Golden Obi α+,11,waist,both,3,1,0,158,182,202,2,0,3,-5,2
1475,Golden Hakama α+,11,legs,both,2,2,0,158,182,202,2,0,3,-5,2
1476,Golden Headdress β+,11,head,both,4,1,0,158,182,202,2,0,3,-5,2
1477,Golden Haori β+,11,chest,both,4,1,1,158,182,202,2,0,3,-5,2
1478,Golden Kote β+,11,arms,both,4,3,0,158,182,202,2,0,3,-5,2
1479,Golden Obi β+,11,waist,both,4,3,0,158,182,202,2,0,3,-5,2
1480,Golden Hakama β+,11,legs,both,4,2,0,158,182,202,2,0,3,-5,2
1481,Grand God's Peer Mask α+,12,head,both,0,0,0,170,188,208,2,0,3,-5,2
1482,Grand God's Peer Garb α+,12,chest,both,1,0,0,170,188,208,2,0,3,-5,2
1483,Grand God's Peer Arms α+,12,arms,both,2,2,0,170,188,208,2,0,3,-5,2
1484,Grand God's Peer Belt α+,12,waist,both,1,1,1,170,188,208,2,0,3,-5,2
1485,Grand God's Peer Feet α+,12,legs,both,2,2,0,170,188,208,2,0,3,-5,2
1486,Grand God's Peer Mask β+,12,head,both,4,0,0,170,188,208,2,0,3,-5,2
1487,Grand God's Peer Garb β+,12,chest,both,4,2,0,170,188,208,2,0,3,-5,2
1488,Grand God's Peer Arms β+,12,arms,both,4,2,1,170,188,208,2,0,3,-5,2
1489,Grand God's Peer Belt β+,12,waist,both,4,2,1,170,188,208,2,0,3,-5,2
1490,Grand God's Peer Feet β+,12,legs,both,4,4,0,170,188,208,2,0,3,-5,2
1491,Stygian Helm α+,11,head,both,2,1,0,160,184,204,2,-4,-5,0,4
1492,Stygian Mail α+,11,chest,both,2,0,0,160,184,204,2,-4,-5,0,4
1493,Stygian Vambraces α+,11,arms,both,2,0,0,160,184,204,2,-4,-5,0,4
1494,Stygian Coil α+,11,waist,both,1,1,1,160,184,204,2,-4,-5,0,4
1495,Stygian Greaves α+,11,legs,both,1,1,0,160,184,204,2,-4,-5,0,4
1496,Stygian Helm β+,11,head,both,4,1,0,160,184,204,2,-4,-5,0,4
1497,Stygian Mail β+,11,chest,both,4,0,0,160,184,204,2,-4,-5,0,4
1498,Stygian Vambraces β+,11,arms,both,4,3,0,160,184,204,2,-4,-5,0,4
1499,Stygian Coil β+,11,waist,both,4,1,1,160,184,204,2,-4,-5,0,4
1500,Stygian Greaves β+,11,legs,both,4,1,0,160,184,204,2,-4,-5,0,4
1501,Safi Crested Crown α+,12,head,both,2,1,1,168,186,206,2,1,1,1,-1
1502,Safi Crested Chest α+,12,chest,both,3,2,0,168,186,206,2,1,1,1,-1
1503,Safi Crested Vambraces α+,12,arms,both,2,2,2,168,186,206,2,1,1,1,-1
1504,Safi Crested Belt α+,12,waist,both,3,0,0,168,186,206,2,1,1,1,-1
1505,Safi Crested Boots α+,12,legs,both,3,2,1,168,186,206,2,1,1,1,-1
1506,Safi Crested Crown β+,12,head,both,4,1,1,168,186,206,2,1,1,1,-1
1507,Safi Crested Chest β+,12,chest,both,4,2,0,168,186,206,2,1,1,1,-1
1508,Safi Crested Vambraces β+,12,arms,both,4,2,2,168,186,206,2,1,1,1,-1
1509,Safi Crested Belt β+,12,waist,both,4,1,0,168,186,206,2,1,1,1,-1
1510,Safi Crested Boots β+,12,legs,both,4,2,1,168,186,206,2,1,1,1,-1
1511,Brachydium Helm α+,12,head,both,2,2,1,170,188,208,3,-2,1,-3,1
1512,Brachydium Mail α+,12,chest,both,2,1,1,170,188,208,3,-2,1,-3,1
1513,Brachydium Braces α+,12,arms,both,2,2,0,170,188,208,3,-2,1,-3,1
1514,Brachydium Faulds α+,12,waist,both,3,0,0,170,188,208,3,-2,1,-3,1
1515,Brachydium Greaves α+,12,legs,both,3,1,0,170,188,208,3,-2,1,-3,1
1516,Brachydium Helm β+,12,head,both,4,4,1,170,188,208,3,-2,1,-3,1
1517,Brachydium Mail β+,12,chest,both,4,2,1,170,188,208,3,-2,1,-3,1
1518,Brachydium Braces β+,12,arms,both,4,4,0,170,188,208,3,-2,1,-3,1
1519,Brachydium Faulds β+,12,waist,both,4,1,0,170,188,208,3,-2,1,-3,1
1520,Brachydium Greaves β+,12,legs,both,4,1,1,170,188,208,3,-2,1,-3,1
1457,Oolong Hair α+,9,head,both,4,0,0,120,158,178,1,1,1,4,1
1458,Oolong Vest α+,9,chest,both,4,0,0,120,158,178,1,1,1,4,1
1459,Oolong Sleeves α+,9,arms,both,4,0,0,120,158,178,1,1,1,4,1
1460,Oolong Waist α+,9,waist,both,1,1,0,120,158,178,1,1,1,4,1
1461,Oolong Boots α+,9,legs,both,4,2,0,120,158,178,1,1,1,4,1
1462,Astral Veil α+,9,head,both,4,0,0,140,178,198,2,2,2,2,2
1463,Astral Cloth α+,9,chest,both,1,0,0,140,178,198,2,2,2,2,2
1464,Astral Scarf α+,9,arms,both,4,1,1,140,178,198,2,2,2,2,2
1465,Astral Skirt α+,9,waist,both,4,1,0,140,178,198,2,2,2,2,2
1466,Astral Tights α+,9,legs,both,1,0,0,140,178,198,2,2,2,2,2
1521,Rose Headpiece α+,10,head,both,3,2,1,150,182,202,4,1,1,1,1
1522,Rose Jacket α+,10,chest,both,4,0,0,150,182,202,4,1,1,1,1
1523,Rose Arms α+,10,arms,both,4,0,0,150,182,202,4,1,1,1,1
1524,Rose Belt α+,10,waist,both,4,1,0,150,182,202,4,1,1,1,1
1525,Rose Boots α+,10,legs,both,4,1,0,150,182,202,4,1,1,1,1
1467,Pearlspring α+,9,head,both,2,1,0,120,158,178,0,0,0,5,0
1468,Duffel Penguin Mask α+,9,head,both,4,0,0,138,176,196,-1,3,0,4,0
1469,Sealed Dragon Cloth α+,12,head,both,4,4,0,152,170,190,-3,0,0,1,5
1470,Wyverian Ears α+,9,head,both,4,0,0,140,178,198,1,1,1,1,5
